timestamp,open,high,low,close,volume
2024-02-05 23:00:00,94.75,95.92,94.56,95.65,22649.318
2024-02-06 00:00:00,95.65,95.97,95.42,95.58,18191.383
2024-02-06 01:00:00,95.58,96.18,95.21,95.83,23792.721
2024-02-06 02:00:00,95.83,96.74,95.64,96.43,17388.315
2024-02-06 03:00:00,96.43,96.81,95.64,96.02,34391.378
2024-02-06 04:00:00,96.02,96.1,95.39,95.44,18288.246
2024-02-06 05:00:00,95.44,95.63,94.9,95.52,25080.615
2024-02-06 06:00:00,95.52,95.7,95.24,95.52,10374.974
2024-02-06 07:00:00,95.52,95.94,95.28,95.77,20836.18
2024-02-06 08:00:00,95.77,96.25,95.67,96.22,30051.103
2024-02-06 09:00:00,96.22,96.35,95.75,96.12,14731.301
2024-02-06 10:00:00,96.12,96.14,93.17,93.96,118827.051
2024-02-06 11:00:00,93.96,94.86,93.0,94.32,67540.958
2024-02-06 12:00:00,94.32,94.89,93.3,94.26,54938.339
2024-02-06 13:00:00,94.26,94.79,93.72,93.85,42121.008
2024-02-06 14:00:00,93.85,95.12,93.85,94.22,31484.042
2024-02-06 15:00:00,94.22,95.87,94.12,95.76,37569.479
2024-02-06 16:00:00,95.76,96.11,95.21,95.26,32755.168
2024-02-06 17:00:00,95.26,95.9,95.14,95.89,15528.238
2024-02-06 18:00:00,95.89,96.59,95.33,96.38,26326.157
2024-02-06 19:00:00,96.38,97.68,96.1,97.57,63078.651
2024-02-06 20:00:00,97.57,97.91,97.15,97.27,39022.001
2024-02-06 21:00:00,97.27,97.42,96.85,97.01,21123.433
2024-02-06 22:00:00,97.01,97.84,96.74,97.45,18237.569
2024-02-06 23:00:00,97.45,97.59,96.79,96.87,21238.598
2024-02-07 00:00:00,96.87,97.38,96.77,97.03,12461.59
2024-02-07 01:00:00,97.03,97.47,96.91,97.11,12032.953
2024-02-07 02:00:00,97.11,97.19,96.32,96.38,15491.542
2024-02-07 03:00:00,96.38,96.49,95.49,95.5,25806.725
2024-02-07 04:00:00,95.5,95.8,95.01,95.52,22190.596
2024-02-07 05:00:00,95.52,96.19,95.09,95.93,20335.266
2024-02-07 06:00:00,95.93,96.0,95.61,95.9,12443.372
2024-02-07 07:00:00,95.9,96.01,95.31,95.59,10519.125
2024-02-07 08:00:00,95.59,95.7,95.21,95.29,11850.961
2024-02-07 09:00:00,95.29,96.03,94.91,95.79,22737.637
2024-02-07 10:00:00,95.79,95.79,94.61,95.01,22127.825
2024-02-07 11:00:00,95.01,95.54,94.94,95.15,11602.636
2024-02-07 12:00:00,95.15,95.76,95.11,95.56,16274.839
2024-02-07 13:00:00,95.56,95.73,95.15,95.35,21821.028
2024-02-07 14:00:00,95.35,96.29,95.27,95.56,33460.784
2024-02-07 15:00:00,95.56,96.66,95.3,96.27,34114.381
2024-02-07 16:00:00,96.27,97.27,96.15,97.25,35458.123
2024-02-07 17:00:00,97.25,98.14,97.01,97.43,65775.78
2024-02-07 18:00:00,97.43,97.64,96.95,97.51,30089.694
2024-02-07 19:00:00,97.51,97.79,96.95,97.1,32569.219
2024-02-07 20:00:00,97.1,98.65,97.09,98.29,80687.253
2024-02-07 21:00:00,98.29,100.91,98.23,100.61,106041.729
2024-02-07 22:00:00,100.61,101.07,100.41,100.95,46739.798
2024-02-07 23:00:00,100.95,101.59,100.73,101.14,35045.779
2024-02-08 00:00:00,101.14,102.22,100.92,101.94,93138.74
2024-02-08 01:00:00,101.94,102.44,101.2,102.19,42753.927
2024-02-08 02:00:00,102.19,102.55,101.74,102.03,27285.545
2024-02-08 03:00:00,102.03,102.42,101.58,101.75,21902.488
2024-02-08 04:00:00,101.75,102.05,101.57,101.72,20703.417
2024-02-08 05:00:00,101.72,101.8,101.22,101.26,23789.39
2024-02-08 06:00:00,101.26,101.53,100.5,100.71,39837.779
2024-02-08 07:00:00,100.71,101.17,100.53,100.82,19215.17
2024-02-08 08:00:00,100.82,102.06,100.78,102.01,23522.03
2024-02-08 09:00:00,102.01,102.32,101.37,101.76,34804.911
2024-02-08 10:00:00,101.76,102.13,101.59,101.89,26668.728
2024-02-08 11:00:00,101.89,101.98,100.95,101.25,24852.662
2024-02-08 12:00:00,101.25,101.74,101.01,101.28,18849.927
2024-02-08 13:00:00,101.28,103.99,101.25,103.49,97562.893
2024-02-08 14:00:00,103.49,104.95,103.31,104.35,139731.625
2024-02-08 15:00:00,104.35,104.93,104.02,104.84,48240.131
2024-02-08 16:00:00,104.84,104.93,102.11,102.94,85657.7
2024-02-08 17:00:00,102.94,103.44,102.23,102.42,67518.027
2024-02-08 18:00:00,102.42,102.88,101.75,102.71,61461.093
2024-02-08 19:00:00,102.71,103.0,102.09,102.3,59041.142
2024-02-08 20:00:00,102.3,103.14,102.28,102.97,37963.988
2024-02-08 21:00:00,102.97,103.4,102.53,102.73,39798.384
2024-02-08 22:00:00,102.73,102.99,102.35,102.63,29466.613
2024-02-08 23:00:00,102.63,103.23,102.6,102.77,19864.292
2024-02-09 00:00:00,102.77,103.71,102.77,103.31,37468.817
2024-02-09 01:00:00,103.31,104.02,103.11,103.97,26399.85
2024-02-09 02:00:00,103.97,105.8,103.81,105.64,77837.318
2024-02-09 03:00:00,105.64,105.78,104.24,104.35,51666.335
2024-02-09 04:00:00,104.35,104.83,103.79,104.38,30914.272
2024-02-09 05:00:00,104.38,105.08,104.13,105.05,26650.818
2024-02-09 06:00:00,105.05,105.07,104.44,104.78,18293.198
2024-02-09 07:00:00,104.78,105.75,104.73,105.28,37019.862
2024-02-09 08:00:00,105.28,106.24,105.15,106.23,41082.166
2024-02-09 09:00:00,106.23,106.42,104.78,105.27,75734.313
2024-02-09 10:00:00,105.27,105.62,105.02,105.5,36593.608
2024-02-09 11:00:00,105.5,106.16,104.24,105.89,110127.388
2024-02-09 12:00:00,105.89,107.0,105.32,105.72,113281.051
2024-02-09 13:00:00,105.72,105.96,104.9,105.92,97572.414
2024-02-09 14:00:00,105.92,106.52,104.46,104.92,108224.901
2024-02-09 15:00:00,104.92,105.79,103.99,105.65,85060.672
2024-02-09 16:00:00,105.65,106.01,104.25,104.96,74541.883
2024-02-09 17:00:00,104.96,105.51,104.71,105.29,32525.793
2024-02-09 18:00:00,105.29,106.52,105.15,105.73,68316.795
2024-02-09 19:00:00,105.73,105.96,104.86,105.0,48195.063
2024-02-09 20:00:00,105.0,105.48,104.84,105.13,32453.122
2024-02-09 21:00:00,105.13,109.04,105.07,108.94,104922.017
2024-02-09 22:00:00,108.94,109.16,107.68,107.89,84951.079
2024-02-09 23:00:00,107.89,108.25,106.74,106.95,55858.327
2024-02-10 00:00:00,106.95,108.21,106.89,107.6,43525.239
2024-02-10 01:00:00,107.6,109.11,107.4,108.81,35793.602
2024-02-10 02:00:00,108.81,109.92,108.75,109.31,46649.749
2024-02-10 03:00:00,109.31,110.72,109.27,110.71,53042.119
2024-02-10 04:00:00,110.71,110.89,109.81,110.18,38787.256
2024-02-10 05:00:00,110.18,110.51,109.87,110.11,40961.347
2024-02-10 06:00:00,110.11,110.13,108.77,108.97,32706.597
2024-02-10 07:00:00,108.97,109.31,108.69,108.89,24301.985
2024-02-10 08:00:00,108.89,109.65,108.19,108.22,35477.449
2024-02-10 09:00:00,108.22,109.21,108.16,109.0,61116.385
2024-02-10 10:00:00,109.0,109.08,107.23,107.38,68559.541
2024-02-10 11:00:00,107.38,108.41,107.25,108.14,35976.549
2024-02-10 12:00:00,108.14,108.19,107.45,107.81,21949.978
2024-02-10 13:00:00,107.81,108.09,107.16,108.05,30353.436
2024-02-10 14:00:00,108.05,108.71,107.98,108.28,30495.986
2024-02-10 15:00:00,108.28,108.91,108.2,108.53,24190.297
2024-02-10 16:00:00,108.53,108.71,107.93,108.45,14938.585
2024-02-10 17:00:00,108.45,108.69,107.76,107.84,15801.388
2024-02-10 18:00:00,107.84,109.53,107.8,109.21,22337.178
2024-02-10 19:00:00,109.21,109.59,108.88,109.17,24047.522
2024-02-10 20:00:00,109.17,110.45,108.71,109.31,38614.872
2024-02-10 21:00:00,109.31,110.32,109.09,109.86,30163.406
2024-02-10 22:00:00,109.86,110.01,108.62,109.37,32074.616
2024-02-10 23:00:00,109.37,109.87,108.7,109.01,18571.729
2024-02-11 00:00:00,109.01,109.21,108.3,108.89,27257.827
2024-02-11 01:00:00,108.89,108.93,107.76,108.21,28447.125
2024-02-11 02:00:00,108.21,108.55,107.74,108.08,41007.582
2024-02-11 03:00:00,108.08,109.79,108.03,109.44,32623.11
2024-02-11 04:00:00,109.44,110.0,109.0,109.26,35795.951
2024-02-11 05:00:00,109.26,109.46,108.72,109.0,38713.661
2024-02-11 06:00:00,109.0,109.44,108.8,109.3,12919.982
2024-02-11 07:00:00,109.3,109.74,108.78,109.23,23596.64
2024-02-11 08:00:00,109.23,109.52,108.92,109.06,21574.846
2024-02-11 09:00:00,109.06,110.22,109.03,109.97,39612.327
2024-02-11 10:00:00,109.97,110.33,108.54,109.33,52953.512
2024-02-11 11:00:00,109.33,109.88,109.08,109.71,20217.111
2024-02-11 12:00:00,109.71,110.67,109.54,109.62,39230.546
2024-02-11 13:00:00,109.62,109.87,109.09,109.16,24912.584
2024-02-11 14:00:00,109.16,109.55,108.68,109.53,31203.609
2024-02-11 15:00:00,109.53,109.54,108.73,108.81,19042.622
2024-02-11 16:00:00,108.81,108.96,108.08,108.43,32775.878
2024-02-11 17:00:00,108.43,109.12,108.33,108.91,18381.873
2024-02-11 18:00:00,108.91,108.92,107.67,108.38,38076.146
2024-02-11 19:00:00,108.38,108.66,108.03,108.19,20118.664
2024-02-11 20:00:00,108.19,108.79,107.11,107.34,53120.42
2024-02-11 21:00:00,107.34,107.82,107.32,107.37,19386.277
2024-02-11 22:00:00,107.37,107.81,107.25,107.54,13837.901
2024-02-11 23:00:00,107.54,107.66,107.25,107.47,14933.077
2024-02-12 00:00:00,107.47,109.35,107.39,108.63,40179.79
2024-02-12 01:00:00,108.63,108.66,107.65,108.01,20911.573
2024-02-12 02:00:00,108.01,108.19,104.53,105.86,134861.222
2024-02-12 03:00:00,105.86,106.65,105.46,106.27,52845.62
2024-02-12 04:00:00,106.27,106.27,105.5,105.58,20996.042
2024-02-12 05:00:00,105.58,106.05,105.33,105.45,18141.155
2024-02-12 06:00:00,105.45,105.86,104.61,105.41,32765.883
2024-02-12 07:00:00,105.41,106.42,105.41,105.94,32466.588
2024-02-12 08:00:00,105.94,106.35,105.41,105.72,19440.166
2024-02-12 09:00:00,105.72,105.8,104.58,104.73,31312.808
2024-02-12 10:00:00,104.73,105.24,104.28,104.54,35183.673
2024-02-12 11:00:00,104.54,104.66,103.41,104.23,91944.568
2024-02-12 12:00:00,104.23,104.85,103.83,104.49,29299.927
2024-02-12 13:00:00,104.49,104.71,104.15,104.5,14975.106
2024-02-12 14:00:00,104.5,106.77,104.46,106.66,55061.025
2024-02-12 15:00:00,106.66,109.0,106.16,108.87,95034.533
2024-02-12 16:00:00,108.87,109.23,107.54,108.72,66056.37
2024-02-12 17:00:00,108.72,110.84,108.54,109.73,127218.958
2024-02-12 18:00:00,109.73,110.64,109.46,109.64,52023.581
2024-02-12 19:00:00,109.64,111.35,109.54,109.77,83664.623
2024-02-12 20:00:00,109.77,110.92,109.67,110.9,30359.481
2024-02-12 21:00:00,110.9,111.73,109.99,110.25,50055.449
2024-02-12 22:00:00,110.25,111.58,110.23,111.56,17450.342
2024-02-12 23:00:00,111.56,112.21,110.98,111.64,41625.988
2024-02-13 00:00:00,111.64,114.99,111.64,113.97,104115.149
2024-02-13 01:00:00,113.97,114.48,113.42,114.24,40894.963
2024-02-13 02:00:00,114.24,114.42,113.08,113.54,37686.737
2024-02-13 03:00:00,113.54,114.04,112.76,113.01,42103.811
2024-02-13 04:00:00,113.01,114.26,112.98,113.82,24826.867
2024-02-13 05:00:00,113.82,114.18,113.61,114.15,17936.683
2024-02-13 06:00:00,114.15,114.62,113.62,113.79,24478.528
2024-02-13 07:00:00,113.79,114.41,113.47,114.02,24985.275
2024-02-13 08:00:00,114.02,115.2,113.8,114.62,49000.54
2024-02-13 09:00:00,114.62,114.79,113.96,114.7,34211.466
2024-02-13 10:00:00,114.7,114.7,113.3,113.47,30337.106
2024-02-13 11:00:00,113.47,114.12,112.86,114.12,42191.554
2024-02-13 12:00:00,114.12,114.22,113.24,113.54,22113.963
2024-02-13 13:00:00,113.54,113.93,110.75,112.13,139548.043
2024-02-13 14:00:00,112.13,112.6,108.85,109.89,200223.783
2024-02-13 15:00:00,109.89,111.12,109.08,110.32,67254.764
2024-02-13 16:00:00,110.32,110.64,108.41,108.51,62817.334
2024-02-13 17:00:00,108.51,110.33,108.0,110.22,50971.179
2024-02-13 18:00:00,110.22,112.01,110.12,111.39,44448.094
2024-02-13 19:00:00,111.39,112.33,110.89,111.51,33035.397
2024-02-13 20:00:00,111.51,113.0,111.45,112.57,45729.5
2024-02-13 21:00:00,112.57,113.77,112.23,112.96,57261.724
2024-02-13 22:00:00,112.96,113.38,111.83,112.06,29913.451
2024-02-13 23:00:00,112.06,112.66,111.6,112.48,24293.429
2024-02-14 00:00:00,112.48,112.52,110.67,111.18,29359.651
2024-02-14 01:00:00,111.18,111.86,110.61,111.25,48701.842
2024-02-14 02:00:00,111.25,111.59,110.75,111.19,20484.3
2024-02-14 03:00:00,111.19,112.08,111.12,111.86,15680.749
2024-02-14 04:00:00,111.86,112.11,111.21,111.61,15426.088
2024-02-14 05:00:00,111.61,113.27,111.57,112.89,21367.204
2024-02-14 06:00:00,112.89,112.98,112.34,112.51,16265.286
2024-02-14 07:00:00,112.51,113.32,112.5,113.05,23759.111
2024-02-14 08:00:00,113.05,114.8,112.77,114.73,58747.452
2024-02-14 09:00:00,114.73,116.31,114.43,116.03,110930.898
2024-02-14 10:00:00,116.03,116.22,114.89,115.35,43131.013
2024-02-14 11:00:00,115.35,115.96,114.3,115.67,44622.983
2024-02-14 12:00:00,115.67,116.12,115.03,115.42,46318.952
2024-02-14 13:00:00,115.42,118.17,115.39,118.03,132366.066
2024-02-14 14:00:00,118.03,118.72,117.29,117.91,85804.261
2024-02-14 15:00:00,117.91,118.09,115.89,116.88,69447.047
2024-02-14 16:00:00,116.88,117.0,115.65,116.12,48120.611
2024-02-14 17:00:00,116.12,116.73,115.31,115.86,43832.199
2024-02-14 18:00:00,115.86,116.0,115.08,115.64,39837.074
2024-02-14 19:00:00,115.64,116.54,115.2,116.09,46787.096
2024-02-14 20:00:00,116.09,116.74,115.96,116.28,28908.339
2024-02-14 21:00:00,116.28,116.97,115.99,116.96,24055.783
2024-02-14 22:00:00,116.96,117.28,116.46,117.12,21074.776
2024-02-14 23:00:00,117.12,117.34,116.72,117.01,22282.437
2024-02-15 00:00:00,117.01,118.39,116.91,117.98,48059.958
2024-02-15 01:00:00,117.98,118.04,115.91,116.49,52961.626
2024-02-15 02:00:00,116.49,117.29,116.37,116.68,24054.497
2024-02-15 03:00:00,116.68,117.62,116.64,117.22,28935.798
2024-02-15 04:00:00,117.22,117.27,116.17,116.3,26929.606
2024-02-15 05:00:00,116.3,116.56,114.95,115.39,50331.711
2024-02-15 06:00:00,115.39,115.75,114.61,114.96,39701.401
2024-02-15 07:00:00,114.96,115.79,114.76,115.03,24746.72
2024-02-15 08:00:00,115.03,115.67,114.71,115.57,23605.189
2024-02-15 09:00:00,115.57,116.36,115.35,116.33,28127.524
2024-02-15 10:00:00,116.33,117.01,116.19,116.64,40306.729
2024-02-15 11:00:00,116.64,116.91,115.61,116.06,42243.826
2024-02-15 12:00:00,116.06,116.72,115.12,115.99,49063.588
2024-02-15 13:00:00,115.99,116.38,115.25,116.03,38797.812
2024-02-15 14:00:00,116.03,117.29,115.53,116.83,68416.278
2024-02-15 15:00:00,116.83,117.11,112.96,114.06,174631.782
2024-02-15 16:00:00,114.06,115.05,112.88,114.16,85791.099
2024-02-15 17:00:00,114.16,114.47,113.25,113.35,33852.529
2024-02-15 18:00:00,113.35,114.07,113.01,113.61,37869.483
2024-02-15 19:00:00,113.61,114.41,113.14,114.0,39253.332
2024-02-15 20:00:00,114.0,114.39,112.91,113.11,44528.184
2024-02-15 21:00:00,113.11,113.75,111.6,111.97,70311.44
2024-02-15 22:00:00,111.97,113.08,111.45,112.01,38492.896
2024-02-15 23:00:00,112.01,113.68,111.81,113.52,35611.126
2024-02-16 00:00:00,113.52,113.72,112.15,113.29,58690.778
2024-02-16 01:00:00,113.29,113.56,112.41,113.4,75710.759
2024-02-16 02:00:00,113.4,114.12,112.94,114.01,48947.966
2024-02-16 03:00:00,114.01,114.23,113.44,113.84,25987.436
2024-02-16 04:00:00,113.84,113.99,113.06,113.3,20572.917
2024-02-16 05:00:00,113.3,113.36,112.9,113.12,20728.103
2024-02-16 06:00:00,113.12,113.4,112.37,112.56,23632.724
2024-02-16 07:00:00,112.56,112.75,111.19,111.46,54437.877
2024-02-16 08:00:00,111.46,112.16,110.77,111.09,53224.206
2024-02-16 09:00:00,111.09,111.6,109.87,111.19,87694.951
2024-02-16 10:00:00,111.19,112.44,110.84,112.39,46418.558
2024-02-16 11:00:00,112.39,112.68,111.82,112.1,34435.451
2024-02-16 12:00:00,112.1,113.18,111.66,113.04,37188.239
2024-02-16 13:00:00,113.04,113.13,111.69,112.3,44628.642
2024-02-16 14:00:00,112.3,112.48,109.07,109.77,154311.479
2024-02-16 15:00:00,109.77,109.77,107.82,109.67,160988.885
2024-02-16 16:00:00,109.67,110.43,108.82,109.33,56249.818
2024-02-16 17:00:00,109.33,109.5,108.71,108.95,30596.939
2024-02-16 18:00:00,108.95,109.4,108.16,109.25,41165.151
2024-02-16 19:00:00,109.25,109.73,108.25,108.65,34915.907
2024-02-16 20:00:00,108.65,109.48,108.34,109.47,33033.069
2024-02-16 21:00:00,109.47,109.78,108.84,109.49,34054.729
2024-02-16 22:00:00,109.49,109.71,109.08,109.68,23743.658
2024-02-16 23:00:00,109.68,110.73,109.58,110.32,33315.323
2024-02-17 00:00:00,110.32,111.05,110.08,110.53,30457.755
2024-02-17 01:00:00,110.53,110.8,109.18,109.78,21555.152
2024-02-17 02:00:00,109.78,109.97,109.23,109.73,12851.546
2024-02-17 03:00:00,109.73,110.08,109.15,109.89,17169.813
2024-02-17 04:00:00,109.89,109.97,109.26,109.35,14867.189
2024-02-17 05:00:00,109.35,109.5,108.6,109.47,24748.966
2024-02-17 06:00:00,109.47,109.83,109.32,109.62,18090.36
2024-02-17 07:00:00,109.62,110.43,109.52,110.33,16230.514
2024-02-17 08:00:00,110.33,110.83,109.0,109.29,44950.079
2024-02-17 09:00:00,109.29,109.51,108.39,108.68,41027.893
2024-02-17 10:00:00,108.68,109.29,108.35,109.28,45671.98
2024-02-17 11:00:00,109.28,109.77,109.1,109.39,24647.165
2024-02-17 12:00:00,109.39,109.55,108.96,108.96,21985.049
2024-02-17 13:00:00,108.96,108.99,106.65,106.9,146360.473
2024-02-17 14:00:00,106.9,107.26,105.56,106.97,142486.875
2024-02-17 15:00:00,106.97,107.6,106.25,107.2,43063.328
2024-02-17 16:00:00,107.2,107.38,106.47,106.98,32047.298
2024-02-17 17:00:00,106.98,107.87,106.97,107.69,27225.392
2024-02-17 18:00:00,107.69,107.73,107.24,107.5,18403.368
2024-02-17 19:00:00,107.5,108.06,107.29,108.0,17008.373
2024-02-17 20:00:00,108.0,108.47,107.73,108.37,22215.992
2024-02-17 21:00:00,108.37,109.66,108.01,109.26,34671.54
2024-02-17 22:00:00,109.26,109.63,109.03,109.24,27408.478
2024-02-17 23:00:00,109.24,109.3,108.79,108.91,15779.715
2024-02-18 00:00:00,108.91,109.77,108.62,109.17,22269.622
2024-02-18 01:00:00,109.17,109.53,108.06,108.27,24672.87
2024-02-18 02:00:00,108.27,108.58,107.48,107.71,41766.31
2024-02-18 03:00:00,107.71,108.39,107.58,108.37,25235.557
2024-02-18 04:00:00,108.37,109.17,108.36,108.96,25032.39
2024-02-18 05:00:00,108.96,109.66,108.9,109.48,20103.414
2024-02-18 06:00:00,109.48,109.59,108.03,108.55,22207.486
2024-02-18 07:00:00,108.55,109.57,108.28,109.22,24860.189
2024-02-18 08:00:00,109.22,109.41,108.81,109.33,17584.353
2024-02-18 09:00:00,109.33,110.97,109.32,110.87,62036.471
2024-02-18 10:00:00,110.87,113.08,110.83,111.48,129060.123
2024-02-18 11:00:00,111.48,112.2,111.04,111.78,47801.212
2024-02-18 12:00:00,111.78,112.1,110.68,110.83,37099.706
2024-02-18 13:00:00,110.83,111.43,110.77,111.25,25652.431
2024-02-18 14:00:00,111.25,112.68,111.25,112.13,34108.677
2024-02-18 15:00:00,112.13,112.42,111.77,112.33,22033.833
2024-02-18 16:00:00,112.33,113.21,111.71,112.61,44085.771
2024-02-18 17:00:00,112.61,114.03,112.59,113.22,74975.593
2024-02-18 18:00:00,113.22,113.61,112.62,113.43,29150.833
2024-02-18 19:00:00,113.43,113.59,112.49,112.73,25129.957
2024-02-18 20:00:00,112.73,113.17,111.85,112.39,28976.874
2024-02-18 21:00:00,112.39,113.46,112.38,113.05,27095.352
2024-02-18 22:00:00,113.05,113.64,112.15,112.8,30102.666
2024-02-18 23:00:00,112.8,113.19,111.93,112.21,34515.241
2024-02-19 00:00:00,112.21,112.92,112.02,112.37,41222.065
2024-02-19 01:00:00,112.37,112.39,111.63,112.21,42793.596
2024-02-19 02:00:00,112.21,112.45,111.52,112.09,25875.74
2024-02-19 03:00:00,112.09,112.22,111.21,111.67,23816.0
2024-02-19 04:00:00,111.67,112.24,111.37,111.96,14645.633
2024-02-19 05:00:00,111.96,112.0,111.15,111.78,22798.674
2024-02-19 06:00:00,111.78,113.07,111.72,112.44,30321.227
2024-02-19 07:00:00,112.44,113.64,112.2,113.21,25869.765
2024-02-19 08:00:00,113.21,113.36,111.61,111.69,23275.633
2024-02-19 09:00:00,111.69,112.53,111.67,111.86,22310.097
2024-02-19 10:00:00,111.86,112.26,110.78,111.93,44821.442
2024-02-19 11:00:00,111.93,112.95,111.8,112.66,31691.52
2024-02-19 12:00:00,112.66,112.77,111.8,111.88,33935.142
2024-02-19 13:00:00,111.88,114.86,111.7,112.97,154215.388
2024-02-19 14:00:00,112.97,113.31,112.21,113.23,49819.17
2024-02-19 15:00:00,113.23,114.86,113.23,113.7,76754.308
2024-02-19 16:00:00,113.7,114.14,112.36,112.67,72284.887
2024-02-19 17:00:00,112.67,113.67,112.27,112.61,55314.726
2024-02-19 18:00:00,112.61,112.78,111.88,111.96,49391.953
2024-02-19 19:00:00,111.96,112.3,111.47,111.94,34795.177
2024-02-19 20:00:00,111.94,112.44,111.5,112.09,22345.164
2024-02-19 21:00:00,112.09,112.87,112.0,112.79,16908.153
2024-02-19 22:00:00,112.79,113.07,111.85,112.09,26700.884
2024-02-19 23:00:00,112.09,112.29,111.02,111.54,35428.602
2024-02-20 00:00:00,111.54,112.13,110.65,110.73,47043.341
2024-02-20 01:00:00,110.73,111.11,109.06,109.75,73518.99
2024-02-20 02:00:00,109.75,110.39,109.57,110.23,20722.477
2024-02-20 03:00:00,110.23,110.39,109.42,109.49,18461.287
2024-02-20 04:00:00,109.49,110.41,109.03,110.37,31542.211
2024-02-20 05:00:00,110.37,110.89,110.29,110.8,22149.611
2024-02-20 06:00:00,110.8,111.08,110.49,110.79,23200.694
2024-02-20 07:00:00,110.79,110.86,108.45,109.44,74980.121
2024-02-20 08:00:00,109.44,109.58,108.37,109.28,45503.896
2024-02-20 09:00:00,109.28,109.5,108.07,108.97,58072.614
2024-02-20 10:00:00,108.97,110.04,108.88,109.99,35468.95
2024-02-20 11:00:00,109.99,110.82,109.66,110.41,44358.884
2024-02-20 12:00:00,110.41,110.72,109.0,109.09,83591.203
2024-02-20 13:00:00,109.09,110.74,108.84,110.62,105081.907
2024-02-20 14:00:00,110.62,110.69,106.26,107.71,215956.589
2024-02-20 15:00:00,107.71,107.84,102.62,106.61,265459.274
2024-02-20 16:00:00,106.61,107.6,105.62,105.98,89804.762
2024-02-20 17:00:00,105.98,106.26,104.66,105.44,117902.219
2024-02-20 18:00:00,105.44,106.65,105.13,106.25,52919.962
2024-02-20 19:00:00,106.25,107.43,105.9,107.34,48633.408
2024-02-20 20:00:00,107.34,107.59,106.73,107.56,55288.793
2024-02-20 21:00:00,107.56,107.84,107.16,107.43,31221.841
2024-02-20 22:00:00,107.43,109.03,107.43,108.84,28619.287
2024-02-20 23:00:00,108.84,109.7,108.27,108.32,31520.209
2024-02-21 00:00:00,108.32,108.41,107.21,107.39,23554.201
2024-02-21 01:00:00,107.39,108.25,106.95,107.13,27354.688
2024-02-21 02:00:00,107.13,107.34,106.43,106.79,33112.621
2024-02-21 03:00:00,106.79,107.24,106.49,106.62,18411.912
2024-02-21 04:00:00,106.62,107.04,106.07,106.34,33709.374
2024-02-21 05:00:00,106.34,106.92,106.15,106.4,17771.248
2024-02-21 06:00:00,106.4,106.87,105.26,105.77,47835.153
2024-02-21 07:00:00,105.77,105.77,104.43,104.84,47920.205
2024-02-21 08:00:00,104.84,105.6,104.7,105.17,42963.104
2024-02-21 09:00:00,105.17,105.27,102.57,103.08,116588.345
2024-02-21 10:00:00,103.08,103.86,102.31,103.47,65794.896
2024-02-21 11:00:00,103.47,103.93,102.27,102.72,45857.242
2024-02-21 12:00:00,102.72,104.01,101.72,103.72,91356.617
2024-02-21 13:00:00,103.72,104.37,102.69,103.21,50323.51
2024-02-21 14:00:00,103.21,103.26,101.01,101.82,107662.035
2024-02-21 15:00:00,101.82,104.06,101.48,103.84,94944.062
2024-02-21 16:00:00,103.84,104.49,102.97,103.93,67534.622
2024-02-21 17:00:00,103.93,104.24,102.0,102.09,48405.849
2024-02-21 18:00:00,102.09,102.16,100.22,101.15,85193.785
2024-02-21 19:00:00,101.15,102.17,100.72,102.03,36525.509
2024-02-21 20:00:00,102.03,102.2,101.4,101.59,30581.741
2024-02-21 21:00:00,101.59,104.68,101.43,104.63,82887.018
2024-02-21 22:00:00,104.63,105.3,104.05,104.6,56670.299
2024-02-21 23:00:00,104.6,105.71,104.27,105.05,42184.113
2024-02-22 00:00:00,105.05,105.08,103.71,103.81,32252.922
2024-02-22 01:00:00,103.81,104.15,102.06,102.26,43299.156
2024-02-22 02:00:00,102.26,103.3,102.14,102.84,23676.588
2024-02-22 03:00:00,102.84,103.9,102.56,103.58,26578.398
2024-02-22 04:00:00,103.58,104.05,103.22,103.38,18208.365
2024-02-22 05:00:00,103.38,104.17,103.25,103.79,15842.358
2024-02-22 06:00:00,103.79,105.41,103.73,104.82,44898.004
2024-02-22 07:00:00,104.82,105.22,103.84,105.07,82763.948
2024-02-22 08:00:00,105.07,106.09,104.84,105.72,44472.431
2024-02-22 09:00:00,105.72,106.98,105.46,106.69,66915.532
2024-02-22 10:00:00,106.69,107.1,105.58,106.29,43853.358
2024-02-22 11:00:00,106.29,106.38,105.36,105.84,31044.54
2024-02-22 12:00:00,105.84,106.17,104.68,105.09,41109.878
2024-02-22 13:00:00,105.09,105.19,103.17,103.86,54650.915
2024-02-22 14:00:00,103.86,104.82,103.63,104.67,39351.137
2024-02-22 15:00:00,104.67,105.89,104.41,105.41,44250.253
2024-02-22 16:00:00,105.41,105.47,103.66,104.06,39382.447
2024-02-22 17:00:00,104.06,104.63,103.93,104.18,41012.51
2024-02-22 18:00:00,104.18,105.02,103.59,104.71,37096.72
2024-02-22 19:00:00,104.71,104.73,103.33,103.54,29373.968
2024-02-22 20:00:00,103.54,105.33,103.4,105.18,51370.326
2024-02-22 21:00:00,105.18,105.18,103.22,103.58,29223.756
2024-02-22 22:00:00,103.58,103.96,102.26,102.97,40124.45
2024-02-22 23:00:00,102.97,103.12,101.51,101.75,46286.791
2024-02-23 00:00:00,101.75,102.61,101.63,102.58,25645.089
2024-02-23 01:00:00,102.58,102.87,101.99,102.04,19258.799
2024-02-23 02:00:00,102.04,102.76,101.17,101.48,36442.409
2024-02-23 03:00:00,101.48,101.83,101.01,101.83,31023.682
2024-02-23 04:00:00,101.83,102.44,101.38,102.4,19975.991
2024-02-23 05:00:00,102.4,102.67,102.02,102.53,15323.094
2024-02-23 06:00:00,102.53,103.13,102.42,102.94,22087.665
2024-02-23 07:00:00,102.94,103.08,101.58,101.97,41307.452
2024-02-23 08:00:00,101.97,102.75,101.2,101.77,37447.979
2024-02-23 09:00:00,101.77,102.39,101.38,102.36,30731.846
2024-02-23 10:00:00,102.36,102.67,101.95,102.57,25652.001
2024-02-23 11:00:00,102.57,103.03,102.36,102.68,37054.299
2024-02-23 12:00:00,102.68,102.72,101.12,101.22,57494.871
2024-02-23 13:00:00,101.22,102.25,101.03,102.18,26517.294
2024-02-23 14:00:00,102.18,102.92,101.2,102.25,62397.025
2024-02-23 15:00:00,102.25,102.25,100.21,100.29,97120.228
2024-02-23 16:00:00,100.29,100.77,98.63,100.43,175938.465
2024-02-23 17:00:00,100.43,101.61,100.32,101.55,36744.405
2024-02-23 18:00:00,101.55,101.59,100.8,101.42,23047.384
2024-02-23 19:00:00,101.42,101.7,101.0,101.39,21264.907
2024-02-23 20:00:00,101.39,101.73,100.89,101.52,22290.742
2024-02-23 21:00:00,101.52,101.69,100.94,101.07,15577.635
2024-02-23 22:00:00,101.07,101.34,99.78,99.83,18418.127
2024-02-23 23:00:00,99.83,100.3,98.86,99.9,36743.626
2024-02-24 00:00:00,99.9,100.77,99.48,100.55,27186.408
2024-02-24 01:00:00,100.55,100.56,98.42,98.71,39455.755
2024-02-24 02:00:00,98.71,99.88,98.54,99.72,38919.509
2024-02-24 03:00:00,99.72,100.47,99.41,100.22,22853.106
2024-02-24 04:00:00,100.22,101.29,100.18,101.07,28214.04
2024-02-24 05:00:00,101.07,101.45,100.65,101.27,25461.413
2024-02-24 06:00:00,101.27,101.6,101.03,101.37,22520.231
2024-02-24 07:00:00,101.37,102.26,101.16,102.24,32746.037
2024-02-24 08:00:00,102.24,102.46,101.58,101.68,21073.524
2024-02-24 09:00:00,101.68,102.74,101.54,102.49,47246.087
2024-02-24 10:00:00,102.49,102.81,102.13,102.27,22312.651
2024-02-24 11:00:00,102.27,102.45,101.83,102.14,13978.476
2024-02-24 12:00:00,102.14,102.59,101.72,102.27,22004.125
2024-02-24 13:00:00,102.27,102.58,102.04,102.32,26611.85
2024-02-24 14:00:00,102.32,102.45,101.8,102.18,28593.142
2024-02-24 15:00:00,102.18,102.47,101.93,101.95,20552.877
2024-02-24 16:00:00,101.95,102.75,101.9,102.56,26752.593
2024-02-24 17:00:00,102.56,103.85,102.53,103.48,33828.524
2024-02-24 18:00:00,103.48,103.88,103.13,103.34,31469.965
2024-02-24 19:00:00,103.34,104.17,103.23,104.05,20531.016
2024-02-24 20:00:00,104.05,104.36,103.68,104.05,22747.882
2024-02-24 21:00:00,104.05,104.59,103.81,104.47,41794.59
2024-02-24 22:00:00,104.47,104.8,103.96,104.12,24875.912
2024-02-24 23:00:00,104.12,104.41,104.0,104.03,11121.894
2024-02-25 00:00:00,104.03,104.09,103.42,103.74,14518.615
2024-02-25 01:00:00,103.74,104.03,103.23,103.78,19786.579
2024-02-25 02:00:00,103.78,104.42,103.04,103.34,36201.021
2024-02-25 03:00:00,103.34,103.48,102.17,103.39,29457.537
2024-02-25 04:00:00,103.39,103.46,102.78,103.23,19970.929
2024-02-25 05:00:00,103.23,103.49,102.75,103.32,12448.947
2024-02-25 06:00:00,103.32,103.66,102.96,103.18,23837.455
2024-02-25 07:00:00,103.18,103.36,102.68,103.01,18126.65
2024-02-25 08:00:00,103.01,103.1,102.38,102.5,13877.31
2024-02-25 09:00:00,102.5,102.74,102.19,102.41,14019.95
2024-02-25 10:00:00,102.41,102.6,102.0,102.43,13251.871
2024-02-25 11:00:00,102.43,102.95,102.24,102.78,10720.242
2024-02-25 12:00:00,102.78,103.13,102.28,103.02,15595.764
2024-02-25 13:00:00,103.02,103.17,102.48,102.61,11547.753
2024-02-25 14:00:00,102.61,103.61,102.51,103.48,19595.12
2024-02-25 15:00:00,103.48,103.8,102.38,102.77,26436.56
2024-02-25 16:00:00,102.77,103.05,102.17,102.67,23641.5
2024-02-25 17:00:00,102.67,103.44,102.54,103.38,18553.59
2024-02-25 18:00:00,103.38,103.45,102.76,103.15,12932.362
2024-02-25 19:00:00,103.15,103.69,102.9,103.38,22865.565
2024-02-25 20:00:00,103.38,104.38,103.33,103.63,64205.876
2024-02-25 21:00:00,103.63,103.88,103.14,103.43,21776.65
2024-02-25 22:00:00,103.43,103.97,103.02,103.53,23081.598
2024-02-25 23:00:00,103.53,103.68,103.04,103.48,15534.072
2024-02-26 00:00:00,103.48,104.01,103.11,103.96,26070.729
2024-02-26 01:00:00,103.96,104.88,103.3,103.43,46564.049
2024-02-26 02:00:00,103.43,103.54,102.48,102.54,26721.619
2024-02-26 03:00:00,102.54,103.5,102.27,103.48,29800.885
2024-02-26 04:00:00,103.48,103.66,102.92,103.15,22250.681
2024-02-26 05:00:00,103.15,104.09,103.03,103.97,34966.655
2024-02-26 06:00:00,103.97,104.26,103.71,104.17,25998.442
2024-02-26 07:00:00,104.17,104.28,103.2,103.32,35841.404
2024-02-26 08:00:00,103.32,104.17,103.16,103.57,33444.063
2024-02-26 09:00:00,103.57,104.03,101.28,101.47,79248.857
2024-02-26 10:00:00,101.47,102.28,101.39,101.82,39283.87
2024-02-26 11:00:00,101.82,101.9,100.6,100.96,41346.825
2024-02-26 12:00:00,100.96,101.52,100.27,101.39,44887.539
2024-02-26 13:00:00,101.39,102.13,101.17,101.54,53067.526
2024-02-26 14:00:00,101.54,103.57,101.48,103.51,38411.339
2024-02-26 15:00:00,103.51,105.04,103.1,104.97,104295.263
2024-02-26 16:00:00,104.97,107.18,104.52,106.89,130644.812
2024-02-26 17:00:00,106.89,109.95,106.78,109.59,105386.457
2024-02-26 18:00:00,109.59,110.28,108.72,109.24,87191.67
2024-02-26 19:00:00,109.24,109.93,108.32,109.69,129442.622
2024-02-26 20:00:00,109.69,110.45,108.9,109.16,131649.984
2024-02-26 21:00:00,109.16,109.25,108.41,108.96,36291.783
2024-02-26 22:00:00,108.96,110.8,108.85,109.71,36096.471
2024-02-26 23:00:00,109.71,110.25,109.52,109.91,25774.034
2024-02-27 00:00:00,109.91,110.98,109.23,110.76,70068.357
2024-02-27 01:00:00,110.76,112.38,110.52,110.71,92151.905
2024-02-27 02:00:00,110.71,112.03,109.82,111.22,118102.778
2024-02-27 03:00:00,111.22,112.15,110.01,110.21,72848.151
2024-02-27 04:00:00,110.21,110.55,109.12,109.31,73449.173
2024-02-27 05:00:00,109.31,110.4,109.14,110.29,24369.375
2024-02-27 06:00:00,110.29,111.48,110.26,111.28,34341.24
2024-02-27 07:00:00,111.28,111.47,110.17,110.43,42176.416
2024-02-27 08:00:00,110.43,111.88,110.43,111.03,55223.802
2024-02-27 09:00:00,111.03,111.62,110.9,111.35,44552.226
2024-02-27 10:00:00,111.35,112.16,110.98,111.81,44357.965
2024-02-27 11:00:00,111.81,111.93,110.52,111.51,42720.756
2024-02-27 12:00:00,111.51,111.83,109.97,110.04,59058.276
2024-02-27 13:00:00,110.04,110.6,109.03,110.27,100739.351
2024-02-27 14:00:00,110.27,110.43,108.46,109.19,100548.656
2024-02-27 15:00:00,109.19,109.55,106.14,106.79,155063.611
2024-02-27 16:00:00,106.79,107.78,105.25,106.86,136878.873
2024-02-27 17:00:00,106.86,107.47,106.48,107.18,142763.688
2024-02-27 18:00:00,107.18,107.68,106.88,107.21,38458.192
2024-02-27 19:00:00,107.21,108.46,107.21,108.41,68353.268
2024-02-27 20:00:00,108.41,108.84,107.53,108.8,53587.428
2024-02-27 21:00:00,108.8,109.35,108.28,108.94,32409.782
2024-02-27 22:00:00,108.94,109.3,108.36,108.46,23229.454
2024-02-27 23:00:00,108.46,108.65,107.93,108.36,24556.068
2024-02-28 00:00:00,108.36,109.3,107.96,108.64,38115.356
2024-02-28 01:00:00,108.64,108.89,107.24,108.07,34876.923
2024-02-28 02:00:00,108.07,108.29,107.69,108.03,25249.909
2024-02-28 03:00:00,108.03,108.03,107.25,107.57,21354.025
2024-02-28 04:00:00,107.57,108.82,107.53,108.76,27176.412
2024-02-28 05:00:00,108.76,109.17,108.56,108.7,16893.19
2024-02-28 06:00:00,108.7,109.07,108.37,108.76,22568.271
2024-02-28 07:00:00,108.76,110.15,108.64,110.08,49091.795
2024-02-28 08:00:00,110.08,110.79,109.19,110.42,75328.02
2024-02-28 09:00:00,110.42,112.0,109.45,111.96,98114.781
2024-02-28 10:00:00,111.96,114.7,111.05,114.28,129610.37
2024-02-28 11:00:00,114.28,115.0,109.49,111.38,200633.416
2024-02-28 12:00:00,111.38,112.5,110.69,111.36,111375.776
2024-02-28 13:00:00,111.36,113.19,110.8,112.98,136862.382
2024-02-28 14:00:00,112.98,113.34,110.44,111.84,152436.953
2024-02-28 15:00:00,111.84,113.3,110.74,113.05,127744.755
2024-02-28 16:00:00,113.05,116.57,112.97,116.1,254753.973
2024-02-28 17:00:00,116.1,116.95,106.13,114.69,746995.986
2024-02-28 18:00:00,114.69,114.7,107.9,113.15,387065.794
2024-02-28 19:00:00,113.15,114.09,111.13,111.35,130171.419
2024-02-28 20:00:00,111.35,112.77,110.11,112.26,104815.94
2024-02-28 21:00:00,112.26,116.47,111.46,116.12,166321.67
2024-02-28 22:00:00,116.12,117.86,115.36,115.82,139856.981
2024-02-28 23:00:00,115.82,119.15,115.77,119.09,125893.968
2024-02-29 00:00:00,119.09,123.0,117.11,123.0,248827.907
2024-02-29 01:00:00,123.0,124.19,120.98,123.65,184920.615
2024-02-29 02:00:00,123.65,124.38,121.36,121.5,125143.366
2024-02-29 03:00:00,121.5,124.1,120.9,123.54,111547.803
2024-02-29 04:00:00,123.54,124.7,122.22,122.86,96201.076
2024-02-29 05:00:00,122.86,125.89,122.34,123.91,185251.541
2024-02-29 06:00:00,123.91,125.06,122.44,123.44,107885.245
2024-02-29 07:00:00,123.44,126.02,122.12,125.51,116874.654
2024-02-29 08:00:00,125.51,132.25,125.2,131.6,322556.289
2024-02-29 09:00:00,131.6,132.9,128.33,128.98,238699.612
2024-02-29 10:00:00,128.98,129.16,127.88,128.72,111368.169
2024-02-29 11:00:00,128.72,130.83,127.97,129.2,143761.333
2024-02-29 12:00:00,129.2,130.0,126.89,129.26,159598.479
2024-02-29 13:00:00,129.26,134.19,129.06,132.75,230914.903
2024-02-29 14:00:00,132.75,134.68,130.73,131.54,194599.017
2024-02-29 15:00:00,131.54,132.66,130.51,132.31,79675.397
2024-02-29 16:00:00,132.31,133.04,127.05,130.67,267710.522
2024-02-29 17:00:00,130.67,132.1,126.38,128.68,220163.403
2024-02-29 18:00:00,128.68,129.78,126.34,127.63,131802.147
2024-02-29 19:00:00,127.63,130.44,127.04,130.23,103804.176
2024-02-29 20:00:00,130.23,132.0,130.03,130.51,79906.47
2024-02-29 21:00:00,130.51,130.55,124.59,127.78,217327.466
2024-02-29 22:00:00,127.78,128.13,122.52,123.61,137824.658
2024-02-29 23:00:00,123.61,126.29,123.44,125.64,77897.305
2024-03-01 00:00:00,125.64,133.05,125.56,132.96,156517.156
2024-03-01 01:00:00,132.96,137.14,131.39,135.69,226797.913
2024-03-01 02:00:00,135.69,136.65,132.43,133.85,160715.755
2024-03-01 03:00:00,133.85,136.28,133.58,133.97,146419.418
2024-03-01 04:00:00,133.97,137.56,133.86,137.45,121149.382
2024-03-01 05:00:00,137.45,137.87,133.55,134.07,121007.243
2024-03-01 06:00:00,134.07,135.22,132.39,133.47,100199.142
2024-03-01 07:00:00,133.47,134.27,131.61,131.91,64666.449
2024-03-01 08:00:00,131.91,133.22,130.64,132.19,91261.549
2024-03-01 09:00:00,132.19,134.24,132.13,134.0,62179.272
2024-03-01 10:00:00,134.0,134.95,133.21,134.12,79985.599
2024-03-01 11:00:00,134.12,135.49,133.38,135.36,81977.487
2024-03-01 12:00:00,135.36,135.37,133.64,134.3,84743.709
2024-03-01 13:00:00,134.3,134.97,133.38,134.92,77218.939
2024-03-01 14:00:00,134.92,134.97,130.98,132.93,137840.38
2024-03-01 15:00:00,132.93,133.8,130.0,131.17,159105.196
2024-03-01 16:00:00,131.17,131.59,129.1,129.39,103758.304
2024-03-01 17:00:00,129.39,132.81,129.33,131.99,113217.131
2024-03-01 18:00:00,131.99,133.9,130.64,132.88,95935.449
2024-03-01 19:00:00,132.88,133.31,129.78,130.93,93440.934
2024-03-01 20:00:00,130.93,131.77,129.67,131.58,101236.436
2024-03-01 21:00:00,131.58,131.6,129.68,130.8,91730.717
2024-03-01 22:00:00,130.8,131.61,129.84,130.65,69810.024
2024-03-01 23:00:00,130.65,131.64,128.97,129.33,113436.523
2024-03-02 00:00:00,129.33,131.66,129.06,130.3,177783.913
2024-03-02 01:00:00,130.3,130.34,126.89,129.02,203013.211
2024-03-02 02:00:00,129.02,130.04,128.48,129.82,93378.619
2024-03-02 03:00:00,129.82,130.16,129.14,130.06,61756.281
2024-03-02 04:00:00,130.06,130.66,129.14,129.2,71510.211
2024-03-02 05:00:00,129.2,129.48,127.76,128.3,72916.072
2024-03-02 06:00:00,128.3,129.52,127.91,129.15,56837.771
2024-03-02 07:00:00,129.15,129.25,127.96,129.13,48299.947
2024-03-02 08:00:00,129.13,130.55,127.65,129.78,82356.398
2024-03-02 09:00:00,129.78,130.47,127.27,128.48,128831.307
2024-03-02 10:00:00,128.48,129.42,127.89,128.19,78339.993
2024-03-02 11:00:00,128.19,129.28,128.15,128.68,51727.99
2024-03-02 12:00:00,128.68,130.26,128.45,129.71,41388.636
2024-03-02 13:00:00,129.71,130.46,128.79,129.29,40517.919
2024-03-02 14:00:00,129.29,129.38,127.33,128.43,95545.382
2024-03-02 15:00:00,128.43,128.89,127.5,127.92,38484.797
2024-03-02 16:00:00,127.92,128.71,127.44,128.27,35570.584
2024-03-02 17:00:00,128.27,128.78,127.73,127.9,39066.814
2024-03-02 18:00:00,127.9,129.69,127.84,129.64,52864.902
2024-03-02 19:00:00,129.64,130.74,129.46,130.63,44777.564
2024-03-02 20:00:00,130.63,131.35,128.4,129.19,73014.252
2024-03-02 21:00:00,129.19,129.77,128.44,128.8,24293.089
2024-03-02 22:00:00,128.8,129.56,128.22,128.31,23760.873
2024-03-02 23:00:00,128.31,130.14,128.26,130.03,38587.037
2024-03-03 00:00:00,130.03,130.35,128.69,128.77,71249.001
2024-03-03 01:00:00,128.77,130.72,128.4,130.08,58271.467
2024-03-03 02:00:00,130.08,130.3,128.23,129.25,48158.332
2024-03-03 03:00:00,129.25,130.29,129.02,130.17,33723.306
2024-03-03 04:00:00,130.17,130.57,129.63,130.24,25267.874
2024-03-03 05:00:00,130.24,130.35,129.35,129.64,33430.408
2024-03-03 06:00:00,129.64,130.33,128.51,129.2,58367.223
2024-03-03 07:00:00,129.2,129.54,123.81,126.77,233023.476
2024-03-03 08:00:00,126.77,127.5,125.04,126.78,132764.585
2024-03-03 09:00:00,126.78,131.29,126.5,129.95,173497.856
2024-03-03 10:00:00,129.95,130.48,128.96,129.05,52832.816
2024-03-03 11:00:00,129.05,129.71,128.68,128.71,38109.573
2024-03-03 12:00:00,128.71,129.18,127.5,128.33,91275.228
2024-03-03 13:00:00,128.33,129.03,128.09,128.7,40346.287
2024-03-03 14:00:00,128.7,129.63,128.19,128.62,58863.021
2024-03-03 15:00:00,128.62,129.59,128.62,129.35,39036.578
2024-03-03 16:00:00,129.35,130.5,128.77,130.39,95447.093
2024-03-03 17:00:00,130.39,131.05,129.72,130.41,69042.73
2024-03-03 18:00:00,130.41,131.2,130.0,130.52,34595.468
2024-03-03 19:00:00,130.52,131.02,129.95,130.17,28002.969
2024-03-03 20:00:00,130.17,130.51,129.6,129.75,24642.29
2024-03-03 21:00:00,129.75,130.29,129.45,130.21,33187.055
2024-03-03 22:00:00,130.21,132.16,129.71,130.94,40084.82
2024-03-03 23:00:00,130.94,131.32,129.62,130.17,38078.222
2024-03-04 00:00:00,130.17,133.05,128.06,130.8,177863.216
2024-03-04 01:00:00,130.8,131.28,129.46,130.16,75504.234
2024-03-04 02:00:00,130.16,130.49,128.99,130.16,50822.395
2024-03-04 03:00:00,130.16,130.18,128.41,128.97,46037.622
2024-03-04 04:00:00,128.97,129.87,128.48,129.63,19211.848
2024-03-04 05:00:00,129.63,129.8,128.74,128.88,37573.363
2024-03-04 06:00:00,128.88,129.31,128.58,129.22,39270.63
2024-03-04 07:00:00,129.22,129.63,128.69,129.6,40969.844
2024-03-04 08:00:00,129.6,132.41,129.47,131.99,112324.254
2024-03-04 09:00:00,131.99,134.96,130.79,134.39,139386.855
2024-03-04 10:00:00,134.39,134.71,130.2,131.59,174037.841
2024-03-04 11:00:00,131.59,132.91,130.67,132.59,66007.782
2024-03-04 12:00:00,132.59,133.75,131.75,132.7,50204.832
2024-03-04 13:00:00,132.7,133.39,129.99,130.69,84414.881
2024-03-04 14:00:00,130.69,132.36,129.28,131.87,108768.744
2024-03-04 15:00:00,131.87,133.08,131.51,131.78,72510.299
2024-03-04 16:00:00,131.78,132.08,129.36,129.61,105219.522
2024-03-04 17:00:00,129.61,130.77,127.26,127.42,165329.584
2024-03-04 18:00:00,127.42,130.17,127.35,130.16,131931.165
2024-03-04 19:00:00,130.16,130.7,128.91,129.53,81351.849
2024-03-04 20:00:00,129.53,129.86,128.87,129.55,65420.805
2024-03-04 21:00:00,129.55,130.47,128.16,130.46,49088.332
2024-03-04 22:00:00,130.46,131.16,129.7,130.79,39912.341
2024-03-04 23:00:00,130.79,133.46,130.32,133.31,125988.509
2024-03-05 00:00:00,133.31,133.36,131.53,131.83,96390.607
2024-03-05 01:00:00,131.83,132.72,131.01,132.19,126357.37
2024-03-05 02:00:00,132.19,132.34,129.23,129.95,84220.949
2024-03-05 03:00:00,129.95,130.33,129.22,130.12,54111.504
2024-03-05 04:00:00,130.12,132.28,129.17,129.77,141381.761
2024-03-05 05:00:00,129.77,132.9,127.52,132.63,220438.59
2024-03-05 06:00:00,132.63,132.72,130.94,131.8,52076.06
2024-03-05 07:00:00,131.8,132.02,129.46,129.46,62832.142
2024-03-05 08:00:00,129.46,130.59,128.95,130.17,76071.854
2024-03-05 09:00:00,130.17,130.67,129.31,130.11,27987.306
2024-03-05 10:00:00,130.11,132.17,130.11,131.47,57178.777
2024-03-05 11:00:00,131.47,132.09,130.62,130.67,44044.555
2024-03-05 12:00:00,130.67,132.19,130.67,132.19,41568.589
2024-03-05 13:00:00,132.19,133.05,131.43,132.68,62910.407
2024-03-05 14:00:00,132.68,138.64,131.63,137.1,241429.373
2024-03-05 15:00:00,137.1,142.77,134.39,139.2,669509.325
2024-03-05 16:00:00,139.2,140.62,130.68,133.18,668786.378
2024-03-05 17:00:00,133.18,135.68,127.86,135.13,327879.459
2024-03-05 18:00:00,135.13,135.16,130.34,131.11,152968.44
2024-03-05 19:00:00,131.11,132.92,103.5,119.16,765215.248
2024-03-05 20:00:00,119.16,123.66,115.78,118.2,647962.578
2024-03-05 21:00:00,118.2,123.2,118.14,121.17,364144.221
2024-03-05 22:00:00,121.17,121.97,118.19,121.91,148088.517
2024-03-05 23:00:00,121.91,127.37,121.39,125.31,177706.72
2024-03-06 00:00:00,125.31,126.83,123.36,123.64,164760.815
2024-03-06 01:00:00,123.64,124.8,121.7,122.16,106512.396
2024-03-06 02:00:00,122.16,122.85,120.03,120.11,97241.099
2024-03-06 03:00:00,120.11,122.66,120.08,122.4,65395.525
2024-03-06 04:00:00,122.4,126.15,122.34,125.94,84083.945
2024-03-06 05:00:00,125.94,129.8,125.05,129.59,166765.06
2024-03-06 06:00:00,129.59,133.04,129.2,132.04,164262.309
2024-03-06 07:00:00,132.04,133.35,130.94,133.24,116536.164
2024-03-06 08:00:00,133.24,134.97,131.95,132.31,157679.97
2024-03-06 09:00:00,132.31,132.87,129.17,129.33,124260.126
2024-03-06 10:00:00,129.33,131.2,129.33,130.72,62922.946
2024-03-06 11:00:00,130.72,132.73,130.47,131.93,84538.78
2024-03-06 12:00:00,131.93,132.21,127.1,128.16,187720.932
2024-03-06 13:00:00,128.16,128.95,126.33,127.95,167984.783
2024-03-06 14:00:00,127.95,129.49,126.16,127.2,128431.488
2024-03-06 15:00:00,127.2,128.84,125.31,128.22,165170.749
2024-03-06 16:00:00,128.22,129.61,128.03,129.31,77533.151
2024-03-06 17:00:00,129.31,130.35,128.35,129.95,59901.614
2024-03-06 18:00:00,129.95,130.35,128.43,130.19,57600.641
2024-03-06 19:00:00,130.19,132.17,129.37,130.82,109054.108
2024-03-06 20:00:00,130.82,131.65,130.06,131.36,57266.549
2024-03-06 21:00:00,131.36,132.46,130.49,132.25,59911.274
2024-03-06 22:00:00,132.25,132.25,130.2,130.7,55052.836
2024-03-06 23:00:00,130.7,132.2,130.29,130.82,44235.63
2024-03-07 00:00:00,130.82,134.92,130.53,134.62,154328.752
2024-03-07 01:00:00,134.62,137.4,132.33,137.36,233102.539
2024-03-07 02:00:00,137.36,141.19,136.1,141.07,227963.127
2024-03-07 03:00:00,141.07,141.75,137.86,138.2,177273.44
2024-03-07 04:00:00,138.2,140.1,137.55,137.99,124935.983
2024-03-07 05:00:00,137.99,139.73,136.05,137.36,136068.213
2024-03-07 06:00:00,137.36,139.06,136.11,139.03,87880.361
2024-03-07 07:00:00,139.03,139.71,137.33,138.25,75754.196
2024-03-07 08:00:00,138.25,141.24,138.07,140.91,93720.038
2024-03-07 09:00:00,140.91,141.76,139.6,139.8,119064.118
2024-03-07 10:00:00,139.8,140.87,138.79,138.82,66956.113
2024-03-07 11:00:00,138.82,144.5,138.25,140.29,228860.389
2024-03-07 12:00:00,140.29,143.52,139.03,142.76,126138.809
2024-03-07 13:00:00,142.76,145.25,141.51,144.71,133459.829
2024-03-07 14:00:00,144.71,149.23,143.81,148.13,265123.988
2024-03-07 15:00:00,148.13,149.07,145.2,145.93,172024.121
2024-03-07 16:00:00,145.93,147.92,145.77,147.36,111541.611
2024-03-07 17:00:00,147.36,147.45,145.92,146.67,97605.975
2024-03-07 18:00:00,146.67,148.99,145.2,148.86,89783.668
2024-03-07 19:00:00,148.86,149.35,147.26,148.78,96340.48
2024-03-07 20:00:00,148.78,149.0,146.55,146.57,81152.093
2024-03-07 21:00:00,146.57,146.95,144.4,145.35,96486.638
2024-03-07 22:00:00,145.35,146.13,144.41,144.78,45278.166
2024-03-07 23:00:00,144.78,145.46,143.51,143.83,48133.848
2024-03-08 00:00:00,143.83,146.14,143.82,145.56,54909.564
2024-03-08 01:00:00,145.56,146.49,143.08,144.68,52831.464
2024-03-08 02:00:00,144.68,145.71,144.48,145.0,35934.429
2024-03-08 03:00:00,145.0,145.19,143.91,144.31,64492.51
2024-03-08 04:00:00,144.31,144.87,143.09,144.22,45567.445
2024-03-08 05:00:00,144.22,144.5,141.95,142.78,51110.694
2024-03-08 06:00:00,142.78,145.16,142.19,145.01,58100.851
2024-03-08 07:00:00,145.01,145.57,144.42,144.49,63993.114
2024-03-08 08:00:00,144.49,146.38,144.36,145.8,34983.694
2024-03-08 09:00:00,145.8,146.58,145.04,145.3,52787.594
2024-03-08 10:00:00,145.3,147.13,145.18,146.18,44671.682
2024-03-08 11:00:00,146.18,149.3,145.62,149.0,75620.306
2024-03-08 12:00:00,149.0,149.92,148.3,148.99,71529.534
2024-03-08 13:00:00,148.99,150.0,147.74,149.03,70627.535
2024-03-08 14:00:00,149.03,152.65,148.18,151.69,111801.845
2024-03-08 15:00:00,151.69,152.36,142.57,145.27,574628.421
2024-03-08 16:00:00,145.27,148.76,142.0,148.36,391544.416
2024-03-08 17:00:00,148.36,150.75,146.56,149.6,142475.015
2024-03-08 18:00:00,149.6,149.89,147.46,148.08,66734.792
2024-03-08 19:00:00,148.08,148.25,146.05,147.82,74700.535
2024-03-08 20:00:00,147.82,149.09,146.05,146.5,65618.726
2024-03-08 21:00:00,146.5,147.0,143.38,144.17,73905.421
2024-03-08 22:00:00,144.17,145.07,143.64,144.11,48590.001
2024-03-08 23:00:00,144.11,145.83,143.81,144.76,49556.725
2024-03-09 00:00:00,144.76,147.01,144.55,146.18,58652.786
2024-03-09 01:00:00,146.18,146.22,144.48,145.11,46287.308
2024-03-09 02:00:00,145.11,146.61,144.24,146.37,48498.091
2024-03-09 03:00:00,146.37,146.44,145.49,145.75,28869.5
2024-03-09 04:00:00,145.75,147.06,145.34,146.95,31624.014
2024-03-09 05:00:00,146.95,148.4,146.33,148.08,30815.981
2024-03-09 06:00:00,148.08,149.16,147.94,148.8,55191.109
2024-03-09 07:00:00,148.8,149.09,148.08,148.36,28797.959
2024-03-09 08:00:00,148.36,148.78,147.12,147.3,34885.803
2024-03-09 09:00:00,147.3,148.53,146.69,147.11,31747.598
2024-03-09 10:00:00,147.11,147.41,145.03,146.85,55208.991
2024-03-09 11:00:00,146.85,147.23,146.11,146.85,21439.135
2024-03-09 12:00:00,146.85,146.92,145.01,146.02,37904.7
2024-03-09 13:00:00,146.02,146.55,145.41,146.13,25349.416
2024-03-09 14:00:00,146.13,146.78,145.49,146.24,31566.217
2024-03-09 15:00:00,146.24,147.28,145.88,147.02,25405.261
2024-03-09 16:00:00,147.02,147.28,145.22,145.48,46937.835
2024-03-09 17:00:00,145.48,145.71,143.5,145.04,73220.103
2024-03-09 18:00:00,145.04,145.81,144.61,144.99,29664.599
2024-03-09 19:00:00,144.99,145.82,144.94,145.33,16556.653
2024-03-09 20:00:00,145.33,146.16,145.32,145.84,22123.655
2024-03-09 21:00:00,145.84,146.12,145.21,146.0,16761.627
2024-03-09 22:00:00,146.0,146.75,144.92,144.93,28217.446
2024-03-09 23:00:00,144.93,145.06,143.97,144.29,30590.801
2024-03-10 00:00:00,144.29,146.16,143.75,145.72,61987.053
2024-03-10 01:00:00,145.72,147.16,145.38,147.04,47692.138
2024-03-10 02:00:00,147.04,148.35,146.61,147.51,42310.815
2024-03-10 03:00:00,147.51,147.63,146.19,146.69,29148.447
2024-03-10 04:00:00,146.69,147.27,146.57,146.85,30517.633
2024-03-10 05:00:00,146.85,148.16,146.71,147.53,24144.901
2024-03-10 06:00:00,147.53,147.79,146.96,147.19,23920.183
2024-03-10 07:00:00,147.19,148.51,146.93,148.26,51359.306
2024-03-10 08:00:00,148.26,148.49,147.51,147.85,22933.548
2024-03-10 09:00:00,147.85,147.93,145.5,146.28,65705.525
2024-03-10 10:00:00,146.28,147.66,146.15,146.79,39911.551
2024-03-10 11:00:00,146.79,146.98,144.84,145.42,65673.693
2024-03-10 12:00:00,145.42,145.85,144.2,145.43,55656.034
2024-03-10 13:00:00,145.43,145.45,143.9,144.45,49996.584
2024-03-10 14:00:00,144.45,144.77,141.33,144.0,100888.713
2024-03-10 15:00:00,144.0,144.03,141.79,142.93,55173.897
2024-03-10 16:00:00,142.93,145.11,142.77,144.09,38432.462
2024-03-10 17:00:00,144.09,145.26,143.28,144.33,49731.687
2024-03-10 18:00:00,144.33,145.11,143.76,144.67,33498.343
2024-03-10 19:00:00,144.67,145.36,144.23,145.12,28336.394
2024-03-10 20:00:00,145.12,145.31,144.15,144.9,20847.474
2024-03-10 21:00:00,144.9,145.1,143.57,143.7,17358.749
2024-03-10 22:00:00,143.7,143.8,140.43,141.8,77450.957
2024-03-10 23:00:00,141.8,144.56,141.75,144.41,39460.909
2024-03-11 00:00:00,144.41,144.51,135.95,140.57,168619.844
2024-03-11 01:00:00,140.57,141.2,137.12,138.61,122322.479
2024-03-11 02:00:00,138.61,139.46,137.67,139.04,65183.566
2024-03-11 03:00:00,139.04,141.53,138.92,141.18,73948.838
2024-03-11 04:00:00,141.18,141.68,140.15,140.45,29714.297
2024-03-11 05:00:00,140.45,141.99,140.36,140.76,46653.616
2024-03-11 06:00:00,140.76,143.58,139.56,143.52,48110.23
2024-03-11 07:00:00,143.52,148.34,143.27,147.88,226252.682
2024-03-11 08:00:00,147.88,150.25,147.74,149.04,110684.915
2024-03-11 09:00:00,149.04,149.72,148.41,148.95,55542.466
2024-03-11 10:00:00,148.95,149.03,147.96,148.48,35008.032
2024-03-11 11:00:00,148.48,149.79,147.31,148.26,76130.224
2024-03-11 12:00:00,148.26,150.01,147.85,149.05,72133.114
2024-03-11 13:00:00,149.05,149.16,146.25,146.79,83484.848
2024-03-11 14:00:00,146.79,150.05,146.72,147.12,90449.818
2024-03-11 15:00:00,147.12,148.59,145.55,147.07,115708.832
2024-03-11 16:00:00,147.07,147.89,145.76,147.02,109155.979
2024-03-11 17:00:00,147.02,147.45,145.96,147.12,44755.677
2024-03-11 18:00:00,147.12,148.4,146.82,147.34,53227.343
2024-03-11 19:00:00,147.34,147.58,146.4,146.7,45915.529
2024-03-11 20:00:00,146.7,147.4,146.47,147.36,30827.021
2024-03-11 21:00:00,147.36,148.79,146.83,148.43,32862.111
2024-03-11 22:00:00,148.43,148.43,147.46,147.88,20593.742
2024-03-11 23:00:00,147.88,149.29,147.65,148.87,35628.628
2024-03-12 00:00:00,148.87,149.67,147.18,147.21,48497.983
2024-03-12 01:00:00,147.21,148.91,147.11,148.79,23501.982
2024-03-12 02:00:00,148.79,151.98,148.44,151.1,70923.959
2024-03-12 03:00:00,151.1,155.04,150.63,150.93,158458.493
2024-03-12 04:00:00,150.93,154.56,149.32,153.83,111917.896
2024-03-12 05:00:00,153.83,154.44,152.42,154.13,45826.657
2024-03-12 06:00:00,154.13,154.38,150.87,153.48,110672.868
2024-03-12 07:00:00,153.48,153.81,151.61,151.86,53289.462
2024-03-12 08:00:00,151.86,152.56,148.03,149.92,102595.315
2024-03-12 09:00:00,149.92,153.16,149.87,151.66,65584.069
2024-03-12 10:00:00,151.66,152.27,150.04,150.66,46392.925
2024-03-12 11:00:00,150.66,152.26,150.38,150.44,49053.032
2024-03-12 12:00:00,150.44,152.05,148.05,151.35,111449.848
2024-03-12 13:00:00,151.35,152.01,149.27,150.41,78767.671
2024-03-12 14:00:00,150.41,152.01,148.1,149.12,133526.532
2024-03-12 15:00:00,149.12,151.27,147.2,150.24,173383.339
2024-03-12 16:00:00,150.24,151.07,146.05,146.24,173968.996
2024-03-12 17:00:00,146.24,147.57,141.41,147.53,375311.46
2024-03-12 18:00:00,147.53,150.2,146.89,149.38,110432.27
2024-03-12 19:00:00,149.38,150.11,148.62,149.94,71220.243
2024-03-12 20:00:00,149.94,150.07,147.57,148.37,72340.037
2024-03-12 21:00:00,148.37,148.68,147.0,147.31,45589.97
2024-03-12 22:00:00,147.31,148.7,146.95,148.35,27242.929
2024-03-12 23:00:00,148.35,151.33,147.93,151.04,72079.084
2024-03-13 00:00:00,151.04,151.64,149.37,149.48,36913.655
2024-03-13 01:00:00,149.48,151.06,148.86,150.39,42671.011
2024-03-13 02:00:00,150.39,150.59,149.3,149.79,31026.03
2024-03-13 03:00:00,149.79,150.01,148.74,149.27,28655.484
2024-03-13 04:00:00,149.27,150.09,148.75,150.09,24168.765
2024-03-13 05:00:00,150.09,153.0,149.52,151.66,68125.052
2024-03-13 06:00:00,151.66,152.95,151.52,152.41,40076.347
2024-03-13 07:00:00,152.41,153.01,150.29,150.78,69067.516
2024-03-13 08:00:00,150.78,152.66,150.52,152.33,38404.292
2024-03-13 09:00:00,152.33,153.12,151.45,151.99,52133.226
2024-03-13 10:00:00,151.99,152.72,151.11,152.67,51885.064
2024-03-13 11:00:00,152.67,154.7,152.65,153.76,55008.703
2024-03-13 12:00:00,153.76,154.34,152.52,152.79,58591.707
2024-03-13 13:00:00,152.79,153.62,149.78,151.43,87717.105
2024-03-13 14:00:00,151.43,155.72,150.85,155.4,143003.64
2024-03-13 15:00:00,155.4,159.5,154.03,157.26,229909.415
2024-03-13 16:00:00,157.26,158.39,156.65,158.2,95156.395
2024-03-13 17:00:00,158.2,159.58,157.54,159.02,100309.767
2024-03-13 18:00:00,159.02,161.7,158.43,161.07,86671.984
2024-03-13 19:00:00,161.07,161.88,159.57,161.46,95921.437
2024-03-13 20:00:00,161.46,161.46,159.48,159.93,56548.374
2024-03-13 21:00:00,159.93,166.75,159.62,165.79,93771.406
2024-03-13 22:00:00,165.79,166.31,163.04,163.47,83426.518
2024-03-13 23:00:00,163.47,164.17,162.96,163.88,36952.387
2024-03-14 00:00:00,163.88,169.24,163.05,167.75,137147.616
2024-03-14 01:00:00,167.75,168.92,165.21,166.36,86844.013
2024-03-14 02:00:00,166.36,166.38,164.89,164.99,33690.01
2024-03-14 03:00:00,164.99,167.53,164.85,167.43,58787.292
2024-03-14 04:00:00,167.43,167.6,165.8,166.46,57555.241
2024-03-14 05:00:00,166.46,168.73,165.07,166.62,85835.52
2024-03-14 06:00:00,166.62,169.9,166.21,169.06,78729.34
2024-03-14 07:00:00,169.06,169.9,167.95,168.34,42645.517
2024-03-14 08:00:00,168.34,169.45,168.21,169.1,40057.325
2024-03-14 09:00:00,169.1,174.08,168.91,172.39,116498.503
2024-03-14 10:00:00,172.39,173.95,172.05,173.29,70818.158
2024-03-14 11:00:00,173.29,173.66,169.39,173.09,117387.815
2024-03-14 12:00:00,173.09,173.34,170.15,172.13,89687.252
2024-03-14 13:00:00,172.13,172.74,164.3,166.37,198476.199
2024-03-14 14:00:00,166.37,170.39,165.44,168.64,137808.459
2024-03-14 15:00:00,168.64,170.37,164.1,167.63,161678.326
2024-03-14 16:00:00,167.63,170.24,163.78,169.51,206890.481
2024-03-14 17:00:00,169.51,170.2,165.32,166.63,109926.045
2024-03-14 18:00:00,166.63,168.17,162.14,165.11,128246.221
2024-03-14 19:00:00,165.11,165.22,159.15,162.45,242705.006
2024-03-14 20:00:00,162.45,169.22,162.04,168.37,94904.612
2024-03-14 21:00:00,168.37,170.32,167.41,169.02,39668.118
2024-03-14 22:00:00,169.02,173.66,169.0,172.96,78499.348
2024-03-14 23:00:00,172.96,178.44,172.46,176.69,102893.051
2024-03-15 00:00:00,176.69,179.71,176.58,179.56,89697.688
2024-03-15 01:00:00,179.56,186.84,178.96,183.89,140121.74
2024-03-15 02:00:00,183.89,185.71,174.75,179.43,243909.404
2024-03-15 03:00:00,179.43,182.19,169.55,175.99,325216.354
2024-03-15 04:00:00,175.99,177.62,171.41,173.34,174433.883
2024-03-15 05:00:00,173.34,179.01,173.12,174.2,214400.613
2024-03-15 06:00:00,174.2,182.0,173.2,179.25,160033.367
2024-03-15 07:00:00,179.25,179.95,174.06,176.1,135404.62
2024-03-15 08:00:00,176.1,177.22,166.89,167.21,231115.96
2024-03-15 09:00:00,167.21,174.11,164.38,173.09,400273.186
2024-03-15 10:00:00,173.09,173.19,169.68,169.8,122262.502
2024-03-15 11:00:00,169.8,170.94,165.97,170.0,193719.006
2024-03-15 12:00:00,170.0,173.36,168.14,172.06,182601.267
2024-03-15 13:00:00,172.06,184.41,171.67,182.17,277912.935
2024-03-15 14:00:00,182.17,183.22,178.79,182.22,170693.968
2024-03-15 15:00:00,182.22,184.83,181.04,181.83,154203.056
2024-03-15 16:00:00,181.83,183.98,178.15,181.19,176168.084
2024-03-15 17:00:00,181.19,182.98,179.04,181.47,105882.448
2024-03-15 18:00:00,181.47,188.3,180.27,186.67,164147.23
2024-03-15 19:00:00,186.67,189.03,181.75,183.35,218543.568
2024-03-15 20:00:00,183.35,183.43,175.0,176.86,208462.521
2024-03-15 21:00:00,176.86,179.8,176.17,179.35,88771.612
2024-03-15 22:00:00,179.35,184.18,178.57,184.16,93891.805
2024-03-15 23:00:00,184.16,185.57,181.82,184.01,98996.935
2024-03-16 00:00:00,184.01,184.62,180.39,181.15,90922.424
2024-03-16 01:00:00,181.15,186.92,180.46,185.36,86137.627
2024-03-16 02:00:00,185.36,186.33,183.42,186.22,86013.222
2024-03-16 03:00:00,186.22,189.12,185.38,187.57,86842.189
2024-03-16 04:00:00,187.57,189.9,186.24,187.92,100467.613
2024-03-16 05:00:00,187.92,192.97,185.27,192.24,150305.72
2024-03-16 06:00:00,192.24,192.29,188.27,189.42,96218.779
2024-03-16 07:00:00,189.42,193.71,189.34,192.86,112342.698
2024-03-16 08:00:00,192.86,194.19,191.39,191.64,87717.358
2024-03-16 09:00:00,191.64,194.82,191.4,194.25,90451.238
2024-03-16 10:00:00,194.25,197.91,192.96,195.85,137398.07
2024-03-16 11:00:00,195.85,196.5,190.42,192.68,111692.723
2024-03-16 12:00:00,192.68,192.74,188.49,190.98,110859.659
2024-03-16 13:00:00,190.98,193.62,188.33,188.83,98423.424
2024-03-16 14:00:00,188.83,191.08,187.79,190.53,87750.665
2024-03-16 15:00:00,190.53,196.04,189.68,195.03,110541.771
2024-03-16 16:00:00,195.03,195.5,191.06,192.76,77373.796
2024-03-16 17:00:00,192.76,193.22,182.51,188.3,184977.275
2024-03-16 18:00:00,188.3,189.14,181.0,183.15,219736.346
2024-03-16 19:00:00,183.15,186.32,178.55,180.09,144154.6
2024-03-16 20:00:00,180.09,185.93,176.85,183.02,146780.003
2024-03-16 21:00:00,183.02,184.74,177.44,180.45,100127.615
2024-03-16 22:00:00,180.45,183.76,177.64,181.08,113829.585
2024-03-16 23:00:00,181.08,184.75,176.56,182.07,252601.846
2024-03-17 00:00:00,182.07,189.41,181.74,182.37,207337.959
2024-03-17 01:00:00,182.37,186.94,182.37,186.93,122078.165
2024-03-17 02:00:00,186.93,188.0,184.07,187.48,88685.977
2024-03-17 03:00:00,187.48,187.93,183.93,186.52,78315.276
2024-03-17 04:00:00,186.52,186.94,182.55,183.73,79785.165
2024-03-17 05:00:00,183.73,188.06,182.74,187.99,79421.839
2024-03-17 06:00:00,187.99,188.76,182.86,182.88,104037.487
2024-03-17 07:00:00,182.88,184.48,178.55,181.87,196060.341
2024-03-17 08:00:00,181.87,187.97,179.78,186.67,150853.959
2024-03-17 09:00:00,186.67,187.78,184.91,185.88,79640.974
2024-03-17 10:00:00,185.88,193.61,185.86,193.25,134339.295
2024-03-17 11:00:00,193.25,193.85,191.44,191.92,69668.883
2024-03-17 12:00:00,191.92,194.41,188.45,189.68,136186.136
2024-03-17 13:00:00,189.68,193.3,189.06,193.21,88053.412
2024-03-17 14:00:00,193.21,193.25,190.38,192.55,87830.648
2024-03-17 15:00:00,192.55,196.12,191.53,195.62,101928.778
2024-03-17 16:00:00,195.62,196.34,192.21,193.09,69281.763
2024-03-17 17:00:00,193.09,196.06,192.58,195.94,58291.778
2024-03-17 18:00:00,195.94,198.29,194.69,195.32,93364.483
2024-03-17 19:00:00,195.32,196.54,194.77,195.67,44139.61
2024-03-17 20:00:00,195.67,198.06,195.52,196.68,62601.621
2024-03-17 21:00:00,196.68,198.27,196.0,196.6,58757.813
2024-03-17 22:00:00,196.6,204.79,196.29,201.14,174360.43
2024-03-17 23:00:00,201.14,204.06,201.06,201.81,101004.487
2024-03-18 00:00:00,201.81,202.13,195.76,195.9,132942.871
2024-03-18 01:00:00,195.9,200.15,193.96,199.09,115329.184
2024-03-18 02:00:00,199.09,204.14,198.16,202.89,87928.186
2024-03-18 03:00:00,202.89,205.56,202.78,203.93,98194.296
2024-03-18 04:00:00,203.93,205.04,200.8,203.02,140663.447
2024-03-18 05:00:00,203.02,204.71,201.75,203.48,63577.364
2024-03-18 06:00:00,203.48,203.76,201.1,201.23,43284.185
2024-03-18 07:00:00,201.23,203.72,200.02,203.24,67868.759
2024-03-18 08:00:00,203.24,203.83,198.2,202.64,102062.526
2024-03-18 09:00:00,202.64,208.12,200.0,206.99,204474.562
2024-03-18 10:00:00,206.99,210.25,206.17,208.92,138271.014
2024-03-18 11:00:00,208.92,208.97,205.75,208.12,101432.045
2024-03-18 12:00:00,208.12,209.27,206.04,209.11,107620.374
2024-03-18 13:00:00,209.11,209.42,203.35,204.73,182236.966
2024-03-18 14:00:00,204.73,205.46,199.54,201.82,195858.794
2024-03-18 15:00:00,201.82,204.18,198.4,203.86,164278.764
2024-03-18 16:00:00,203.86,206.37,198.08,199.63,169795.791
2024-03-18 17:00:00,199.63,200.16,194.94,197.63,166058.354
2024-03-18 18:00:00,197.63,200.29,196.69,199.17,78275.46
2024-03-18 19:00:00,199.17,201.25,197.64,198.39,71327.824
2024-03-18 20:00:00,198.39,202.32,198.3,200.22,68146.008
2024-03-18 21:00:00,200.22,205.0,200.01,201.83,72373.904
2024-03-18 22:00:00,201.83,202.35,196.75,198.15,84275.443
2024-03-18 23:00:00,198.15,200.03,194.7,195.9,117791.736
2024-03-19 00:00:00,195.9,198.67,193.15,193.77,110238.513
2024-03-19 01:00:00,193.77,193.95,186.02,187.94,225658.243
2024-03-19 02:00:00,187.94,189.84,182.06,183.62,168391.758
2024-03-19 03:00:00,183.62,186.06,180.17,184.28,190946.515
2024-03-19 04:00:00,184.28,189.16,183.36,186.52,123968.938
2024-03-19 05:00:00,186.52,189.0,182.63,185.54,157516.065
2024-03-19 06:00:00,185.54,186.31,181.72,184.37,118486.357
2024-03-19 07:00:00,184.37,187.05,179.05,186.16,207370.138
2024-03-19 08:00:00,186.16,186.23,175.52,176.04,238721.401
2024-03-19 09:00:00,176.04,179.84,171.31,179.49,261055.421
2024-03-19 10:00:00,179.49,179.51,172.52,175.49,149380.104
2024-03-19 11:00:00,175.49,178.87,170.86,177.81,126739.158
2024-03-19 12:00:00,177.81,185.84,177.2,183.12,232877.425
2024-03-19 13:00:00,183.12,183.81,179.94,181.73,166406.224
2024-03-19 14:00:00,181.73,181.75,176.94,179.1,224567.706
2024-03-19 15:00:00,179.1,184.8,174.76,183.02,220976.268
2024-03-19 16:00:00,183.02,184.78,181.33,184.02,115878.746
2024-03-19 17:00:00,184.02,186.41,181.61,183.3,95820.676
2024-03-19 18:00:00,183.3,183.44,180.14,181.31,91764.411
2024-03-19 19:00:00,181.31,183.89,180.0,181.49,94774.285
2024-03-19 20:00:00,181.49,181.98,174.27,175.05,141617.547
2024-03-19 21:00:00,175.05,175.75,171.69,172.76,111571.996
2024-03-19 22:00:00,172.76,173.46,166.0,169.25,168924.002
2024-03-19 23:00:00,169.25,171.61,166.72,169.88,202446.182
2024-03-20 00:00:00,169.88,176.65,169.64,176.18,196149.064
2024-03-20 01:00:00,176.18,176.18,170.23,171.76,153264.277
2024-03-20 02:00:00,171.76,175.08,171.08,174.11,85305.632
2024-03-20 03:00:00,174.11,176.99,169.13,169.83,98105.337
2024-03-20 04:00:00,169.83,171.3,166.33,167.38,164820.571
2024-03-20 05:00:00,167.38,169.43,162.39,166.1,200174.925
2024-03-20 06:00:00,166.1,168.7,165.28,167.83,67221.895
2024-03-20 07:00:00,167.83,174.22,167.47,173.34,95206.113
2024-03-20 08:00:00,173.34,175.01,170.95,171.04,67664.152
2024-03-20 09:00:00,171.04,173.07,170.6,171.35,47143.97
2024-03-20 10:00:00,171.35,172.14,169.4,171.59,49312.744
2024-03-20 11:00:00,171.59,175.3,170.41,172.07,78662.468
2024-03-20 12:00:00,172.07,176.92,170.91,175.02,112085.252
2024-03-20 13:00:00,175.02,175.1,171.56,172.03,61644.257
2024-03-20 14:00:00,172.03,175.66,171.52,174.91,67721.015
2024-03-20 15:00:00,174.91,176.4,170.0,170.55,98985.726
2024-03-20 16:00:00,170.55,172.35,165.47,167.86,177118.813
2024-03-20 17:00:00,167.86,173.91,166.71,172.04,129854.543
2024-03-20 18:00:00,172.04,184.6,172.04,183.78,177311.81
2024-03-20 19:00:00,183.78,184.55,181.17,182.58,148252.58
2024-03-20 20:00:00,182.58,188.78,181.7,186.55,145797.181
2024-03-20 21:00:00,186.55,189.92,185.44,189.89,67224.074
2024-03-20 22:00:00,189.89,193.19,188.75,189.91,84712.498
2024-03-20 23:00:00,189.91,193.19,189.04,191.79,62483.848
2024-03-21 00:00:00,191.79,195.64,189.29,192.91,95924.53
2024-03-21 01:00:00,192.91,193.92,190.64,191.52,81314.819
2024-03-21 02:00:00,191.52,193.07,191.01,191.87,43859.986
2024-03-21 03:00:00,191.87,194.58,189.47,190.28,62044.128
2024-03-21 04:00:00,190.28,191.42,187.34,188.47,73244.102
2024-03-21 05:00:00,188.47,189.69,184.36,189.02,77022.579
2024-03-21 06:00:00,189.02,192.34,188.69,190.41,41039.332
2024-03-21 07:00:00,190.41,191.73,188.18,188.6,52103.036
2024-03-21 08:00:00,188.6,191.64,187.83,187.91,79035.135
2024-03-21 09:00:00,187.91,189.71,186.21,187.62,44874.627
2024-03-21 10:00:00,187.62,189.95,186.97,189.12,35888.132
2024-03-21 11:00:00,189.12,191.06,188.08,189.14,41946.756
2024-03-21 12:00:00,189.14,191.23,189.03,189.47,43874.019
2024-03-21 13:00:00,189.47,191.46,187.09,187.2,65683.22
2024-03-21 14:00:00,187.2,190.69,186.55,187.88,50388.036
2024-03-21 15:00:00,187.88,188.17,183.78,185.34,74575.694
2024-03-21 16:00:00,185.34,187.39,183.28,186.44,51220.317
2024-03-21 17:00:00,186.44,188.02,180.03,181.11,93818.535
2024-03-21 18:00:00,181.11,181.87,177.3,178.49,93084.673
2024-03-21 19:00:00,178.49,179.44,177.06,177.96,53118.121
2024-03-21 20:00:00,177.96,182.08,175.9,179.58,72627.916
2024-03-21 21:00:00,179.58,180.05,177.39,179.8,35065.832
2024-03-21 22:00:00,179.8,181.39,178.21,178.32,55963.076
2024-03-21 23:00:00,178.32,179.92,178.26,179.45,30428.997
2024-03-22 00:00:00,179.45,181.94,177.75,179.02,44948.392
2024-03-22 01:00:00,179.02,179.75,174.39,174.57,51957.029
2024-03-22 02:00:00,174.57,176.19,174.0,175.96,40749.204
2024-03-22 03:00:00,175.96,179.77,175.93,179.08,49933.809
2024-03-22 04:00:00,179.08,179.95,177.51,179.22,36590.677
2024-03-22 05:00:00,179.22,180.34,177.68,179.61,41992.933
2024-03-22 06:00:00,179.61,180.87,178.74,180.4,35299.847
2024-03-22 07:00:00,180.4,180.42,178.29,179.09,30492.684
2024-03-22 08:00:00,179.09,180.2,176.71,177.27,33285.163
2024-03-22 09:00:00,177.27,178.25,175.87,176.28,38588.15
2024-03-22 10:00:00,176.28,176.86,174.12,174.55,47830.035
2024-03-22 11:00:00,174.55,175.22,171.67,172.1,61262.87
2024-03-22 12:00:00,172.1,173.98,171.09,172.97,62709.648
2024-03-22 13:00:00,172.97,173.79,168.25,169.24,104240.232
2024-03-22 14:00:00,169.24,170.23,167.65,168.64,100864.855
2024-03-22 15:00:00,168.64,173.31,168.4,171.66,102499.194
2024-03-22 16:00:00,171.66,171.69,168.75,170.42,76211.535
2024-03-22 17:00:00,170.42,172.66,170.11,172.09,53273.355
2024-03-22 18:00:00,172.09,173.19,171.15,172.19,43586.12
2024-03-22 19:00:00,172.19,173.66,170.92,172.77,42759.659
2024-03-22 20:00:00,172.77,173.24,170.53,171.15,41420.981
2024-03-22 21:00:00,171.15,171.26,168.43,170.26,55074.053
2024-03-22 22:00:00,170.26,170.87,168.14,170.28,30335.924
2024-03-22 23:00:00,170.28,175.1,170.23,175.1,38297.545
2024-03-23 00:00:00,175.1,175.33,173.61,173.71,58105.05
2024-03-23 01:00:00,173.71,178.08,173.7,176.79,70111.01
2024-03-23 02:00:00,176.79,176.8,174.08,175.04,47811.422
2024-03-23 03:00:00,175.04,175.08,170.37,171.89,48105.603
2024-03-23 04:00:00,171.89,173.28,171.67,172.07,23929.9
2024-03-23 05:00:00,172.07,172.99,171.4,172.61,14009.409
2024-03-23 06:00:00,172.61,174.46,171.9,174.02,29396.227
2024-03-23 07:00:00,174.02,177.67,173.99,175.99,55588.716
2024-03-23 08:00:00,175.99,177.03,174.74,175.86,43464.881
2024-03-23 09:00:00,175.86,176.21,174.02,175.36,28115.681
2024-03-23 10:00:00,175.36,176.72,174.6,174.82,28813.842
2024-03-23 11:00:00,174.82,176.09,174.52,175.88,25396.112
2024-03-23 12:00:00,175.88,177.54,175.32,176.97,29208.967
2024-03-23 13:00:00,176.97,177.36,175.18,176.95,29721.193
2024-03-23 14:00:00,176.95,179.0,175.38,177.62,50842.478
2024-03-23 15:00:00,177.62,178.11,174.43,175.17,43373.658
2024-03-23 16:00:00,175.17,176.78,173.7,175.36,36674.712
2024-03-23 17:00:00,175.36,176.37,174.55,175.96,31191.055
2024-03-23 18:00:00,175.96,176.69,175.63,176.04,20449.006
2024-03-23 19:00:00,176.04,176.5,174.62,174.8,18152.38
2024-03-23 20:00:00,174.8,175.08,173.02,173.1,20168.133
2024-03-23 21:00:00,173.1,174.55,172.62,174.03,16064.83
2024-03-23 22:00:00,174.03,175.51,173.69,174.79,13937.854
2024-03-23 23:00:00,174.79,175.07,172.46,172.66,19188.46
2024-03-24 00:00:00,172.66,177.42,172.52,175.87,29118.591
2024-03-24 01:00:00,175.87,176.47,175.36,176.0,17213.164
2024-03-24 02:00:00,176.0,176.11,173.91,174.39,16009.04
2024-03-24 03:00:00,174.39,174.54,171.69,171.76,24769.931
2024-03-24 04:00:00,171.76,172.87,171.32,172.83,16429.1
2024-03-24 05:00:00,172.83,173.8,172.52,173.36,12562.723
2024-03-24 06:00:00,173.36,173.47,171.86,172.78,16501.559
2024-03-24 07:00:00,172.78,173.57,172.15,173.55,15579.918
2024-03-24 08:00:00,173.55,176.08,173.14,175.78,43496.848
2024-03-24 09:00:00,175.78,175.88,173.6,174.07,17925.591
2024-03-24 10:00:00,174.07,175.38,173.99,174.61,13673.238
2024-03-24 11:00:00,174.61,175.2,173.58,174.86,15283.8
2024-03-24 12:00:00,174.86,176.84,174.55,176.5,29043.485
2024-03-24 13:00:00,176.5,177.02,175.09,175.26,18186.973
2024-03-24 14:00:00,175.26,177.36,175.17,176.42,20437.351
2024-03-24 15:00:00,176.42,177.12,175.74,176.24,20946.753
2024-03-24 16:00:00,176.24,176.99,174.0,174.19,18169.378
2024-03-24 17:00:00,174.19,174.68,172.43,174.17,30701.492
2024-03-24 18:00:00,174.17,176.95,174.08,176.39,29471.356
2024-03-24 19:00:00,176.39,176.85,175.89,176.09,20598.131
2024-03-24 20:00:00,176.09,179.62,175.41,178.99,37868.475
2024-03-24 21:00:00,178.99,182.65,178.97,181.93,56386.841
2024-03-24 22:00:00,181.93,185.12,181.92,184.99,71355.892
2024-03-24 23:00:00,184.99,186.77,183.2,183.88,40962.328
2024-03-25 00:00:00,183.88,184.28,180.99,181.34,49065.82
2024-03-25 01:00:00,181.34,183.22,181.05,182.98,30413.764
2024-03-25 02:00:00,182.98,184.64,182.44,184.24,24073.536
2024-03-25 03:00:00,184.24,185.47,183.81,184.81,22488.412
2024-03-25 04:00:00,184.81,185.6,183.79,185.2,25881.799
2024-03-25 05:00:00,185.2,187.28,184.42,185.87,28543.565
2024-03-25 06:00:00,185.87,188.36,185.51,187.84,23904.829
2024-03-25 07:00:00,187.84,189.64,185.62,185.77,37386.575
2024-03-25 08:00:00,185.77,187.59,185.66,187.18,23811.555
2024-03-25 09:00:00,187.18,189.49,186.74,189.29,31235.481
2024-03-25 10:00:00,189.29,191.82,189.06,189.45,63330.309
2024-03-25 11:00:00,189.45,190.57,187.66,187.94,38982.682
2024-03-25 12:00:00,187.94,188.74,186.36,187.14,29806.082
2024-03-25 13:00:00,187.14,190.55,186.41,190.51,35749.681
2024-03-25 14:00:00,190.51,194.5,189.04,192.4,90744.905
2024-03-25 15:00:00,192.4,193.52,191.11,192.76,53585.24
2024-03-25 16:00:00,192.76,193.57,190.34,192.97,51165.323
2024-03-25 17:00:00,192.97,194.5,192.14,193.02,36265.423
2024-03-25 18:00:00,193.02,193.33,191.64,192.26,20234.629
2024-03-25 19:00:00,192.26,192.64,190.67,192.23,17641.246
2024-03-25 20:00:00,192.23,193.03,191.38,191.84,21201.466
2024-03-25 21:00:00,191.84,192.37,189.01,189.46,38356.552
2024-03-25 22:00:00,189.46,191.29,189.29,190.95,28645.503
2024-03-25 23:00:00,190.95,191.5,188.37,188.99,21623.819
2024-03-26 00:00:00,188.99,190.58,188.06,189.0,29751.812
2024-03-26 01:00:00,189.0,190.28,188.43,190.01,28721.934
2024-03-26 02:00:00,190.01,191.78,189.35,191.73,19089.267
2024-03-26 03:00:00,191.73,192.1,190.8,191.68,22721.139
2024-03-26 04:00:00,191.68,194.32,191.31,194.13,35246.057
2024-03-26 05:00:00,194.13,196.02,193.43,194.92,36693.314
2024-03-26 06:00:00,194.92,195.68,193.7,195.54,19966.723
2024-03-26 07:00:00,195.54,196.62,193.76,193.98,32492.642
2024-03-26 08:00:00,193.98,194.87,191.88,194.3,45991.747
2024-03-26 09:00:00,194.3,195.48,193.66,195.22,27010.021
2024-03-26 10:00:00,195.22,196.24,194.63,195.68,27543.387
2024-03-26 11:00:00,195.68,196.07,194.48,194.79,30170.594
2024-03-26 12:00:00,194.79,195.34,193.29,194.8,27789.599
2024-03-26 13:00:00,194.8,195.15,191.46,192.7,50281.08
2024-03-26 14:00:00,192.7,193.24,189.49,191.93,59766.392
2024-03-26 15:00:00,191.93,192.02,189.61,190.35,40585.221
2024-03-26 16:00:00,190.35,191.56,186.4,187.38,64124.508
2024-03-26 17:00:00,187.38,189.04,186.2,188.7,40622.033
2024-03-26 18:00:00,188.7,191.19,188.49,189.17,19239.466
2024-03-26 19:00:00,189.17,189.34,187.36,188.32,26226.445
2024-03-26 20:00:00,188.32,190.09,188.27,189.96,19920.773
2024-03-26 21:00:00,189.96,192.5,189.56,191.22,23820.532
2024-03-26 22:00:00,191.22,192.52,189.85,192.29,25718.382
2024-03-26 23:00:00,192.29,192.62,190.37,190.43,18878.565
2024-03-27 00:00:00,190.43,192.5,188.69,192.37,37695.927
2024-03-27 01:00:00,192.37,192.74,190.2,190.51,24625.264
2024-03-27 02:00:00,190.51,191.84,189.38,191.75,54987.65
2024-03-27 03:00:00,191.75,191.82,189.82,189.99,26656.229
2024-03-27 04:00:00,189.99,190.49,188.62,189.13,15770.959
2024-03-27 05:00:00,189.13,190.4,188.76,190.19,17647.641
2024-03-27 06:00:00,190.19,190.56,189.0,189.53,11366.767
2024-03-27 07:00:00,189.53,189.66,185.67,186.8,34321.787
2024-03-27 08:00:00,186.8,187.69,184.55,185.0,26956.267
2024-03-27 09:00:00,185.0,186.36,183.49,186.05,47104.708
2024-03-27 10:00:00,186.05,186.88,185.62,186.61,21179.275
2024-03-27 11:00:00,186.61,188.63,186.09,188.54,22706.313
2024-03-27 12:00:00,188.54,188.73,186.19,187.11,21465.107
2024-03-27 13:00:00,187.11,191.21,185.17,185.67,99753.201
2024-03-27 14:00:00,185.67,186.25,180.65,185.15,117830.121
2024-03-27 15:00:00,185.15,185.45,181.03,181.12,62149.784
2024-03-27 16:00:00,181.12,183.18,180.04,182.98,54760.475
2024-03-27 17:00:00,182.98,184.16,182.39,183.13,16539.442
2024-03-27 18:00:00,183.13,183.82,181.08,181.29,27637.563
2024-03-27 19:00:00,181.29,183.13,181.27,182.69,29751.221
2024-03-27 20:00:00,182.69,185.27,182.59,185.18,32484.656
2024-03-27 21:00:00,185.18,185.52,184.13,184.36,37132.491
2024-03-27 22:00:00,184.36,187.04,184.22,186.89,30918.203
2024-03-27 23:00:00,186.89,186.94,184.67,186.31,14892.611
2024-03-28 00:00:00,186.31,187.98,185.26,186.54,39885.47
2024-03-28 01:00:00,186.54,187.01,183.52,184.32,21514.018
2024-03-28 02:00:00,184.32,185.0,181.1,182.01,29678.644
2024-03-28 03:00:00,182.01,182.7,180.58,182.18,31649.868
2024-03-28 04:00:00,182.18,183.92,182.0,183.72,15950.422
2024-03-28 05:00:00,183.72,184.64,183.2,183.68,15161.738
2024-03-28 06:00:00,183.68,187.02,183.21,186.9,30854.097
2024-03-28 07:00:00,186.9,187.69,185.98,187.31,19976.715
2024-03-28 08:00:00,187.31,188.4,186.81,186.93,29070.263
2024-03-28 09:00:00,186.93,188.26,186.73,187.47,19032.094
2024-03-28 10:00:00,187.47,187.59,185.51,186.46,20575.07
2024-03-28 11:00:00,186.46,187.12,184.71,185.38,21568.194
2024-03-28 12:00:00,185.38,185.93,183.04,184.26,30845.233
2024-03-28 13:00:00,184.26,186.28,182.65,186.03,37215.344
2024-03-28 14:00:00,186.03,189.48,185.2,188.95,48359.095
2024-03-28 15:00:00,188.95,189.01,185.89,187.37,47817.323
2024-03-28 16:00:00,187.37,187.39,184.8,185.34,30835.17
2024-03-28 17:00:00,185.34,185.59,184.47,185.38,17472.567
2024-03-28 18:00:00,185.38,186.99,185.21,186.26,13665.259
2024-03-28 19:00:00,186.26,186.95,185.95,186.29,15501.078
2024-03-28 20:00:00,186.29,188.17,186.16,187.58,20699.358
2024-03-28 21:00:00,187.58,189.0,187.08,187.21,33959.218
2024-03-28 22:00:00,187.21,190.13,186.25,190.07,50017.038
2024-03-28 23:00:00,190.07,191.07,189.17,189.68,67599.03
2024-03-29 00:00:00,189.68,189.76,187.58,188.68,47634.986
2024-03-29 01:00:00,188.68,190.76,188.07,188.8,27777.186
2024-03-29 02:00:00,188.8,190.16,187.76,189.26,29250.468
2024-03-29 03:00:00,189.26,190.35,188.06,188.33,26018.309
2024-03-29 04:00:00,188.33,189.17,187.16,187.65,24284.064
2024-03-29 05:00:00,187.65,188.17,185.74,186.06,20601.421
2024-03-29 06:00:00,186.06,186.93,185.3,186.45,17513.712
2024-03-29 07:00:00,186.45,186.96,183.33,183.65,26572.838
2024-03-29 08:00:00,183.65,186.21,183.53,185.47,26640.546
2024-03-29 09:00:00,185.47,186.03,183.43,183.75,19376.845
2024-03-29 10:00:00,183.75,185.69,183.46,185.67,21698.38
2024-03-29 11:00:00,185.67,186.51,185.3,185.82,25428.374
2024-03-29 12:00:00,185.82,186.42,184.72,185.74,21688.268
2024-03-29 13:00:00,185.74,186.99,185.14,186.86,19809.729
2024-03-29 14:00:00,186.86,189.86,186.74,188.5,51432.885
2024-03-29 15:00:00,188.5,188.86,184.18,184.9,43800.061
2024-03-29 16:00:00,184.9,187.3,184.41,184.82,37132.518
2024-03-29 17:00:00,184.82,186.35,184.5,185.94,25740.824
2024-03-29 18:00:00,185.94,186.44,185.37,186.22,17505.264
2024-03-29 19:00:00,186.22,187.71,185.49,187.65,14404.193
2024-03-29 20:00:00,187.65,189.93,187.36,189.64,29779.372
2024-03-29 21:00:00,189.64,189.8,187.35,188.53,32414.2
2024-03-29 22:00:00,188.53,192.37,188.51,192.23,53155.767
2024-03-29 23:00:00,192.23,193.19,191.5,192.1,30151.418
2024-03-30 00:00:00,192.1,194.53,190.74,194.05,30580.535
2024-03-30 01:00:00,194.05,194.27,192.19,192.42,20693.887
2024-03-30 02:00:00,192.42,192.67,191.52,191.96,12580.525
2024-03-30 03:00:00,191.96,193.23,191.88,192.83,13224.601
2024-03-30 04:00:00,192.83,198.5,192.6,198.34,35749.358
2024-03-30 05:00:00,198.34,200.14,197.5,198.65,38038.502
2024-03-30 06:00:00,198.65,199.47,197.3,197.8,29306.036
2024-03-30 07:00:00,197.8,198.67,195.57,195.78,38575.079
2024-03-30 08:00:00,195.78,196.59,193.15,194.62,58021.471
2024-03-30 09:00:00,194.62,196.76,194.36,195.93,26163.794
2024-03-30 10:00:00,195.93,196.72,195.39,196.01,18829.548
2024-03-30 11:00:00,196.01,199.13,195.99,197.83,37629.798
2024-03-30 12:00:00,197.83,198.54,196.66,198.01,23973.022
2024-03-30 13:00:00,198.01,198.04,196.17,197.15,17142.182
2024-03-30 14:00:00,197.15,197.4,195.03,195.88,18387.99
2024-03-30 15:00:00,195.88,196.76,195.34,196.34,16877.362
2024-03-30 16:00:00,196.34,197.96,195.72,197.63,23143.935
2024-03-30 17:00:00,197.63,197.82,196.6,196.95,25551.263
2024-03-30 18:00:00,196.95,197.04,195.74,195.79,19390.774
2024-03-30 19:00:00,195.79,195.86,193.33,195.45,35856.419
2024-03-30 20:00:00,195.45,195.92,194.48,194.76,13035.563
2024-03-30 21:00:00,194.76,195.63,193.7,195.16,19041.62
2024-03-30 22:00:00,195.16,196.71,194.52,196.15,32295.295
2024-03-30 23:00:00,196.15,196.17,193.31,194.2,25704.876
2024-03-31 00:00:00,194.2,196.14,194.05,195.23,17313.786
2024-03-31 01:00:00,195.23,197.25,194.4,196.88,31092.921
2024-03-31 02:00:00,196.88,197.3,195.16,195.55,14592.608
2024-03-31 03:00:00,195.55,195.76,193.71,194.3,24436.444
2024-03-31 04:00:00,194.3,195.63,194.0,195.43,10554.791
2024-03-31 05:00:00,195.43,196.85,195.18,196.53,16901.568
2024-03-31 06:00:00,196.53,196.6,194.74,195.02,10776.839
2024-03-31 07:00:00,195.02,197.32,194.81,196.74,21502.63
2024-03-31 08:00:00,196.74,197.19,196.15,196.98,29073.132
2024-03-31 09:00:00,196.98,197.08,195.7,196.63,12304.096
2024-03-31 10:00:00,196.63,197.04,196.0,196.01,9771.031
2024-03-31 11:00:00,196.01,196.62,195.44,195.83,12296.21
2024-03-31 12:00:00,195.83,196.85,195.64,196.34,9812.662
2024-03-31 13:00:00,196.34,197.64,196.06,197.0,17406.117
2024-03-31 14:00:00,197.0,197.35,196.08,196.33,12124.367
2024-03-31 15:00:00,196.33,196.36,195.44,195.65,14121.362
2024-03-31 16:00:00,195.65,196.74,195.49,196.38,15083.733
2024-03-31 17:00:00,196.38,197.15,196.18,196.82,19633.359
2024-03-31 18:00:00,196.82,199.47,196.01,198.42,59391.843
2024-03-31 19:00:00,198.42,201.1,197.92,200.24,62249.604
2024-03-31 20:00:00,200.24,200.64,198.41,199.4,25461.029
2024-03-31 21:00:00,199.4,199.81,198.52,199.71,15337.049
2024-03-31 22:00:00,199.71,201.05,199.51,200.65,12063.074
2024-03-31 23:00:00,200.65,203.22,200.21,202.46,31826.439
2024-04-01 00:00:00,202.46,202.5,200.84,202.06,18380.02
2024-04-01 01:00:00,202.06,204.51,201.99,203.12,33062.562
2024-04-01 02:00:00,203.12,203.63,202.38,202.69,20581.588
2024-04-01 03:00:00,202.69,203.35,201.37,202.61,21937.861
2024-04-01 04:00:00,202.61,203.55,200.19,201.11,28035.944
2024-04-01 05:00:00,201.11,201.57,193.24,194.77,138495.238
2024-04-01 06:00:00,194.77,198.52,194.12,198.19,80527.363
2024-04-01 07:00:00,198.19,199.35,197.76,198.0,27808.204
2024-04-01 08:00:00,198.0,198.05,195.31,196.45,38899.234
2024-04-01 09:00:00,196.45,198.0,196.39,196.68,23621.606
2024-04-01 10:00:00,196.68,197.32,194.79,196.47,32875.872
2024-04-01 11:00:00,196.47,197.47,195.09,195.16,31814.822
2024-04-01 12:00:00,195.16,196.94,194.8,196.94,23291.175
2024-04-01 13:00:00,196.94,197.76,195.96,196.76,20807.609
2024-04-01 14:00:00,196.76,196.99,190.71,191.29,79770.671
2024-04-01 15:00:00,191.29,192.07,186.81,188.06,96495.274
2024-04-01 16:00:00,188.06,191.06,187.33,189.45,45969.382
2024-04-01 17:00:00,189.45,190.33,187.74,190.33,36505.086
2024-04-01 18:00:00,190.33,190.33,187.47,189.62,31430.431
2024-04-01 19:00:00,189.62,193.52,188.98,193.27,38209.364
2024-04-01 20:00:00,193.27,193.82,191.73,193.68,29573.871
2024-04-01 21:00:00,193.68,194.03,192.41,192.72,18878.172
2024-04-01 22:00:00,192.72,193.77,192.05,192.85,16208.067
2024-04-01 23:00:00,192.85,193.31,192.17,192.2,11291.952
2024-04-02 00:00:00,192.2,192.27,188.31,189.81,30067.643
2024-04-02 01:00:00,189.81,191.39,189.18,190.1,47474.755
2024-04-02 02:00:00,190.1,190.19,181.55,185.43,171840.527
2024-04-02 03:00:00,185.43,186.39,182.95,183.64,59720.055
2024-04-02 04:00:00,183.64,184.68,182.02,183.5,58919.693
2024-04-02 05:00:00,183.5,184.54,181.05,184.48,45487.127
2024-04-02 06:00:00,184.48,186.32,184.0,185.45,27249.304
2024-04-02 07:00:00,185.45,185.5,182.64,183.14,25764.799
2024-04-02 08:00:00,183.14,183.92,180.53,181.1,40695.828
2024-04-02 09:00:00,181.1,183.15,179.59,182.23,55204.483
2024-04-02 10:00:00,182.23,182.72,179.55,180.85,37895.385
2024-04-02 11:00:00,180.85,181.42,177.51,179.84,63633.775
2024-04-02 12:00:00,179.84,181.64,178.6,179.09,41488.776
2024-04-02 13:00:00,179.09,179.8,175.93,178.5,68368.433
2024-04-02 14:00:00,178.5,182.22,178.26,180.41,51270.699
2024-04-02 15:00:00,180.41,182.14,176.93,177.42,36377.291
2024-04-02 16:00:00,177.42,181.1,176.71,180.56,48727.218
2024-04-02 17:00:00,180.56,182.69,180.04,182.54,39412.879
2024-04-02 18:00:00,182.54,185.34,181.67,185.1,45486.294
2024-04-02 19:00:00,185.1,186.89,184.4,185.68,32803.945
2024-04-02 20:00:00,185.68,186.45,183.71,184.63,25007.838
2024-04-02 21:00:00,184.63,185.43,182.4,183.89,24919.092
2024-04-02 22:00:00,183.89,185.19,183.08,184.11,18150.382
2024-04-02 23:00:00,184.11,184.11,180.72,181.53,16549.206
2024-04-03 00:00:00,181.53,182.6,176.85,181.15,61436.153
2024-04-03 01:00:00,181.15,186.2,178.89,185.18,58611.701
2024-04-03 02:00:00,185.18,186.49,184.5,185.7,29313.719
2024-04-03 03:00:00,185.7,188.98,184.5,188.47,38951.976
2024-04-03 04:00:00,188.47,188.86,186.94,187.89,34995.63
2024-04-03 05:00:00,187.89,188.69,187.08,188.47,49284.258
2024-04-03 06:00:00,188.47,191.78,188.12,190.5,79301.744
2024-04-03 07:00:00,190.5,191.01,188.9,189.51,30499.555
2024-04-03 08:00:00,189.51,191.6,188.39,190.63,35838.833
2024-04-03 09:00:00,190.63,191.37,189.75,190.18,24294.037
2024-04-03 10:00:00,190.18,190.3,187.18,188.52,29040.373
2024-04-03 11:00:00,188.52,188.88,186.37,187.75,32018.764
2024-04-03 12:00:00,187.75,188.99,186.71,188.0,30034.187
2024-04-03 13:00:00,188.0,189.22,186.46,186.98,50034.157
2024-04-03 14:00:00,186.98,191.19,186.98,190.45,42327.703
2024-04-03 15:00:00,190.45,190.54,187.53,189.02,30860.558
2024-04-03 16:00:00,189.02,191.11,188.45,189.16,33473.006
2024-04-03 17:00:00,189.16,190.02,187.3,187.9,22702.949
2024-04-03 18:00:00,187.9,187.9,184.06,186.41,49828.52
2024-04-03 19:00:00,186.41,186.86,184.43,185.65,42826.751
2024-04-03 20:00:00,185.65,185.87,182.71,183.47,28405.389
2024-04-03 21:00:00,183.47,185.35,182.06,185.09,20741.312
2024-04-03 22:00:00,185.09,186.46,184.61,186.11,44711.432
2024-04-03 23:00:00,186.11,186.57,184.82,185.07,42824.55
2024-04-04 00:00:00,185.07,187.41,184.4,186.75,25079.899
2024-04-04 01:00:00,186.75,186.76,184.23,185.74,23601.827
2024-04-04 02:00:00,185.74,185.99,182.33,183.34,28362.959
2024-04-04 03:00:00,183.34,183.73,181.08,181.52,37159.858
2024-04-04 04:00:00,181.52,182.21,180.16,182.06,25974.392
2024-04-04 05:00:00,182.06,183.49,181.66,182.81,12876.446
2024-04-04 06:00:00,182.81,184.71,182.65,184.0,20326.82
2024-04-04 07:00:00,184.0,185.8,183.55,184.94,19053.018
2024-04-04 08:00:00,184.94,186.3,184.43,185.61,25933.072
2024-04-04 09:00:00,185.61,186.0,184.85,185.3,16752.477
2024-04-04 10:00:00,185.3,186.3,184.66,185.62,21887.454
2024-04-04 11:00:00,185.62,186.04,184.82,185.63,10321.627
2024-04-04 12:00:00,185.63,187.7,185.37,186.87,28143.069
2024-04-04 13:00:00,186.87,189.59,186.76,188.23,44265.496
2024-04-04 14:00:00,188.23,189.45,187.39,188.28,31895.946
2024-04-04 15:00:00,188.28,188.43,186.38,187.05,25976.658
2024-04-04 16:00:00,187.05,188.54,186.65,187.29,17478.031
2024-04-04 17:00:00,187.29,189.33,186.85,189.12,17619.946
2024-04-04 18:00:00,189.12,190.26,185.6,186.05,45537.88
2024-04-04 19:00:00,186.05,187.07,185.41,185.68,35900.682
2024-04-04 20:00:00,185.68,185.83,181.24,182.54,77991.789
2024-04-04 21:00:00,182.54,183.33,180.93,181.99,51566.813
2024-04-04 22:00:00,181.99,183.17,181.57,182.3,26417.245
2024-04-04 23:00:00,182.3,184.06,182.1,184.03,24640.582
2024-04-05 00:00:00,184.03,185.16,183.0,184.96,36762.185
2024-04-05 01:00:00,184.96,184.96,181.3,182.35,38245.693
2024-04-05 02:00:00,182.35,182.41,177.57,178.0,67982.403
2024-04-05 03:00:00,178.0,179.79,177.74,179.45,24503.088
2024-04-05 04:00:00,179.45,180.44,175.75,177.01,72446.297
2024-04-05 05:00:00,177.01,177.42,173.11,175.59,81827.984
2024-04-05 06:00:00,175.59,176.88,174.96,175.21,47297.549
2024-04-05 07:00:00,175.21,175.74,172.99,175.06,39620.596
2024-04-05 08:00:00,175.06,177.19,171.93,173.1,73966.54
2024-04-05 09:00:00,173.1,173.1,170.96,172.51,52917.665
2024-04-05 10:00:00,172.51,172.77,169.94,172.1,44924.138
2024-04-05 11:00:00,172.1,172.61,169.15,169.83,39503.255
2024-04-05 12:00:00,169.83,172.96,168.04,172.84,104736.696
2024-04-05 13:00:00,172.84,175.39,171.12,175.1,58458.486
2024-04-05 14:00:00,175.1,177.45,174.09,175.93,51332.686
2024-04-05 15:00:00,175.93,176.42,174.1,175.94,37718.242
2024-04-05 16:00:00,175.94,176.69,173.9,174.36,32753.54
2024-04-05 17:00:00,174.36,174.46,172.6,173.26,26634.783
2024-04-05 18:00:00,173.26,174.91,172.43,174.64,21882.664
2024-04-05 19:00:00,174.64,176.94,174.64,175.42,26297.666
2024-04-05 20:00:00,175.42,176.83,175.04,175.85,11744.086
2024-04-05 21:00:00,175.85,176.71,175.08,175.1,11735.586
2024-04-05 22:00:00,175.1,175.59,174.2,174.41,14893.589
2024-04-05 23:00:00,174.41,175.42,174.11,174.4,15164.889
2024-04-06 00:00:00,174.4,176.54,173.57,175.36,17970.812
2024-04-06 01:00:00,175.36,176.43,174.47,174.7,19101.156
2024-04-06 02:00:00,174.7,175.12,173.48,173.73,14640.911
2024-04-06 03:00:00,173.73,176.27,173.73,175.93,15817.763
2024-04-06 04:00:00,175.93,176.08,174.85,175.7,8968.49
2024-04-06 05:00:00,175.7,178.33,175.45,177.52,20299.48
2024-04-06 06:00:00,177.52,178.2,176.98,177.87,17177.467
2024-04-06 07:00:00,177.87,177.99,176.7,177.28,12368.536
2024-04-06 08:00:00,177.28,178.14,176.61,177.99,13413.269
2024-04-06 09:00:00,177.99,178.51,176.11,176.15,21512.069
2024-04-06 10:00:00,176.15,176.77,175.35,176.18,9195.939
2024-04-06 11:00:00,176.18,176.43,175.32,175.71,8745.822
2024-04-06 12:00:00,175.71,176.15,174.45,175.1,13939.289
2024-04-06 13:00:00,175.1,175.1,173.77,174.14,14387.776
2024-04-06 14:00:00,174.14,175.96,173.85,175.21,13006.076
2024-04-06 15:00:00,175.21,177.3,174.88,177.16,23690.082
2024-04-06 16:00:00,177.16,179.12,176.55,177.72,45217.827
2024-04-06 17:00:00,177.72,178.49,176.59,177.49,23296.116
2024-04-06 18:00:00,177.49,177.94,176.93,177.16,12721.137
2024-04-06 19:00:00,177.16,177.83,176.76,177.38,11332.046
2024-04-06 20:00:00,177.38,177.99,176.71,177.86,12024.43
2024-04-06 21:00:00,177.86,178.7,176.95,177.75,21413.239
2024-04-06 22:00:00,177.75,178.69,177.17,178.59,35597.75
2024-04-06 23:00:00,178.59,179.95,178.55,178.7,28704.287
2024-04-07 00:00:00,178.7,178.99,177.27,178.08,10109.742
2024-04-07 01:00:00,178.08,182.3,178.01,182.22,72677.623
2024-04-07 02:00:00,182.22,182.67,180.39,180.84,38013.663
2024-04-07 03:00:00,180.84,181.68,180.55,180.69,10994.864
2024-04-07 04:00:00,180.69,181.16,179.99,180.48,14403.916
2024-04-07 05:00:00,180.48,181.32,180.47,181.02,9244.193
2024-04-07 06:00:00,181.02,181.11,179.14,179.55,10016.885
2024-04-07 07:00:00,179.55,180.02,179.35,179.75,9760.628
2024-04-07 08:00:00,179.75,180.73,179.74,180.14,13162.823
2024-04-07 09:00:00,180.14,180.21,178.37,179.33,15809.426
2024-04-07 10:00:00,179.33,180.47,179.01,180.41,17744.935
2024-04-07 11:00:00,180.41,180.94,179.81,180.73,16936.42
2024-04-07 12:00:00,180.73,181.58,179.88,181.05,10100.973
2024-04-07 13:00:00,181.05,181.99,180.73,181.54,24441.189
2024-04-07 14:00:00,181.54,182.14,180.72,181.77,20898.597
2024-04-07 15:00:00,181.77,182.2,179.5,179.67,25915.217
2024-04-07 16:00:00,179.67,182.66,179.58,181.72,17312.868
2024-04-07 17:00:00,181.72,181.72,179.85,180.04,11210.53
2024-04-07 18:00:00,180.04,180.17,177.7,178.78,23305.94
2024-04-07 19:00:00,178.78,179.66,177.82,178.32,15904.526
2024-04-07 20:00:00,178.32,179.46,178.03,178.83,11943.25
2024-04-07 21:00:00,178.83,179.46,177.81,177.83,6965.71
2024-04-07 22:00:00,177.83,178.9,176.86,178.59,14181.736
2024-04-07 23:00:00,178.59,180.12,178.42,179.58,28454.202
2024-04-08 00:00:00,179.58,179.63,176.94,177.99,23468.646
2024-04-08 01:00:00,177.99,179.35,177.04,177.22,16141.016
2024-04-08 02:00:00,177.22,177.62,176.31,176.63,19980.764
2024-04-08 03:00:00,176.63,176.96,175.27,176.44,21116.284
2024-04-08 04:00:00,176.44,176.61,175.74,176.01,13265.536
2024-04-08 05:00:00,176.01,177.3,176.0,177.15,15757.399
2024-04-08 06:00:00,177.15,177.54,176.31,176.95,26646.48
2024-04-08 07:00:00,176.95,181.14,176.5,180.14,40454.003
2024-04-08 08:00:00,180.14,184.38,179.66,183.61,80156.151
2024-04-08 09:00:00,183.61,184.69,182.66,183.02,47849.087
2024-04-08 10:00:00,183.02,183.65,181.87,183.24,29885.775
2024-04-08 11:00:00,183.24,183.38,182.08,182.74,20630.414
2024-04-08 12:00:00,182.74,183.6,180.48,180.53,30319.832
2024-04-08 13:00:00,180.53,182.36,180.07,180.97,35584.603
2024-04-08 14:00:00,180.97,181.16,179.34,180.55,30882.538
2024-04-08 15:00:00,180.55,182.19,180.17,181.45,24527.329
2024-04-08 16:00:00,181.45,182.17,180.85,180.85,20704.799
2024-04-08 17:00:00,180.85,180.98,179.68,180.46,20552.466
2024-04-08 18:00:00,180.46,181.41,179.95,179.97,19868.348
2024-04-08 19:00:00,179.97,180.46,178.53,179.34,19417.589
2024-04-08 20:00:00,179.34,180.64,179.18,179.98,11513.951
2024-04-08 21:00:00,179.98,181.52,179.9,181.35,19493.252
2024-04-08 22:00:00,181.35,181.36,180.37,181.16,11268.903
2024-04-08 23:00:00,181.16,181.32,179.97,180.7,12973.507
2024-04-09 00:00:00,180.7,180.91,179.49,179.89,15825.979
2024-04-09 01:00:00,179.89,180.08,178.62,179.1,14393.62
2024-04-09 02:00:00,179.1,180.4,178.79,179.35,11937.461
2024-04-09 03:00:00,179.35,179.67,176.85,177.5,22927.242
2024-04-09 04:00:00,177.5,178.0,176.75,177.79,17414.206
2024-04-09 05:00:00,177.79,178.66,177.5,178.24,10845.844
2024-04-09 06:00:00,178.24,178.48,175.4,176.43,46552.752
2024-04-09 07:00:00,176.43,176.75,175.0,175.67,36021.784
2024-04-09 08:00:00,175.67,175.78,173.2,175.32,60684.958
2024-04-09 09:00:00,175.32,176.03,174.45,175.13,18949.06
2024-04-09 10:00:00,175.13,175.96,174.73,175.61,19364.39
2024-04-09 11:00:00,175.61,176.44,175.56,176.24,17441.775
2024-04-09 12:00:00,176.24,176.64,175.29,175.77,26385.954
2024-04-09 13:00:00,175.77,175.93,173.38,173.43,29770.895
2024-04-09 14:00:00,173.43,174.6,169.85,171.59,80653.116
2024-04-09 15:00:00,171.59,172.63,169.06,172.5,49818.761
2024-04-09 16:00:00,172.5,174.57,171.75,173.99,37304.896
2024-04-09 17:00:00,173.99,177.68,173.37,175.51,66239.192
2024-04-09 18:00:00,175.51,176.07,174.13,174.49,13673.831
2024-04-09 19:00:00,174.49,174.86,173.63,174.34,20049.439
2024-04-09 20:00:00,174.34,175.99,174.26,175.14,38681.579
2024-04-09 21:00:00,175.14,175.16,173.66,174.11,16995.595
2024-04-09 22:00:00,174.11,174.25,173.6,174.0,12057.119
2024-04-09 23:00:00,174.0,174.05,172.0,172.4,50352.578
2024-04-10 00:00:00,172.4,173.04,171.52,172.36,16772.215
2024-04-10 01:00:00,172.36,172.36,170.1,172.13,33679.627
2024-04-10 02:00:00,172.13,173.06,169.24,169.82,24486.958
2024-04-10 03:00:00,169.82,171.58,169.33,171.38,22449.354
2024-04-10 04:00:00,171.38,172.03,170.89,171.04,15328.248
2024-04-10 05:00:00,171.04,172.31,170.96,171.63,10968.435
2024-04-10 06:00:00,171.63,173.84,171.55,172.58,30177.135
2024-04-10 07:00:00,172.58,173.38,172.43,172.79,16437.827
2024-04-10 08:00:00,172.79,172.81,170.65,170.73,35628.825
2024-04-10 09:00:00,170.73,172.21,170.32,171.09,24822.922
2024-04-10 10:00:00,171.09,171.33,168.25,169.9,98235.371
2024-04-10 11:00:00,169.9,170.37,169.19,170.21,21740.877
2024-04-10 12:00:00,170.21,170.7,162.35,165.55,170393.083
2024-04-10 13:00:00,165.55,166.23,163.72,165.97,53551.228
2024-04-10 14:00:00,165.97,169.74,164.82,168.94,63967.456
2024-04-10 15:00:00,168.94,169.24,167.26,167.9,30264.123
2024-04-10 16:00:00,167.9,171.78,166.9,171.55,75605.763
2024-04-10 17:00:00,171.55,173.06,170.58,171.05,90380.223
2024-04-10 18:00:00,171.05,171.12,167.85,168.72,40805.134
2024-04-10 19:00:00,168.72,171.35,168.37,171.35,32873.65
2024-04-10 20:00:00,171.35,172.21,170.18,171.08,75289.287
2024-04-10 21:00:00,171.08,172.95,170.5,172.72,33574.36
2024-04-10 22:00:00,172.72,175.48,172.61,173.96,60970.887
2024-04-10 23:00:00,173.96,174.76,173.0,173.34,20935.356
2024-04-11 00:00:00,173.34,173.4,171.38,172.17,34459.995
2024-04-11 01:00:00,172.17,172.3,171.05,171.37,33076.85
2024-04-11 02:00:00,171.37,172.99,171.33,172.59,19381.013
2024-04-11 03:00:00,172.59,172.97,171.77,172.76,20068.206
2024-04-11 04:00:00,172.76,173.9,171.64,173.66,21465.008
2024-04-11 05:00:00,173.66,174.01,172.71,173.8,20348.352
2024-04-11 06:00:00,173.8,175.17,173.63,174.67,30807.467
2024-04-11 07:00:00,174.67,175.99,174.27,174.46,32883.403
2024-04-11 08:00:00,174.46,175.4,174.15,174.73,23218.54
2024-04-11 09:00:00,174.73,174.79,172.66,172.98,48392.492
2024-04-11 10:00:00,172.98,173.6,172.13,172.32,20188.303
2024-04-11 11:00:00,172.32,172.58,170.01,170.46,35315.702
2024-04-11 12:00:00,170.46,172.72,170.0,171.7,57086.834
2024-04-11 13:00:00,171.7,175.32,171.36,172.83,72632.127
2024-04-11 14:00:00,172.83,174.12,170.47,173.46,38680.783
2024-04-11 15:00:00,173.46,174.92,171.91,173.4,44716.165
2024-04-11 16:00:00,173.4,174.49,171.93,173.99,57145.251
2024-04-11 17:00:00,173.99,175.69,173.86,174.75,36945.858
2024-04-11 18:00:00,174.75,176.35,173.59,174.95,36579.534
2024-04-11 19:00:00,174.95,175.71,174.43,174.66,19208.292
2024-04-11 20:00:00,174.66,175.65,174.12,174.38,34248.976
2024-04-11 21:00:00,174.38,174.5,172.32,172.57,20977.179
2024-04-11 22:00:00,172.57,173.15,172.27,172.73,16143.912
2024-04-11 23:00:00,172.73,173.12,171.88,172.35,17173.502
2024-04-12 00:00:00,172.35,173.76,172.3,173.37,15469.629
2024-04-12 01:00:00,173.37,173.69,172.37,172.54,14955.579
2024-04-12 02:00:00,172.54,174.34,172.47,173.08,16220.464
2024-04-12 03:00:00,173.08,174.26,173.08,174.05,14406.117
2024-04-12 04:00:00,174.05,174.78,173.15,174.45,11241.831
2024-04-12 05:00:00,174.45,175.75,173.96,175.7,20559.27
2024-04-12 06:00:00,175.7,175.94,173.61,174.3,24084.743
2024-04-12 07:00:00,174.3,174.64,172.95,173.26,16388.827
2024-04-12 08:00:00,173.26,173.7,172.67,172.92,17774.202
2024-04-12 09:00:00,172.92,173.27,171.91,172.38,20880.06
2024-04-12 10:00:00,172.38,172.45,171.39,172.14,24246.327
2024-04-12 11:00:00,172.14,173.41,172.03,172.67,22490.088
2024-04-12 12:00:00,172.67,172.73,169.18,169.65,54129.659
2024-04-12 13:00:00,169.65,169.65,166.6,167.76,49022.54
2024-04-12 14:00:00,167.76,168.55,166.74,167.47,32751.393
2024-04-12 15:00:00,167.47,168.52,166.8,167.31,22640.465
2024-04-12 16:00:00,167.31,167.85,165.08,165.96,39387.2
2024-04-12 17:00:00,165.96,166.4,159.37,163.47,180172.131
2024-04-12 18:00:00,163.47,163.73,139.55,151.01,584920.39
2024-04-12 19:00:00,151.01,154.09,147.45,149.14,275746.98
2024-04-12 20:00:00,149.14,154.42,148.65,152.52,160107.676
2024-04-12 21:00:00,152.52,153.5,149.7,152.04,104698.31
2024-04-12 22:00:00,152.04,152.63,149.73,151.51,112567.134
2024-04-12 23:00:00,151.51,154.38,150.0,153.19,76054.439
2024-04-13 00:00:00,153.19,153.49,151.06,151.61,50849.551
2024-04-13 01:00:00,151.61,151.64,145.43,146.3,91270.519
2024-04-13 02:00:00,146.3,149.91,145.84,149.36,105817.74
2024-04-13 03:00:00,149.36,152.2,148.67,151.81,63258.473
2024-04-13 04:00:00,151.81,154.89,151.17,153.54,54621.147
2024-04-13 05:00:00,153.54,154.97,152.52,152.62,69561.284
2024-04-13 06:00:00,152.62,153.83,151.84,153.26,55159.729
2024-04-13 07:00:00,153.26,153.62,150.54,150.99,35117.781
2024-04-13 08:00:00,150.99,151.73,149.41,149.83,27388.665
2024-04-13 09:00:00,149.83,151.46,149.69,151.17,26441.836
2024-04-13 10:00:00,151.17,152.18,150.39,151.99,28093.072
2024-04-13 11:00:00,151.99,153.38,150.94,151.24,44163.211
2024-04-13 12:00:00,151.24,152.54,150.1,151.81,45013.414
2024-04-13 13:00:00,151.81,153.02,150.67,151.1,34637.868
2024-04-13 14:00:00,151.1,151.61,148.98,149.87,32446.178
2024-04-13 15:00:00,149.87,151.79,148.38,149.0,59636.209
2024-04-13 16:00:00,149.0,149.69,144.39,145.57,116688.655
2024-04-13 17:00:00,145.57,145.62,136.15,139.33,458747.201
2024-04-13 18:00:00,139.33,144.21,136.49,143.56,273585.554
2024-04-13 19:00:00,143.56,144.01,126.01,133.53,453041.919
2024-04-13 20:00:00,133.53,134.58,113.0,124.25,1502865.799
2024-04-13 21:00:00,124.25,133.76,122.9,133.41,466779.324
2024-04-13 22:00:00,133.41,143.42,129.55,141.03,436280.535
2024-04-13 23:00:00,141.03,142.53,138.0,138.35,260713.368
2024-04-14 00:00:00,138.35,140.94,135.08,137.91,211928.011
2024-04-14 01:00:00,137.91,140.06,135.74,138.41,133806.812
2024-04-14 02:00:00,138.41,139.39,134.23,134.39,153269.533
2024-04-14 03:00:00,134.39,135.5,130.44,134.92,180952.963
2024-04-14 04:00:00,134.92,141.74,133.86,140.27,182400.565
2024-04-14 05:00:00,140.27,143.57,139.84,142.6,136503.012
2024-04-14 06:00:00,142.6,144.5,141.08,143.12,108803.196
2024-04-14 07:00:00,143.12,144.58,141.85,144.06,88206.148
2024-04-14 08:00:00,144.06,145.58,142.53,143.02,67866.986
2024-04-14 09:00:00,143.02,144.42,140.48,141.5,95016.78
2024-04-14 10:00:00,141.5,143.84,141.43,142.62,76200.765
2024-04-14 11:00:00,142.62,143.11,138.22,138.82,102479.471
2024-04-14 12:00:00,138.82,143.16,138.02,141.49,94043.891
2024-04-14 13:00:00,141.49,143.25,137.44,137.74,160008.789
2024-04-14 14:00:00,137.74,139.59,135.46,137.27,175318.236
2024-04-14 15:00:00,137.27,140.48,136.9,137.98,114464.482
2024-04-14 16:00:00,137.98,141.74,137.54,139.1,134730.487
2024-04-14 17:00:00,139.1,140.25,132.83,137.77,385616.048
2024-04-14 18:00:00,137.77,143.17,137.32,142.35,183620.849
2024-04-14 19:00:00,142.35,142.96,140.53,141.76,88975.56
2024-04-14 20:00:00,141.76,143.78,140.61,141.13,126626.315
2024-04-14 21:00:00,141.13,141.94,139.82,141.53,69778.48
2024-04-14 22:00:00,141.53,150.96,141.53,150.62,181468.209
2024-04-14 23:00:00,150.62,152.87,150.26,151.23,99728.866
2024-04-15 00:00:00,151.23,151.28,147.58,148.49,87180.353
2024-04-15 01:00:00,148.49,149.44,147.08,148.33,72911.638
2024-04-15 02:00:00,148.33,148.76,146.4,146.95,68985.836
2024-04-15 03:00:00,146.95,149.01,146.63,148.14,57034.368
2024-04-15 04:00:00,148.14,148.68,146.07,148.3,58987.715
2024-04-15 05:00:00,148.3,151.96,147.97,151.79,77647.558
2024-04-15 06:00:00,151.79,156.06,150.94,155.4,116851.717
2024-04-15 07:00:00,155.4,156.05,153.76,153.78,80632.251
2024-04-15 08:00:00,153.78,155.0,152.79,153.33,70341.965
2024-04-15 09:00:00,153.33,154.86,152.15,154.11,56792.318
2024-04-15 10:00:00,154.11,154.44,153.26,153.35,53142.042
2024-04-15 11:00:00,153.35,154.06,150.79,150.99,58224.616
2024-04-15 12:00:00,150.99,151.74,149.49,150.95,47077.816
2024-04-15 13:00:00,150.95,152.32,148.71,149.45,77325.685
2024-04-15 14:00:00,149.45,150.75,143.45,144.68,333111.359
2024-04-15 15:00:00,144.68,146.47,141.41,143.33,291905.339
2024-04-15 16:00:00,143.33,144.58,139.55,139.94,224304.059
2024-04-15 17:00:00,139.94,143.3,137.73,139.55,264095.097
2024-04-15 18:00:00,139.55,140.16,135.41,135.7,252875.321
2024-04-15 19:00:00,135.7,139.28,133.62,137.85,207434.859
2024-04-15 20:00:00,137.85,139.54,135.96,136.16,115833.101
2024-04-15 21:00:00,136.16,138.79,135.42,138.56,61726.108
2024-04-15 22:00:00,138.56,140.07,136.95,140.01,41492.549
2024-04-15 23:00:00,140.01,140.23,137.74,138.53,42328.873
2024-04-16 00:00:00,138.53,138.99,135.45,137.48,75395.617
2024-04-16 01:00:00,137.48,140.6,136.91,137.65,70089.683
2024-04-16 02:00:00,137.65,138.88,135.87,137.76,80959.099
2024-04-16 03:00:00,137.76,138.56,133.62,134.6,76486.365
2024-04-16 04:00:00,134.6,135.42,130.09,132.46,155693.261
2024-04-16 05:00:00,132.46,134.55,131.78,133.73,69024.883
2024-04-16 06:00:00,133.73,136.4,133.55,135.7,55461.674
2024-04-16 07:00:00,135.7,138.92,135.46,137.89,71105.384
2024-04-16 08:00:00,137.89,138.06,136.17,136.68,64330.209
2024-04-16 09:00:00,136.68,138.01,135.67,136.01,57635.491
2024-04-16 10:00:00,136.01,136.32,129.88,133.29,178324.157
2024-04-16 11:00:00,133.29,136.74,132.37,136.22,135587.583
2024-04-16 12:00:00,136.22,136.23,133.02,133.64,83789.139
2024-04-16 13:00:00,133.64,133.98,129.07,131.93,182698.97
2024-04-16 14:00:00,131.93,134.58,130.54,131.03,125343.775
2024-04-16 15:00:00,131.03,132.03,127.4,127.66,193363.237
2024-04-16 16:00:00,127.66,132.44,126.45,132.2,196919.939
2024-04-16 17:00:00,132.2,135.54,131.38,132.35,158317.941
2024-04-16 18:00:00,132.35,134.77,131.58,134.06,115100.747
2024-04-16 19:00:00,134.06,134.95,131.75,132.18,79122.378
2024-04-16 20:00:00,132.18,134.59,131.7,134.17,68748.694
2024-04-16 21:00:00,134.17,137.99,134.01,137.16,52154.709
2024-04-16 22:00:00,137.16,137.98,135.92,137.6,40415.39
2024-04-16 23:00:00,137.6,137.92,136.01,136.23,36388.74
2024-04-17 00:00:00,136.23,138.3,135.4,137.4,59105.061
2024-04-17 01:00:00,137.4,137.84,134.87,137.07,53531.096
2024-04-17 02:00:00,137.07,137.48,135.21,136.98,47944.28
2024-04-17 03:00:00,136.98,137.71,136.36,137.44,34948.111
2024-04-17 04:00:00,137.44,142.72,136.69,141.44,99285.646
2024-04-17 05:00:00,141.44,142.18,139.19,139.54,54817.341
2024-04-17 06:00:00,139.54,141.13,138.53,140.46,44717.912
2024-04-17 07:00:00,140.46,140.79,138.31,139.47,55064.499
2024-04-17 08:00:00,139.47,140.25,137.83,138.75,51365.224
2024-04-17 09:00:00,138.75,139.87,138.28,139.07,48690.568
2024-04-17 10:00:00,139.07,139.12,136.28,136.62,50514.417
2024-04-17 11:00:00,136.62,137.48,132.82,134.27,103761.949
2024-04-17 12:00:00,134.27,135.0,130.74,132.12,126250.367
2024-04-17 13:00:00,132.12,135.01,131.61,133.72,116104.414
2024-04-17 14:00:00,133.72,133.8,128.66,131.62,191854.397
2024-04-17 15:00:00,131.62,132.02,127.55,128.71,183430.514
2024-04-17 16:00:00,128.71,131.56,126.86,128.28,172494.703
2024-04-17 17:00:00,128.28,132.89,128.01,132.55,105504.998
2024-04-17 18:00:00,132.55,137.95,131.9,135.6,125042.405
2024-04-17 19:00:00,135.6,135.85,132.72,134.6,106573.136
2024-04-17 20:00:00,134.6,136.53,132.87,133.4,107176.162
2024-04-17 21:00:00,133.4,138.16,133.4,135.15,97244.708
2024-04-17 22:00:00,135.15,135.57,133.82,134.57,61849.826
2024-04-17 23:00:00,134.57,135.25,131.59,131.84,68596.647
2024-04-18 00:00:00,131.84,133.05,129.63,132.26,107316.792
2024-04-18 01:00:00,132.26,133.79,131.75,133.48,68127.193
2024-04-18 02:00:00,133.48,134.84,131.62,134.09,80455.208
2024-04-18 03:00:00,134.09,136.69,134.01,135.6,76006.271
2024-04-18 04:00:00,135.6,136.84,134.2,134.3,39989.051
2024-04-18 05:00:00,134.3,136.06,132.75,133.12,62519.538
2024-04-18 06:00:00,133.12,133.36,129.83,131.08,77176.013
2024-04-18 07:00:00,131.08,131.82,129.0,129.4,90378.302
2024-04-18 08:00:00,129.4,131.19,127.59,130.16,80328.911
2024-04-18 09:00:00,130.16,131.64,129.49,130.97,56729.22
2024-04-18 10:00:00,130.97,133.92,130.5,133.19,67082.995
2024-04-18 11:00:00,133.19,137.02,133.18,135.75,134006.627
2024-04-18 12:00:00,135.75,136.21,131.93,133.3,86235.6
2024-04-18 13:00:00,133.3,134.88,131.94,134.51,74069.891
2024-04-18 14:00:00,134.51,139.85,133.27,138.84,119911.841
2024-04-18 15:00:00,138.84,141.44,138.24,138.97,90789.405
2024-04-18 16:00:00,138.97,141.46,138.5,139.41,77150.681
2024-04-18 17:00:00,139.41,139.93,136.49,136.88,76999.477
2024-04-18 18:00:00,136.88,139.05,135.59,138.9,67863.851
2024-04-18 19:00:00,138.9,140.78,138.48,140.27,71923.933
2024-04-18 20:00:00,140.27,141.15,139.55,140.28,43490.618
2024-04-18 21:00:00,140.28,141.74,139.56,140.64,36453.218
2024-04-18 22:00:00,140.64,143.99,140.17,142.84,82324.79
2024-04-18 23:00:00,142.84,143.8,141.74,142.06,43133.332
2024-04-19 00:00:00,142.06,142.06,137.93,138.25,87105.32
2024-04-19 01:00:00,138.25,138.28,131.38,132.32,177304.094
2024-04-19 02:00:00,132.32,133.33,128.41,132.98,211597.564
2024-04-19 03:00:00,132.98,136.58,132.52,136.51,168173.09
2024-04-19 04:00:00,136.51,140.74,136.21,139.39,105053.387
2024-04-19 05:00:00,139.39,140.9,137.0,139.0,116504.191
2024-04-19 06:00:00,139.0,146.42,137.61,145.06,192284.247
2024-04-19 07:00:00,145.06,146.92,142.64,143.37,108535.464
2024-04-19 08:00:00,143.37,145.71,142.55,144.25,147071.954
2024-04-19 09:00:00,144.25,144.95,142.8,143.48,67678.146
2024-04-19 10:00:00,143.48,145.53,143.12,144.94,58341.665
2024-04-19 11:00:00,144.94,146.06,144.25,144.49,77603.381
2024-04-19 12:00:00,144.49,145.54,143.04,143.94,88912.257
2024-04-19 13:00:00,143.94,145.08,142.87,144.35,64168.672
2024-04-19 14:00:00,144.35,147.0,141.68,145.59,102683.94
2024-04-19 15:00:00,145.59,147.51,144.75,146.19,66196.179
2024-04-19 16:00:00,146.19,147.46,143.68,145.75,90778.741
2024-04-19 17:00:00,145.75,146.98,144.75,146.38,53801.763
2024-04-19 18:00:00,146.38,146.47,144.36,144.86,44485.112
2024-04-19 19:00:00,144.86,145.9,144.23,145.51,40444.324
2024-04-19 20:00:00,145.51,145.82,142.48,143.0,55122.107
2024-04-19 21:00:00,143.0,144.89,142.93,144.52,21168.753
2024-04-19 22:00:00,144.52,145.71,143.51,143.65,33638.429
2024-04-19 23:00:00,143.65,144.04,140.06,142.47,83661.807
2024-04-20 00:00:00,142.47,143.38,140.34,140.74,71391.861
2024-04-20 01:00:00,140.74,142.68,139.68,142.06,49254.205
2024-04-20 02:00:00,142.06,143.57,141.44,142.67,38397.55
2024-04-20 03:00:00,142.67,143.07,141.94,142.4,26928.195
2024-04-20 04:00:00,142.4,144.91,141.59,144.83,38517.386
2024-04-20 05:00:00,144.83,145.05,143.09,143.68,47680.058
2024-04-20 06:00:00,143.68,144.95,142.75,143.98,28793.978
2024-04-20 07:00:00,143.98,144.3,143.34,143.53,16626.423
2024-04-20 08:00:00,143.53,143.59,141.96,142.42,25138.786
2024-04-20 09:00:00,142.42,142.56,140.07,141.07,44093.079
2024-04-20 10:00:00,141.07,141.88,140.08,141.34,37532.07
2024-04-20 11:00:00,141.34,142.1,140.93,141.56,34712.352
2024-04-20 12:00:00,141.56,142.97,140.94,142.31,35539.685
2024-04-20 13:00:00,142.31,143.38,142.23,142.5,30114.197
2024-04-20 14:00:00,142.5,143.33,141.86,142.89,29057.994
2024-04-20 15:00:00,142.89,147.48,142.09,147.17,67703.928
2024-04-20 16:00:00,147.17,148.34,146.29,147.44,60041.44
2024-04-20 17:00:00,147.44,151.03,147.41,150.6,103495.5
2024-04-20 18:00:00,150.6,151.71,149.48,150.51,46571.599
2024-04-20 19:00:00,150.51,151.87,149.96,151.2,33480.691
2024-04-20 20:00:00,151.2,152.42,150.51,151.25,33785.451
2024-04-20 21:00:00,151.25,151.96,150.32,150.69,15058.759
2024-04-20 22:00:00,150.69,150.85,149.17,149.17,33424.056
2024-04-20 23:00:00,149.17,151.49,149.07,151.22,25907.608
2024-04-21 00:00:00,151.22,151.26,148.1,148.66,32660.666
2024-04-21 01:00:00,148.66,150.55,148.64,149.42,24048.26
2024-04-21 02:00:00,149.42,152.05,149.15,152.05,32827.851
2024-04-21 03:00:00,152.05,153.49,150.21,150.65,42640.38
2024-04-21 04:00:00,150.65,151.32,149.9,150.95,23188.234
2024-04-21 05:00:00,150.95,151.79,149.9,150.43,18903.822
2024-04-21 06:00:00,150.43,151.73,150.04,151.03,23147.436
2024-04-21 07:00:00,151.03,151.64,150.22,151.17,18796.151
2024-04-21 08:00:00,151.17,152.68,150.89,151.63,31391.253
2024-04-21 09:00:00,151.63,152.26,150.84,151.08,26045.252
2024-04-21 10:00:00,151.08,151.56,149.58,151.01,25403.957
2024-04-21 11:00:00,151.01,152.43,150.5,151.46,23864.25
2024-04-21 12:00:00,151.46,151.77,149.72,150.12,21848.611
2024-04-21 13:00:00,150.12,150.87,148.54,148.92,28726.835
2024-04-21 14:00:00,148.92,150.15,148.56,149.11,29242.37
2024-04-21 15:00:00,149.11,150.79,149.04,150.17,28398.46
2024-04-21 16:00:00,150.17,150.36,146.75,147.9,86009.905
2024-04-21 17:00:00,147.9,149.25,147.16,148.99,30997.359
2024-04-21 18:00:00,148.99,149.2,148.07,148.61,14509.748
2024-04-21 19:00:00,148.61,149.32,147.96,147.98,20372.135
2024-04-21 20:00:00,147.98,149.41,147.48,149.27,28587.405
2024-04-21 21:00:00,149.27,150.84,148.55,148.93,32614.234
2024-04-21 22:00:00,148.93,150.51,148.48,148.99,46627.477
2024-04-21 23:00:00,148.99,149.15,148.1,148.82,24288.173
2024-04-22 00:00:00,148.82,150.48,148.39,148.94,26959.947
2024-04-22 01:00:00,148.94,151.58,148.01,148.09,58401.556
2024-04-22 02:00:00,148.09,148.54,146.65,147.39,54000.62
2024-04-22 03:00:00,147.39,151.38,147.25,150.33,45192.883
2024-04-22 04:00:00,150.33,151.75,149.95,150.9,30536.331
2024-04-22 05:00:00,150.9,153.27,150.74,153.21,31955.154
2024-04-22 06:00:00,153.21,156.58,152.84,154.91,93081.148
2024-04-22 07:00:00,154.91,155.89,153.47,153.59,27769.215
2024-04-22 08:00:00,153.59,154.29,152.29,152.66,27224.888
2024-04-22 09:00:00,152.66,153.95,152.46,153.9,20540.33
2024-04-22 10:00:00,153.9,154.67,153.52,154.12,44208.99
2024-04-22 11:00:00,154.12,154.25,152.43,153.26,35768.606
2024-04-22 12:00:00,153.26,154.94,153.17,154.16,70423.13
2024-04-22 13:00:00,154.16,154.86,152.76,154.21,60469.353
2024-04-22 14:00:00,154.21,154.95,152.93,153.33,39394.235
2024-04-22 15:00:00,153.33,153.86,151.52,153.43,61141.698
2024-04-22 16:00:00,153.43,154.74,152.35,153.43,80633.088
2024-04-22 17:00:00,153.43,156.14,153.43,154.93,53713.821
2024-04-22 18:00:00,154.93,155.3,153.82,154.13,42384.827
2024-04-22 19:00:00,154.13,154.79,153.31,154.55,31960.336
2024-04-22 20:00:00,154.55,155.67,154.11,154.84,29935.446
2024-04-22 21:00:00,154.84,155.77,154.24,155.58,22440.438
2024-04-22 22:00:00,155.58,158.58,155.58,158.06,80824.841
2024-04-22 23:00:00,158.06,158.39,156.72,156.98,31087.758
2024-04-23 00:00:00,156.98,159.4,156.63,158.9,29058.615
2024-04-23 01:00:00,158.9,159.11,157.54,157.68,23938.622
2024-04-23 02:00:00,157.68,158.51,156.83,157.05,19754.607
2024-04-23 03:00:00,157.05,157.74,155.43,155.51,25485.286
2024-04-23 04:00:00,155.51,156.82,154.3,154.74,24738.429
2024-04-23 05:00:00,154.74,156.16,154.65,155.68,17917.483
2024-04-23 06:00:00,155.68,155.91,153.83,154.39,21133.788
2024-04-23 07:00:00,154.39,154.8,153.02,153.62,22424.302
2024-04-23 08:00:00,153.62,154.65,153.12,154.24,21296.969
2024-04-23 09:00:00,154.24,154.64,153.41,153.83,21435.328
2024-04-23 10:00:00,153.83,155.55,153.79,155.11,32036.67
2024-04-23 11:00:00,155.11,155.25,153.5,154.04,31977.414
2024-04-23 12:00:00,154.04,154.83,153.54,154.73,22737.419
2024-04-23 13:00:00,154.73,156.44,153.87,156.12,36986.723
2024-04-23 14:00:00,156.12,158.48,155.8,158.3,94148.085
2024-04-23 15:00:00,158.3,159.78,157.41,157.97,79694.802
2024-04-23 16:00:00,157.97,159.21,157.38,158.08,52576.191
2024-04-23 17:00:00,158.08,160.04,157.53,159.23,32454.458
2024-04-23 18:00:00,159.23,159.73,158.11,159.16,26844.852
2024-04-23 19:00:00,159.16,159.16,157.07,157.45,29368.728
2024-04-23 20:00:00,157.45,157.77,155.58,156.49,59031.062
2024-04-23 21:00:00,156.49,157.4,155.82,156.3,19719.207
2024-04-23 22:00:00,156.3,156.88,155.12,155.28,30655.165
2024-04-23 23:00:00,155.28,155.28,154.58,154.76,27912.168
2024-04-24 00:00:00,154.76,156.79,154.42,156.76,47830.672
2024-04-24 01:00:00,156.76,158.92,156.58,157.89,35791.574
2024-04-24 02:00:00,157.89,158.22,155.32,155.94,45138.434
2024-04-24 03:00:00,155.94,157.35,155.78,156.75,38161.525
2024-04-24 04:00:00,156.75,159.39,156.28,159.19,34141.571
2024-04-24 05:00:00,159.19,159.78,157.69,158.04,34841.545
2024-04-24 06:00:00,158.04,158.88,157.1,158.25,41136.393
2024-04-24 07:00:00,158.25,158.91,157.64,157.87,21774.978
2024-04-24 08:00:00,157.87,158.36,156.85,157.33,36408.322
2024-04-24 09:00:00,157.33,157.44,156.47,157.22,23888.117
2024-04-24 10:00:00,157.22,158.22,156.95,157.78,29398.057
2024-04-24 11:00:00,157.78,159.4,157.6,159.37,24543.695
2024-04-24 12:00:00,159.37,159.71,158.52,158.64,36455.765
2024-04-24 13:00:00,158.64,158.72,156.08,156.74,55930.373
2024-04-24 14:00:00,156.74,157.38,152.76,155.05,135071.483
2024-04-24 15:00:00,155.05,155.07,151.07,151.51,122635.801
2024-04-24 16:00:00,151.51,152.78,150.62,151.8,82296.253
2024-04-24 17:00:00,151.8,153.86,151.17,152.29,67249.309
2024-04-24 18:00:00,152.29,152.34,148.56,148.61,82637.301
2024-04-24 19:00:00,148.61,151.36,147.39,149.8,90870.435
2024-04-24 20:00:00,149.8,150.52,148.37,149.02,45644.588
2024-04-24 21:00:00,149.02,150.22,148.14,150.03,47824.019
2024-04-24 22:00:00,150.03,150.03,146.25,146.9,86279.532
2024-04-24 23:00:00,146.9,147.99,145.53,147.78,48303.386
2024-04-25 00:00:00,147.78,150.09,147.39,148.62,59656.168
2024-04-25 01:00:00,148.62,149.23,145.79,145.93,70061.589
2024-04-25 02:00:00,145.93,147.22,144.75,146.52,71688.292
2024-04-25 03:00:00,146.52,147.16,145.43,146.03,69183.906
2024-04-25 04:00:00,146.03,147.53,144.74,147.4,43175.841
2024-04-25 05:00:00,147.4,148.38,146.25,147.82,33539.804
2024-04-25 06:00:00,147.82,148.55,147.0,147.37,38075.998
2024-04-25 07:00:00,147.37,147.84,145.63,146.28,52877.616
2024-04-25 08:00:00,146.28,147.37,145.28,146.41,36316.664
2024-04-25 09:00:00,146.41,147.54,145.65,146.27,30119.301
2024-04-25 10:00:00,146.27,146.27,143.46,143.76,85800.356
2024-04-25 11:00:00,143.76,145.55,143.14,144.8,49328.828
2024-04-25 12:00:00,144.8,146.54,143.06,143.57,57621.043
2024-04-25 13:00:00,143.57,144.96,142.06,144.66,94136.481
2024-04-25 14:00:00,144.66,146.48,144.33,145.03,68250.526
2024-04-25 15:00:00,145.03,148.41,144.49,147.88,57786.291
2024-04-25 16:00:00,147.88,148.67,146.82,148.62,42267.325
2024-04-25 17:00:00,148.62,149.48,147.48,148.47,34086.333
2024-04-25 18:00:00,148.47,148.77,147.4,148.17,41910.158
2024-04-25 19:00:00,148.17,148.68,146.55,146.91,47760.077
2024-04-25 20:00:00,146.91,147.99,145.72,147.45,54777.845
2024-04-25 21:00:00,147.45,149.02,147.03,147.15,46605.765
2024-04-25 22:00:00,147.15,147.21,145.23,145.36,49236.563
2024-04-25 23:00:00,145.36,146.08,144.73,144.86,33402.475
2024-04-26 00:00:00,144.86,145.15,142.16,143.07,48267.937
2024-04-26 01:00:00,143.07,144.75,141.44,143.63,64929.863
2024-04-26 02:00:00,143.63,145.05,143.51,144.25,28002.778
2024-04-26 03:00:00,144.25,144.81,143.06,143.22,19077.683
2024-04-26 04:00:00,143.22,144.16,142.38,143.11,28782.484
2024-04-26 05:00:00,143.11,144.78,142.8,144.78,19081.076
2024-04-26 06:00:00,144.78,144.86,143.46,143.67,20916.2
2024-04-26 07:00:00,143.67,144.48,142.83,143.47,28173.193
2024-04-26 08:00:00,143.47,144.5,143.27,144.21,40646.794
2024-04-26 09:00:00,144.21,144.63,143.72,144.21,24322.402
2024-04-26 10:00:00,144.21,144.46,142.26,142.43,34180.388
2024-04-26 11:00:00,142.43,143.23,142.31,143.16,22489.952
2024-04-26 12:00:00,143.16,144.38,142.36,143.09,37678.916
2024-04-26 13:00:00,143.09,144.6,141.09,144.37,57058.743
2024-04-26 14:00:00,144.37,146.2,142.96,143.38,54448.23
2024-04-26 15:00:00,143.38,143.92,141.96,142.7,55310.879
2024-04-26 16:00:00,142.7,143.29,141.69,142.22,35731.706
2024-04-26 17:00:00,142.22,143.75,142.08,143.41,28698.197
2024-04-26 18:00:00,143.41,144.19,143.13,144.08,15921.354
2024-04-26 19:00:00,144.08,144.27,142.66,142.7,21003.639
2024-04-26 20:00:00,142.7,143.85,142.53,142.86,21302.774
2024-04-26 21:00:00,142.86,143.15,141.77,142.69,11980.016
2024-04-26 22:00:00,142.69,142.78,138.71,139.22,66523.374
2024-04-26 23:00:00,139.22,139.97,138.95,139.25,29587.423
2024-04-27 00:00:00,139.25,140.24,136.22,137.76,61764.585
2024-04-27 01:00:00,137.76,137.85,132.55,134.92,101433.909
2024-04-27 02:00:00,134.92,136.98,134.59,135.38,43360.714
2024-04-27 03:00:00,135.38,136.86,135.08,136.28,34635.962
2024-04-27 04:00:00,136.28,137.23,136.12,137.07,37929.845
2024-04-27 05:00:00,137.07,137.15,135.52,136.25,42720.239
2024-04-27 06:00:00,136.25,136.75,135.77,136.13,20577.262
2024-04-27 07:00:00,136.13,137.0,135.95,136.16,14304.269
2024-04-27 08:00:00,136.16,136.81,135.67,136.1,21799.362
2024-04-27 09:00:00,136.1,136.72,135.61,136.18,21270.193
2024-04-27 10:00:00,136.18,136.45,135.44,135.77,20147.684
2024-04-27 11:00:00,135.77,136.5,135.23,135.9,23671.661
2024-04-27 12:00:00,135.9,137.71,135.68,137.33,28905.689
2024-04-27 13:00:00,137.33,139.06,137.05,138.94,44247.142
2024-04-27 14:00:00,138.94,139.85,137.89,138.22,31085.028
2024-04-27 15:00:00,138.22,138.59,137.26,137.72,21051.46
2024-04-27 16:00:00,137.72,138.72,137.42,138.18,20841.091
2024-04-27 17:00:00,138.18,142.27,138.14,141.64,63942.077
2024-04-27 18:00:00,141.64,142.49,139.52,141.27,68496.088
2024-04-27 19:00:00,141.27,142.4,140.93,142.28,37403.318
2024-04-27 20:00:00,142.28,143.04,140.85,141.2,38322.282
2024-04-27 21:00:00,141.2,141.21,139.94,140.48,34177.736
2024-04-27 22:00:00,140.48,140.98,139.98,140.65,16516.227
2024-04-27 23:00:00,140.65,141.95,140.65,141.33,19493.596
2024-04-28 00:00:00,141.33,142.26,140.76,141.97,21526.394
2024-04-28 01:00:00,141.97,143.4,141.41,143.14,20401.294
2024-04-28 02:00:00,143.14,144.76,142.61,144.09,24364.791
2024-04-28 03:00:00,144.09,144.74,143.72,143.81,24721.846
2024-04-28 04:00:00,143.81,144.0,142.83,142.96,18347.366
2024-04-28 05:00:00,142.96,144.43,142.91,143.55,27042.607
2024-04-28 06:00:00,143.55,144.06,143.04,143.9,15817.481
2024-04-28 07:00:00,143.9,144.39,143.32,143.57,31190.349
2024-04-28 08:00:00,143.57,143.95,142.36,142.72,29998.893
2024-04-28 09:00:00,142.72,143.27,142.05,142.33,17623.837
2024-04-28 10:00:00,142.33,142.72,141.32,142.37,20293.609
2024-04-28 11:00:00,142.37,142.44,140.9,141.23,23340.428
2024-04-28 12:00:00,141.23,142.02,141.12,141.69,12774.927
2024-04-28 13:00:00,141.69,143.01,141.56,142.59,19283.991
2024-04-28 14:00:00,142.59,142.67,141.68,142.14,12714.28
2024-04-28 15:00:00,142.14,142.52,141.76,142.04,14565.949
2024-04-28 16:00:00,142.04,142.84,141.8,142.47,16398.61
2024-04-28 17:00:00,142.47,143.03,142.25,142.98,10282.649
2024-04-28 18:00:00,142.98,143.99,142.66,143.8,21384.937
2024-04-28 19:00:00,143.8,143.95,142.03,142.07,16605.743
2024-04-28 20:00:00,142.07,142.36,141.08,141.82,17947.518
2024-04-28 21:00:00,141.82,142.02,141.24,141.37,7423.499
2024-04-28 22:00:00,141.37,141.69,138.32,139.1,44984.321
2024-04-28 23:00:00,139.1,139.1,137.05,137.99,38374.968
2024-04-29 00:00:00,137.99,138.95,137.53,138.39,27132.728
2024-04-29 01:00:00,138.39,138.89,137.63,138.52,21400.328
2024-04-29 02:00:00,138.52,138.78,135.9,136.35,41250.087
2024-04-29 03:00:00,136.35,136.62,134.37,134.92,56744.595
2024-04-29 04:00:00,134.92,136.46,134.28,136.13,31132.687
2024-04-29 05:00:00,136.13,136.8,135.49,136.72,16349.015
2024-04-29 06:00:00,136.72,136.76,134.0,135.03,30904.749
2024-04-29 07:00:00,135.03,135.47,134.39,134.92,27899.257
2024-04-29 08:00:00,134.92,135.24,133.62,134.9,25334.903
2024-04-29 09:00:00,134.9,136.02,134.46,135.63,26386.579
2024-04-29 10:00:00,135.63,136.74,134.69,135.23,100426.231
2024-04-29 11:00:00,135.23,135.47,134.28,134.65,27295.288
2024-04-29 12:00:00,134.65,136.05,133.92,136.04,26773.909
2024-04-29 13:00:00,136.04,136.7,134.09,134.79,34073.499
2024-04-29 14:00:00,134.79,137.55,134.35,136.79,52769.311
2024-04-29 15:00:00,136.79,137.01,135.67,136.49,32082.512
2024-04-29 16:00:00,136.49,136.66,133.37,133.62,37788.479
2024-04-29 17:00:00,133.62,135.44,133.52,135.07,31347.554
2024-04-29 18:00:00,135.07,135.1,133.61,134.56,26721.296
2024-04-29 19:00:00,134.56,135.31,133.55,135.0,94813.794
2024-04-29 20:00:00,135.0,135.8,134.61,134.98,24805.786
2024-04-29 21:00:00,134.98,135.23,134.05,134.9,11249.645
2024-04-29 22:00:00,134.9,138.18,134.72,137.64,41337.392
2024-04-29 23:00:00,137.64,138.71,137.55,137.79,43042.601
2024-04-30 00:00:00,137.79,139.79,136.93,139.16,34268.742
2024-04-30 01:00:00,139.16,139.28,136.46,136.53,33202.448
2024-04-30 02:00:00,136.53,137.62,135.0,137.28,34862.678
2024-04-30 03:00:00,137.28,137.49,136.27,136.5,25239.637
2024-04-30 04:00:00,136.5,136.77,135.29,135.69,31034.827
2024-04-30 05:00:00,135.69,136.09,134.64,135.34,26288.651
2024-04-30 06:00:00,135.34,136.34,135.01,135.82,41158.916
2024-04-30 07:00:00,135.82,136.2,134.96,135.06,15784.298
2024-04-30 08:00:00,135.06,135.53,130.19,130.85,122260.7
2024-04-30 09:00:00,130.85,131.68,129.88,130.12,54199.173
2024-04-30 10:00:00,130.12,130.78,129.48,130.09,43822.85
2024-04-30 11:00:00,130.09,130.09,128.26,128.8,52306.741
2024-04-30 12:00:00,128.8,129.37,126.73,129.02,72379.953
2024-04-30 13:00:00,129.02,129.44,127.0,127.74,61345.872
2024-04-30 14:00:00,127.74,130.37,127.32,128.81,83323.365
2024-04-30 15:00:00,128.81,129.53,126.79,127.79,56951.76
2024-04-30 16:00:00,127.79,127.79,122.63,125.61,157051.551
2024-04-30 17:00:00,125.61,126.01,123.76,124.65,69473.745
2024-04-30 18:00:00,124.65,125.28,123.42,124.26,39279.842
2024-04-30 19:00:00,124.26,124.85,121.24,123.04,95170.386
2024-04-30 20:00:00,123.04,125.91,123.02,124.94,74917.259
2024-04-30 21:00:00,124.94,126.75,124.88,125.68,46084.496
2024-04-30 22:00:00,125.68,128.82,125.57,127.4,62242.947
2024-04-30 23:00:00,127.4,127.9,126.29,126.75,27154.194
2024-05-01 00:00:00,126.75,127.35,124.57,125.15,42936.398
2024-05-01 01:00:00,125.15,127.55,124.48,126.91,44938.978
2024-05-01 02:00:00,126.91,127.04,123.77,125.12,59073.925
2024-05-01 03:00:00,125.12,126.62,124.75,126.21,30988.12
2024-05-01 04:00:00,126.21,126.85,125.65,125.98,27251.057
2024-05-01 05:00:00,125.98,126.69,124.72,125.16,26582.976
2024-05-01 06:00:00,125.16,125.41,122.55,122.91,48432.332
2024-05-01 07:00:00,122.91,123.42,118.0,120.59,232240.638
2024-05-01 08:00:00,120.59,121.25,118.91,121.24,132785.936
2024-05-01 09:00:00,121.24,122.56,120.68,120.82,77767.723
2024-05-01 10:00:00,120.82,121.93,120.38,121.69,49326.11
2024-05-01 11:00:00,121.69,123.08,121.3,123.04,43007.029
2024-05-01 12:00:00,123.04,124.94,122.46,123.86,95057.065
2024-05-01 13:00:00,123.86,124.1,122.31,123.5,64358.788
2024-05-01 14:00:00,123.5,124.03,122.1,123.52,63428.577
2024-05-01 15:00:00,123.52,123.58,121.42,123.39,68845.73
2024-05-01 16:00:00,123.39,126.72,122.63,124.54,91056.261
2024-05-01 17:00:00,124.54,127.84,123.79,126.79,86968.454
2024-05-01 18:00:00,126.79,135.96,126.24,133.96,317288.069
2024-05-01 19:00:00,133.96,135.31,128.62,129.71,279461.867
2024-05-01 20:00:00,129.71,133.24,128.81,131.77,128936.653
2024-05-01 21:00:00,131.77,134.7,130.22,133.42,114405.255
2024-05-01 22:00:00,133.42,134.55,133.32,133.39,47646.745
2024-05-01 23:00:00,133.39,135.23,132.84,134.63,60731.871
2024-05-02 00:00:00,134.63,134.99,131.23,131.46,93848.068
2024-05-02 01:00:00,131.46,132.07,129.1,129.73,75707.631
2024-05-02 02:00:00,129.73,130.58,128.69,129.63,46068.068
2024-05-02 03:00:00,129.63,131.02,129.46,130.09,31337.751
2024-05-02 04:00:00,130.09,131.21,129.12,129.61,35416.528
2024-05-02 05:00:00,129.61,129.87,128.28,129.59,56819.252
2024-05-02 06:00:00,129.59,130.44,129.37,129.74,34607.186
2024-05-02 07:00:00,129.74,132.95,129.71,131.38,89508.525
2024-05-02 08:00:00,131.38,133.94,131.07,133.37,56575.446
2024-05-02 09:00:00,133.37,133.84,132.45,133.76,46143.347
2024-05-02 10:00:00,133.76,135.54,132.78,134.42,59510.213
2024-05-02 11:00:00,134.42,138.93,134.23,138.68,159107.196
2024-05-02 12:00:00,138.68,139.08,136.81,136.99,113264.766
2024-05-02 13:00:00,136.99,137.58,135.37,135.86,57338.595
2024-05-02 14:00:00,135.86,139.31,135.03,138.75,76507.769
2024-05-02 15:00:00,138.75,140.44,138.29,139.08,95752.516
2024-05-02 16:00:00,139.08,139.27,137.7,137.76,39488.283
2024-05-02 17:00:00,137.76,139.85,137.62,139.09,38429.837
2024-05-02 18:00:00,139.09,139.67,137.77,137.89,31444.043
2024-05-02 19:00:00,137.89,138.34,136.96,138.06,43796.933
2024-05-02 20:00:00,138.06,138.56,135.46,136.55,59398.603
2024-05-02 21:00:00,136.55,138.79,136.39,138.54,28138.021
2024-05-02 22:00:00,138.54,140.97,138.42,138.75,51707.618
2024-05-02 23:00:00,138.75,139.17,137.51,137.57,24579.57
2024-05-03 00:00:00,137.57,138.82,136.72,137.77,23304.817
2024-05-03 01:00:00,137.77,141.11,137.62,139.55,37273.038
2024-05-03 02:00:00,139.55,141.85,139.1,139.73,63233.694
2024-05-03 03:00:00,139.73,141.43,139.66,140.96,42601.524
2024-05-03 04:00:00,140.96,141.54,139.85,140.04,29857.655
2024-05-03 05:00:00,140.04,140.84,138.96,139.22,36185.674
2024-05-03 06:00:00,139.22,139.47,138.23,138.52,43481.244
2024-05-03 07:00:00,138.52,139.23,136.73,137.23,43040.58
2024-05-03 08:00:00,137.23,138.56,136.82,137.42,46600.685
2024-05-03 09:00:00,137.42,139.17,137.22,138.57,23970.278
2024-05-03 10:00:00,138.57,138.63,136.2,137.26,29183.799
2024-05-03 11:00:00,137.26,137.4,135.59,136.89,57486.456
2024-05-03 12:00:00,136.89,142.6,136.46,141.95,123058.786
2024-05-03 13:00:00,141.95,144.05,141.2,142.98,143299.678
2024-05-03 14:00:00,142.98,143.99,141.63,142.58,60035.578
2024-05-03 15:00:00,142.58,142.78,140.83,142.07,38494.534
2024-05-03 16:00:00,142.07,143.19,141.44,141.66,42100.136
2024-05-03 17:00:00,141.66,142.53,141.24,142.19,38633.625
2024-05-03 18:00:00,142.19,142.98,141.47,141.61,25870.834
2024-05-03 19:00:00,141.61,142.85,141.11,142.76,25962.952
2024-05-03 20:00:00,142.76,144.99,142.44,143.83,85768.925
2024-05-03 21:00:00,143.83,144.37,142.55,143.15,32223.907
2024-05-03 22:00:00,143.15,143.94,143.0,143.34,28398.754
2024-05-03 23:00:00,143.34,144.98,143.32,143.68,25050.255
2024-05-04 00:00:00,143.68,144.99,143.54,144.22,34775.813
2024-05-04 01:00:00,144.22,144.84,143.47,143.5,24378.821
2024-05-04 02:00:00,143.5,144.0,142.23,143.62,21245.311
2024-05-04 03:00:00,143.62,144.58,143.48,144.22,21200.43
2024-05-04 04:00:00,144.22,146.4,144.13,145.42,58461.652
2024-05-04 05:00:00,145.42,145.59,144.13,145.13,45449.49
2024-05-04 06:00:00,145.13,145.16,144.02,144.08,15496.52
2024-05-04 07:00:00,144.08,144.53,143.71,143.97,20430.86
2024-05-04 08:00:00,143.97,145.28,143.93,144.98,19839.879
2024-05-04 09:00:00,144.98,145.29,144.41,144.99,21691.523
2024-05-04 10:00:00,144.99,149.05,144.58,148.85,49978.619
2024-05-04 11:00:00,148.85,149.19,146.0,146.53,120512.368
2024-05-04 12:00:00,146.53,148.08,146.22,148.03,23516.091
2024-05-04 13:00:00,148.03,148.27,145.73,146.9,35339.656
2024-05-04 14:00:00,146.9,147.08,145.87,146.67,14105.97
2024-05-04 15:00:00,146.67,146.71,145.5,146.18,15088.828
2024-05-04 16:00:00,146.18,146.84,145.25,146.83,18739.271
2024-05-04 17:00:00,146.83,146.87,145.3,146.36,17758.215
2024-05-04 18:00:00,146.36,147.46,145.89,146.8,15282.223
2024-05-04 19:00:00,146.8,147.56,146.61,147.42,13618.964
2024-05-04 20:00:00,147.42,147.87,146.87,147.16,17210.518
2024-05-04 21:00:00,147.16,147.84,145.88,146.55,12536.042
2024-05-04 22:00:00,146.55,146.69,145.82,146.01,11328.888
2024-05-04 23:00:00,146.01,146.53,145.97,146.05,8091.203
2024-05-05 00:00:00,146.05,147.25,144.18,145.19,35276.96
2024-05-05 01:00:00,145.19,145.48,143.18,144.52,42190.575
2024-05-05 02:00:00,144.52,145.49,144.34,144.48,12661.02
2024-05-05 03:00:00,144.48,144.72,143.39,144.64,16853.224
2024-05-05 04:00:00,144.64,144.87,144.13,144.72,12168.565
2024-05-05 05:00:00,144.72,145.89,144.2,144.45,39155.754
2024-05-05 06:00:00,144.45,145.25,144.15,144.57,9351.146
2024-05-05 07:00:00,144.57,146.0,144.4,145.65,15643.766
2024-05-05 08:00:00,145.65,146.76,145.39,145.92,13211.624
2024-05-05 09:00:00,145.92,145.98,145.1,145.73,13232.235
2024-05-05 10:00:00,145.73,146.21,145.22,146.08,10763.041
2024-05-05 11:00:00,146.08,146.71,145.68,146.63,11907.748
2024-05-05 12:00:00,146.63,146.92,145.76,145.96,18141.765
2024-05-05 13:00:00,145.96,147.44,145.35,146.92,26778.795
2024-05-05 14:00:00,146.92,148.0,145.85,147.83,21137.332
2024-05-05 15:00:00,147.83,148.0,146.97,147.47,24399.25
2024-05-05 16:00:00,147.47,147.8,146.5,147.11,19401.995
2024-05-05 17:00:00,147.11,147.87,146.57,146.77,22380.801
2024-05-05 18:00:00,146.77,146.8,145.65,146.17,19995.957
2024-05-05 19:00:00,146.17,146.66,145.92,146.05,10518.465
2024-05-05 20:00:00,146.05,146.07,144.96,145.46,14083.04
2024-05-05 21:00:00,145.46,145.68,144.71,145.6,18366.153
2024-05-05 22:00:00,145.6,145.68,144.68,145.13,7651.91
2024-05-05 23:00:00,145.13,146.14,145.11,145.74,9049.618
2024-05-06 00:00:00,145.74,147.34,145.74,147.07,19559.428
2024-05-06 01:00:00,147.07,148.11,146.6,146.85,30857.515
2024-05-06 02:00:00,146.85,147.57,146.03,146.11,13956.949
2024-05-06 03:00:00,146.11,146.49,145.42,146.27,14117.119
2024-05-06 04:00:00,146.27,148.42,145.93,147.86,17222.294
2024-05-06 05:00:00,147.86,148.96,147.27,148.73,30638.896
2024-05-06 06:00:00,148.73,149.3,148.4,148.71,27133.31
2024-05-06 07:00:00,148.71,149.38,147.62,148.73,28154.569
2024-05-06 08:00:00,148.73,154.76,148.73,154.4,136344.414
2024-05-06 09:00:00,154.4,156.5,154.32,156.34,52043.997
2024-05-06 10:00:00,156.34,156.93,151.66,152.55,93159.119
2024-05-06 11:00:00,152.55,154.66,152.48,154.0,49100.665
2024-05-06 12:00:00,154.0,154.6,149.63,151.04,77325.078
2024-05-06 13:00:00,151.04,154.54,150.58,153.6,68655.37
2024-05-06 14:00:00,153.6,156.26,152.43,152.66,71382.614
2024-05-06 15:00:00,152.66,154.66,151.73,153.83,55420.903
2024-05-06 16:00:00,153.83,154.2,151.06,151.65,50711.396
2024-05-06 17:00:00,151.65,153.43,150.85,151.58,71075.05
2024-05-06 18:00:00,151.58,153.46,151.18,152.93,32058.152
2024-05-06 19:00:00,152.93,153.58,151.02,153.58,50902.186
2024-05-06 20:00:00,153.58,155.32,152.81,154.53,105615.009
2024-05-06 21:00:00,154.53,155.77,154.34,155.57,40999.778
2024-05-06 22:00:00,155.57,155.7,154.21,154.58,23635.071
2024-05-06 23:00:00,154.58,154.61,152.52,152.87,32046.724
2024-05-07 00:00:00,152.87,154.67,151.93,153.57,36151.745
2024-05-07 01:00:00,153.57,157.84,153.29,157.48,68299.53
2024-05-07 02:00:00,157.48,158.06,155.98,156.79,37947.141
2024-05-07 03:00:00,156.79,156.95,152.6,153.9,74360.181
2024-05-07 04:00:00,153.9,155.86,153.75,155.11,27169.748
2024-05-07 05:00:00,155.11,155.91,153.99,154.93,30050.867
2024-05-07 06:00:00,154.93,155.56,153.13,154.26,39435.82
2024-05-07 07:00:00,154.26,156.3,153.92,155.14,48052.185
2024-05-07 08:00:00,155.14,158.95,154.85,158.41,68552.274
2024-05-07 09:00:00,158.41,159.31,157.4,157.44,49138.307
2024-05-07 10:00:00,157.44,157.73,155.9,156.97,50000.362
2024-05-07 11:00:00,156.97,157.12,154.84,154.99,35543.003
2024-05-07 12:00:00,154.99,155.8,153.88,155.37,49319.337
2024-05-07 13:00:00,155.37,155.79,152.74,153.38,52444.879
2024-05-07 14:00:00,153.38,156.0,152.13,155.85,45782.784
2024-05-07 15:00:00,155.85,157.09,154.28,154.69,52565.661
2024-05-07 16:00:00,154.69,155.51,153.64,155.19,26304.615
2024-05-07 17:00:00,155.19,155.24,152.51,153.33,32578.851
2024-05-07 18:00:00,153.33,153.36,150.83,151.8,61613.828
2024-05-07 19:00:00,151.8,151.87,150.83,151.19,25258.72
2024-05-07 20:00:00,151.19,152.46,150.93,151.44,21697.647
2024-05-07 21:00:00,151.44,152.17,150.17,150.94,36059.924
2024-05-07 22:00:00,150.94,151.17,149.78,150.0,54787.596
2024-05-07 23:00:00,150.0,150.17,147.77,148.04,63434.445
2024-05-08 00:00:00,148.04,149.67,147.22,149.26,34966.718
2024-05-08 01:00:00,149.26,149.47,148.13,148.56,21006.319
2024-05-08 02:00:00,148.56,149.99,148.45,149.16,33440.767
2024-05-08 03:00:00,149.16,149.65,148.42,149.52,31108.603
2024-05-08 04:00:00,149.52,149.91,146.47,147.37,52220.9
2024-05-08 05:00:00,147.37,147.95,146.37,147.22,26402.52
2024-05-08 06:00:00,147.22,148.99,145.8,147.6,74511.934
2024-05-08 07:00:00,147.6,148.51,146.17,146.43,46899.086
2024-05-08 08:00:00,146.43,147.02,145.34,146.55,41951.051
2024-05-08 09:00:00,146.55,146.75,144.77,145.99,53138.234
2024-05-08 10:00:00,145.99,146.85,145.6,146.61,29198.39
2024-05-08 11:00:00,146.61,146.93,144.78,145.36,30898.716
2024-05-08 12:00:00,145.36,146.25,144.39,145.7,33461.527
2024-05-08 13:00:00,145.7,147.83,144.79,147.75,53914.727
2024-05-08 14:00:00,147.75,148.96,146.94,147.79,50430.377
2024-05-08 15:00:00,147.79,148.15,144.72,145.86,76637.76
2024-05-08 16:00:00,145.86,146.06,144.63,146.05,30118.136
2024-05-08 17:00:00,146.05,146.95,145.92,146.52,15199.321
2024-05-08 18:00:00,146.52,149.11,146.27,147.05,46598.144
2024-05-08 19:00:00,147.05,147.67,144.85,145.5,42487.595
2024-05-08 20:00:00,145.5,145.96,140.29,141.07,123331.664
2024-05-08 21:00:00,141.07,142.18,140.02,141.2,42771.559
2024-05-08 22:00:00,141.2,142.44,140.58,141.56,21395.675
2024-05-08 23:00:00,141.56,142.82,141.11,142.18,21745.066
2024-05-09 00:00:00,142.18,143.63,141.94,143.37,25033.455
2024-05-09 01:00:00,143.37,144.51,143.2,144.38,28468.833
2024-05-09 02:00:00,144.38,144.87,143.55,144.26,26686.718
2024-05-09 03:00:00,144.26,144.69,143.19,144.1,16749.434
2024-05-09 04:00:00,144.1,144.81,143.61,143.78,13272.19
2024-05-09 05:00:00,143.78,144.99,143.64,144.49,35973.894
2024-05-09 06:00:00,144.49,145.81,144.35,144.91,21607.537
2024-05-09 07:00:00,144.91,145.17,142.49,143.26,27079.734
2024-05-09 08:00:00,143.26,143.95,142.92,143.8,14279.643
2024-05-09 09:00:00,143.8,144.03,141.73,142.87,45600.145
2024-05-09 10:00:00,142.87,143.03,140.66,140.77,44411.431
2024-05-09 11:00:00,140.77,143.27,140.57,142.8,37388.463
2024-05-09 12:00:00,142.8,144.43,142.71,144.2,29791.531
2024-05-09 13:00:00,144.2,144.84,141.6,142.93,61494.637
2024-05-09 14:00:00,142.93,144.9,142.55,144.87,34159.598
2024-05-09 15:00:00,144.87,147.89,144.41,146.46,71910.983
2024-05-09 16:00:00,146.46,148.62,146.05,146.13,50042.966
2024-05-09 17:00:00,146.13,147.45,145.72,146.62,30921.501
2024-05-09 18:00:00,146.62,147.89,146.43,147.71,26530.57
2024-05-09 19:00:00,147.71,150.93,147.68,150.84,60654.21
2024-05-09 20:00:00,150.84,151.49,149.27,150.25,38118.436
2024-05-09 21:00:00,150.25,150.85,149.56,150.35,19071.352
2024-05-09 22:00:00,150.35,153.43,150.14,152.97,41344.104
2024-05-09 23:00:00,152.97,153.14,151.19,152.55,38741.284
2024-05-10 00:00:00,152.55,153.2,151.35,152.04,24895.613
2024-05-10 01:00:00,152.04,155.0,151.41,153.41,44643.834
2024-05-10 02:00:00,153.41,153.76,152.68,153.63,26873.072
2024-05-10 03:00:00,153.63,154.35,152.84,153.92,20656.19
2024-05-10 04:00:00,153.92,154.76,153.45,153.76,30742.54
2024-05-10 05:00:00,153.76,154.1,152.3,153.23,19788.717
2024-05-10 06:00:00,153.23,155.09,153.13,154.93,25354.095
2024-05-10 07:00:00,154.93,155.73,154.2,154.35,41023.603
2024-05-10 08:00:00,154.35,154.49,153.46,154.04,34847.634
2024-05-10 09:00:00,154.04,154.63,153.19,154.15,40455.494
2024-05-10 10:00:00,154.15,154.26,153.21,154.1,21351.463
2024-05-10 11:00:00,154.1,155.34,152.93,154.99,31692.226
2024-05-10 12:00:00,154.99,155.38,153.1,153.31,39023.746
2024-05-10 13:00:00,153.31,153.68,152.43,153.02,35489.127
2024-05-10 14:00:00,153.02,153.22,145.72,147.48,183439.993
2024-05-10 15:00:00,147.48,148.59,145.72,146.94,158311.422
2024-05-10 16:00:00,146.94,148.71,145.21,148.0,145880.155
2024-05-10 17:00:00,148.0,148.27,145.68,146.61,80922.831
2024-05-10 18:00:00,146.61,148.29,145.87,148.14,35896.728
2024-05-10 19:00:00,148.14,148.67,146.52,147.17,44476.545
2024-05-10 20:00:00,147.17,148.06,145.99,146.13,38248.687
2024-05-10 21:00:00,146.13,147.08,145.76,146.47,34682.853
2024-05-10 22:00:00,146.47,146.61,144.44,145.84,33260.966
2024-05-10 23:00:00,145.84,146.66,145.8,146.04,14129.773
2024-05-11 00:00:00,146.04,146.81,145.15,146.06,31500.705
2024-05-11 01:00:00,146.06,147.69,145.71,146.03,22830.091
2024-05-11 02:00:00,146.03,146.23,143.6,144.48,53590.227
2024-05-11 03:00:00,144.48,144.74,143.28,143.68,29484.669
2024-05-11 04:00:00,143.68,145.07,143.55,144.64,17708.789
2024-05-11 05:00:00,144.64,145.81,144.64,145.45,22825.371
2024-05-11 06:00:00,145.45,146.47,145.22,145.57,11559.606
2024-05-11 07:00:00,145.57,145.98,145.09,145.78,19915.534
2024-05-11 08:00:00,145.78,145.87,144.02,144.05,17028.364
2024-05-11 09:00:00,144.05,145.15,143.9,145.1,19213.213
2024-05-11 10:00:00,145.1,145.1,143.72,144.16,13805.376
2024-05-11 11:00:00,144.16,144.65,143.07,144.24,25844.764
2024-05-11 12:00:00,144.24,145.22,143.86,144.54,14075.466
2024-05-11 13:00:00,144.54,145.51,144.11,145.25,13753.846
2024-05-11 14:00:00,145.25,145.51,144.4,144.86,20915.398
2024-05-11 15:00:00,144.86,147.06,144.31,145.64,36559.815
2024-05-11 16:00:00,145.64,146.64,145.3,145.74,20901.496
2024-05-11 17:00:00,145.74,145.98,144.85,145.75,12507.619
2024-05-11 18:00:00,145.75,146.72,145.62,146.32,11786.555
2024-05-11 19:00:00,146.32,146.55,145.86,146.43,10516.178
2024-05-11 20:00:00,146.43,146.5,145.17,145.96,15956.324
2024-05-11 21:00:00,145.96,146.04,145.33,145.53,10320.541
2024-05-11 22:00:00,145.53,145.95,145.1,145.82,11654.706
2024-05-11 23:00:00,145.82,146.22,145.15,145.41,8072.551
2024-05-12 00:00:00,145.41,146.47,145.2,145.64,13465.942
2024-05-12 01:00:00,145.64,146.32,145.48,145.63,9433.22
2024-05-12 02:00:00,145.63,146.94,145.61,146.7,8013.621
2024-05-12 03:00:00,146.7,146.84,146.23,146.41,7929.682
2024-05-12 04:00:00,146.41,147.39,146.17,147.07,10602.704
2024-05-12 05:00:00,147.07,147.55,146.73,147.49,6697.852
2024-05-12 06:00:00,147.49,147.77,146.23,146.41,12145.137
2024-05-12 07:00:00,146.41,146.82,143.72,144.22,39280.936
2024-05-12 08:00:00,144.22,145.11,143.84,144.98,15838.309
2024-05-12 09:00:00,144.98,145.13,144.55,144.96,15908.358
2024-05-12 10:00:00,144.96,146.34,144.85,145.45,23558.283
2024-05-12 11:00:00,145.45,145.63,144.8,145.07,8424.321
2024-05-12 12:00:00,145.07,145.72,144.97,145.29,13153.022
2024-05-12 13:00:00,145.29,145.47,144.69,145.2,17349.247
2024-05-12 14:00:00,145.2,145.48,144.01,144.44,16572.833
2024-05-12 15:00:00,144.44,145.52,144.0,145.19,17312.063
2024-05-12 16:00:00,145.19,146.39,144.85,144.94,32194.118
2024-05-12 17:00:00,144.94,145.56,144.31,145.31,17377.013
2024-05-12 18:00:00,145.31,145.75,144.94,145.12,8805.628
2024-05-12 19:00:00,145.12,145.33,144.71,144.97,7629.546
2024-05-12 20:00:00,144.97,145.27,144.32,144.66,9261.549
2024-05-12 21:00:00,144.66,144.81,142.5,143.86,29698.608
2024-05-12 22:00:00,143.86,143.88,143.08,143.22,13132.202
2024-05-12 23:00:00,143.22,143.98,143.07,143.43,8835.825
2024-05-13 00:00:00,143.43,145.89,143.43,145.19,26873.259
2024-05-13 01:00:00,145.19,145.39,142.27,143.09,32377.324
2024-05-13 02:00:00,143.09,143.26,139.82,140.45,82035.042
2024-05-13 03:00:00,140.45,140.54,138.37,140.17,71135.561
2024-05-13 04:00:00,140.17,140.18,137.89,138.75,54873.719
2024-05-13 05:00:00,138.75,139.45,137.86,138.26,36335.388
2024-05-13 06:00:00,138.26,141.65,138.14,141.21,83796.473
2024-05-13 07:00:00,141.21,144.12,140.91,143.54,59965.831
2024-05-13 08:00:00,143.54,145.59,143.52,144.61,151432.927
2024-05-13 09:00:00,144.61,147.5,144.61,146.02,67476.95
2024-05-13 10:00:00,146.02,146.24,144.12,145.22,51318.41
2024-05-13 11:00:00,145.22,146.14,144.56,145.61,19292.444
2024-05-13 12:00:00,145.61,146.41,144.74,145.91,35969.353
2024-05-13 13:00:00,145.91,146.17,144.98,145.57,24149.045
2024-05-13 14:00:00,145.57,147.31,145.43,145.69,66074.41
2024-05-13 15:00:00,145.69,148.28,145.6,147.25,47306.578
2024-05-13 16:00:00,147.25,150.82,147.07,149.58,67663.835
2024-05-13 17:00:00,149.58,149.96,146.65,147.5,47705.462
2024-05-13 18:00:00,147.5,147.73,145.79,147.7,36688.862
2024-05-13 19:00:00,147.7,149.13,147.69,148.79,53937.389
2024-05-13 20:00:00,148.79,149.9,147.83,148.81,43391.557
2024-05-13 21:00:00,148.81,149.02,147.33,147.73,20394.384
2024-05-13 22:00:00,147.73,147.98,146.73,146.9,36935.891
2024-05-13 23:00:00,146.9,147.86,146.88,147.51,18646.917
2024-05-14 00:00:00,147.51,148.26,146.41,146.78,55780.27
2024-05-14 01:00:00,146.78,147.97,146.51,147.58,38326.808
2024-05-14 02:00:00,147.58,148.07,146.11,146.65,62853.865
2024-05-14 03:00:00,146.65,146.92,145.68,146.34,47357.5
2024-05-14 04:00:00,146.34,148.02,146.23,147.84,27625.759
2024-05-14 05:00:00,147.84,149.08,147.54,148.61,25213.173
2024-05-14 06:00:00,148.61,148.64,143.67,146.09,80074.661
2024-05-14 07:00:00,146.09,146.73,145.66,146.56,31466.407
2024-05-14 08:00:00,146.56,146.59,145.32,146.08,28435.857
2024-05-14 09:00:00,146.08,147.49,145.85,146.22,26309.372
2024-05-14 10:00:00,146.22,146.81,145.37,146.02,27018.039
2024-05-14 11:00:00,146.02,146.88,145.96,146.56,16137.629
2024-05-14 12:00:00,146.56,148.43,145.47,146.53,78684.73
2024-05-14 13:00:00,146.53,147.05,144.26,144.38,60640.392
2024-05-14 14:00:00,144.38,145.57,141.89,143.52,130761.721
2024-05-14 15:00:00,143.52,144.66,142.5,142.92,59491.076
2024-05-14 16:00:00,142.92,143.45,141.83,143.16,47253.332
2024-05-14 17:00:00,143.16,143.41,142.15,142.88,35406.834
2024-05-14 18:00:00,142.88,144.03,142.57,143.89,30455.042
2024-05-14 19:00:00,143.89,144.72,143.65,143.8,15372.446
2024-05-14 20:00:00,143.8,143.92,142.85,143.02,19319.372
2024-05-14 21:00:00,143.02,143.6,142.42,143.32,9777.319
2024-05-14 22:00:00,143.32,143.34,142.26,143.05,15720.718
2024-05-14 23:00:00,143.05,143.1,141.92,142.04,12546.976
2024-05-15 00:00:00,142.04,143.55,141.23,141.7,28009.856
2024-05-15 01:00:00,141.7,143.4,141.63,142.88,17579.672
2024-05-15 02:00:00,142.88,143.33,142.45,142.96,16603.289
2024-05-15 03:00:00,142.96,144.21,142.91,143.94,30753.313
2024-05-15 04:00:00,143.94,144.12,143.33,143.45,27327.388
2024-05-15 05:00:00,143.45,144.53,143.38,144.03,22607.745
2024-05-15 06:00:00,144.03,144.58,143.14,143.81,25804.916
2024-05-15 07:00:00,143.81,144.53,143.36,144.28,15871.631
2024-05-15 08:00:00,144.28,144.69,143.54,144.2,16538.095
2024-05-15 09:00:00,144.2,146.08,143.2,145.06,40305.814
2024-05-15 10:00:00,145.06,145.74,144.43,144.63,32060.984
2024-05-15 11:00:00,144.63,144.89,143.11,144.19,33546.915
2024-05-15 12:00:00,144.19,149.9,143.6,148.97,155581.63
2024-05-15 13:00:00,148.97,153.1,148.27,150.93,149945.135
2024-05-15 14:00:00,150.93,152.92,150.83,152.46,44885.684
2024-05-15 15:00:00,152.46,154.06,151.32,151.61,60468.506
2024-05-15 16:00:00,151.61,153.53,150.92,153.09,48212.939
2024-05-15 17:00:00,153.09,154.27,153.08,153.73,30960.543
2024-05-15 18:00:00,153.73,154.82,152.43,153.99,50866.199
2024-05-15 19:00:00,153.99,154.99,153.06,154.91,42052.634
2024-05-15 20:00:00,154.91,156.86,154.2,156.64,60751.312
2024-05-15 21:00:00,156.64,156.95,155.58,155.68,30726.101
2024-05-15 22:00:00,155.68,156.54,155.46,155.88,22684.647
2024-05-15 23:00:00,155.88,158.84,155.7,158.51,69317.601
2024-05-16 00:00:00,158.51,161.99,158.11,161.52,126528.108
2024-05-16 01:00:00,161.52,161.79,159.81,160.33,76893.641
2024-05-16 02:00:00,160.33,161.67,160.33,161.45,32311.867
2024-05-16 03:00:00,161.45,163.82,161.06,163.11,66973.998
2024-05-16 04:00:00,163.11,163.45,162.35,162.97,32852.784
2024-05-16 05:00:00,162.97,163.02,161.33,161.69,32477.783
2024-05-16 06:00:00,161.69,161.95,161.32,161.73,26855.8
2024-05-16 07:00:00,161.73,163.63,161.65,162.77,43125.911
2024-05-16 08:00:00,162.77,163.47,162.29,162.9,36686.002
2024-05-16 09:00:00,162.9,164.8,161.79,164.36,52211.431
2024-05-16 10:00:00,164.36,164.37,162.47,163.14,49625.828
2024-05-16 11:00:00,163.14,163.92,162.06,163.74,50644.588
2024-05-16 12:00:00,163.74,163.77,160.56,161.64,89732.562
2024-05-16 13:00:00,161.64,163.46,160.07,162.95,65170.816
2024-05-16 14:00:00,162.95,163.31,158.32,158.53,80870.152
2024-05-16 15:00:00,158.53,161.04,157.6,160.43,69168.497
2024-05-16 16:00:00,160.43,160.57,157.69,158.15,56266.148
2024-05-16 17:00:00,158.15,159.69,156.61,159.44,67325.368
2024-05-16 18:00:00,159.44,160.22,158.26,159.62,32848.376
2024-05-16 19:00:00,159.62,160.43,159.02,159.1,30735.72
2024-05-16 20:00:00,159.1,159.41,158.1,158.83,35294.761
2024-05-16 21:00:00,158.83,159.45,158.07,159.02,23063.331
2024-05-16 22:00:00,159.02,159.1,157.45,158.89,19181.271
2024-05-16 23:00:00,158.89,159.59,158.47,159.37,21692.055
2024-05-17 00:00:00,159.37,162.36,159.34,162.34,28298.848
2024-05-17 01:00:00,162.34,162.34,159.86,161.24,36955.91
2024-05-17 02:00:00,161.24,161.34,160.17,160.37,28793.915
2024-05-17 03:00:00,160.37,162.87,159.77,162.19,29321.091
2024-05-17 04:00:00,162.19,162.81,160.99,161.46,27658.934
2024-05-17 05:00:00,161.46,163.83,161.35,163.47,38876.85
2024-05-17 06:00:00,163.47,167.78,162.57,166.85,64016.26
2024-05-17 07:00:00,166.85,169.81,166.8,169.17,92041.837
2024-05-17 08:00:00,169.17,170.0,167.73,168.34,42709.766
2024-05-17 09:00:00,168.34,169.13,167.76,168.0,32834.992
2024-05-17 10:00:00,168.0,169.13,167.27,169.06,26288.581
2024-05-17 11:00:00,169.06,169.11,167.2,167.45,38642.845
2024-05-17 12:00:00,167.45,168.82,165.81,167.95,37618.522
2024-05-17 13:00:00,167.95,168.36,166.09,166.4,37845.888
2024-05-17 14:00:00,166.4,168.37,166.39,168.29,33758.345
2024-05-17 15:00:00,168.29,170.93,167.52,169.68,59997.798
2024-05-17 16:00:00,169.68,172.07,168.3,168.31,79161.298
2024-05-17 17:00:00,168.31,168.8,167.09,167.32,28190.056
2024-05-17 18:00:00,167.32,168.48,166.22,168.16,31745.043
2024-05-17 19:00:00,168.16,168.91,167.5,168.88,15695.314
2024-05-17 20:00:00,168.88,169.07,168.2,168.6,24081.105
2024-05-17 21:00:00,168.6,169.0,167.57,167.64,13231.773
2024-05-17 22:00:00,167.64,168.72,167.36,168.64,14106.881
2024-05-17 23:00:00,168.64,169.87,168.3,169.42,17872.515
2024-05-18 00:00:00,169.42,170.62,168.64,170.34,27262.189
2024-05-18 01:00:00,170.34,171.98,169.79,171.88,33246.315
2024-05-18 02:00:00,171.88,174.45,171.72,172.82,58381.363
2024-05-18 03:00:00,172.82,173.43,172.06,173.21,24681.43
2024-05-18 04:00:00,173.21,173.95,172.52,173.17,23486.385
2024-05-18 05:00:00,173.17,173.23,172.12,172.75,14732.928
2024-05-18 06:00:00,172.75,172.92,172.11,172.85,15519.811
2024-05-18 07:00:00,172.85,173.32,172.09,172.3,19720.466
2024-05-18 08:00:00,172.3,173.5,172.12,173.32,11853.673
2024-05-18 09:00:00,173.32,175.42,172.91,175.02,33833.7
2024-05-18 10:00:00,175.02,175.93,174.36,175.23,34680.953
2024-05-18 11:00:00,175.23,175.94,174.27,174.38,41805.636
2024-05-18 12:00:00,174.38,174.58,173.12,173.34,23591.412
2024-05-18 13:00:00,173.34,174.7,172.94,173.47,25092.346
2024-05-18 14:00:00,173.47,174.0,171.62,172.36,42824.092
2024-05-18 15:00:00,172.36,173.06,171.74,172.39,49980.318
2024-05-18 16:00:00,172.39,172.64,170.28,170.66,58666.785
2024-05-18 17:00:00,170.66,171.67,170.61,171.43,13897.982
2024-05-18 18:00:00,171.43,172.25,171.34,171.68,12825.302
2024-05-18 19:00:00,171.68,172.43,171.48,172.25,7610.625
2024-05-18 20:00:00,172.25,173.4,172.14,173.13,13155.062
2024-05-18 21:00:00,173.13,173.82,172.01,172.46,33538.938
2024-05-18 22:00:00,172.46,172.79,171.59,172.02,18979.145
2024-05-18 23:00:00,172.02,172.78,171.61,172.41,10003.479
2024-05-19 00:00:00,172.41,173.47,171.99,173.19,22947.258
2024-05-19 01:00:00,173.19,174.06,172.94,173.2,12200.348
2024-05-19 02:00:00,173.2,174.35,173.03,174.21,18258.385
2024-05-19 03:00:00,174.21,175.2,173.97,174.33,17242.979
2024-05-19 04:00:00,174.33,174.64,173.29,174.51,15028.428
2024-05-19 05:00:00,174.51,175.5,173.89,174.07,26473.808
2024-05-19 06:00:00,174.07,174.35,172.5,173.22,19758.59
2024-05-19 07:00:00,173.22,174.2,172.39,174.2,19897.552
2024-05-19 08:00:00,174.2,174.55,172.98,173.21,18240.537
2024-05-19 09:00:00,173.21,173.58,171.92,173.01,18179.749
2024-05-19 10:00:00,173.01,174.3,172.27,172.64,31554.94
2024-05-19 11:00:00,172.64,172.81,170.82,171.78,47502.653
2024-05-19 12:00:00,171.78,171.87,169.1,169.13,33532.065
2024-05-19 13:00:00,169.13,169.6,167.32,168.81,52951.629
2024-05-19 14:00:00,168.81,169.42,167.54,167.86,23335.421
2024-05-19 15:00:00,167.86,168.47,166.16,168.28,34929.535
2024-05-19 16:00:00,168.28,168.81,167.29,168.05,29593.597
2024-05-19 17:00:00,168.05,171.79,167.81,170.09,42097.916
2024-05-19 18:00:00,170.09,170.67,168.71,169.03,22117.9
2024-05-19 19:00:00,169.03,170.33,168.47,169.32,27496.003
2024-05-19 20:00:00,169.32,170.62,169.02,170.05,14513.579
2024-05-19 21:00:00,170.05,170.55,168.32,170.09,13108.735
2024-05-19 22:00:00,170.09,171.71,169.72,171.43,27883.831
2024-05-19 23:00:00,171.43,171.51,169.61,169.91,13385.303
2024-05-20 00:00:00,169.91,170.77,168.89,170.36,24996.643
2024-05-20 01:00:00,170.36,170.95,167.49,170.45,32399.48
2024-05-20 02:00:00,170.45,173.06,170.1,172.77,26335.809
2024-05-20 03:00:00,172.77,173.52,171.99,172.15,27355.02
2024-05-20 04:00:00,172.15,175.58,171.8,175.51,33989.472
2024-05-20 05:00:00,175.51,178.52,175.51,178.25,68568.987
2024-05-20 06:00:00,178.25,178.66,175.15,176.05,52672.659
2024-05-20 07:00:00,176.05,178.6,175.51,178.0,39481.99
2024-05-20 08:00:00,178.0,179.46,177.17,177.58,41203.715
2024-05-20 09:00:00,177.58,178.29,176.69,176.89,18076.46
2024-05-20 10:00:00,176.89,178.48,176.28,177.71,52658.755
2024-05-20 11:00:00,177.71,178.92,177.49,177.73,36354.672
2024-05-20 12:00:00,177.73,178.38,176.62,177.07,37633.459
2024-05-20 13:00:00,177.07,177.88,176.03,177.17,28206.377
2024-05-20 14:00:00,177.17,177.33,175.29,176.33,41864.114
2024-05-20 15:00:00,176.33,179.67,175.53,179.0,57111.169
2024-05-20 16:00:00,179.0,181.14,178.09,179.93,74552.029
2024-05-20 17:00:00,179.93,181.61,179.43,181.47,35359.163
2024-05-20 18:00:00,181.47,181.6,179.45,180.19,32750.034
2024-05-20 19:00:00,180.19,188.32,179.4,187.29,148409.898
2024-05-20 20:00:00,187.29,187.76,182.97,183.81,114694.839
2024-05-20 21:00:00,183.81,185.36,182.25,184.83,59612.215
2024-05-20 22:00:00,184.83,186.56,184.22,185.56,71505.433
2024-05-20 23:00:00,185.56,187.05,184.24,186.71,61542.198
2024-05-21 00:00:00,186.71,188.93,185.39,185.94,60930.905
2024-05-21 01:00:00,185.94,185.94,183.28,184.76,79427.619
2024-05-21 02:00:00,184.76,185.04,182.79,183.28,49227.961
2024-05-21 03:00:00,183.28,184.84,183.05,184.28,96982.108
2024-05-21 04:00:00,184.28,185.05,182.39,182.43,33220.115
2024-05-21 05:00:00,182.43,183.06,181.35,182.04,49398.453
2024-05-21 06:00:00,182.04,183.52,181.48,181.94,121832.074
2024-05-21 07:00:00,181.94,182.04,180.25,181.31,42699.941
2024-05-21 08:00:00,181.31,182.18,181.16,181.68,24010.032
2024-05-21 09:00:00,181.68,183.51,181.23,183.11,27448.228
2024-05-21 10:00:00,183.11,183.89,182.46,182.85,34275.545
2024-05-21 11:00:00,182.85,183.13,180.37,180.4,68310.026
2024-05-21 12:00:00,180.4,180.92,178.83,180.09,136172.429
2024-05-21 13:00:00,180.09,181.28,178.42,179.0,97754.839
2024-05-21 14:00:00,179.0,179.86,177.04,177.25,67537.964
2024-05-21 15:00:00,177.25,178.51,175.96,176.83,47500.973
2024-05-21 16:00:00,176.83,178.92,176.41,176.46,45258.331
2024-05-21 17:00:00,176.46,178.25,176.0,177.61,26221.433
2024-05-21 18:00:00,177.61,178.08,176.31,177.64,18205.976
2024-05-21 19:00:00,177.64,177.75,174.34,175.3,47355.72
2024-05-21 20:00:00,175.3,178.33,175.14,177.91,39462.305
2024-05-21 21:00:00,177.91,178.53,176.39,178.24,20988.745
2024-05-21 22:00:00,178.24,178.67,177.56,178.5,35403.855
2024-05-21 23:00:00,178.5,178.54,177.89,178.16,14913.303
2024-05-22 00:00:00,178.16,179.29,177.63,177.71,23893.551
2024-05-22 01:00:00,177.71,178.78,177.41,178.46,17123.839
2024-05-22 02:00:00,178.46,178.51,177.15,177.63,20562.262
2024-05-22 03:00:00,177.63,178.08,176.48,177.94,17851.761
2024-05-22 04:00:00,177.94,178.24,175.03,177.34,34286.218
2024-05-22 05:00:00,177.34,181.75,176.32,181.53,108760.599
2024-05-22 06:00:00,181.53,183.0,181.26,181.67,111879.033
2024-05-22 07:00:00,181.67,182.05,179.55,179.87,37142.376
2024-05-22 08:00:00,179.87,180.67,178.52,180.58,30436.996
2024-05-22 09:00:00,180.58,180.97,179.18,180.64,23604.237
2024-05-22 10:00:00,180.64,181.23,180.1,180.98,26024.088
2024-05-22 11:00:00,180.98,181.37,178.08,178.11,29209.134
2024-05-22 12:00:00,178.11,179.85,176.25,177.03,55682.792
2024-05-22 13:00:00,177.03,179.9,176.94,179.83,39377.507
2024-05-22 14:00:00,179.83,182.59,178.69,181.85,65255.053
2024-05-22 15:00:00,181.85,182.78,179.7,181.37,56812.505
2024-05-22 16:00:00,181.37,183.54,180.3,181.08,49913.254
2024-05-22 17:00:00,181.08,182.32,179.56,179.79,66296.365
2024-05-22 18:00:00,179.79,180.32,177.4,179.07,71493.299
2024-05-22 19:00:00,179.07,179.27,177.77,178.36,33080.121
2024-05-22 20:00:00,178.36,179.79,177.2,177.58,42592.563
2024-05-22 21:00:00,177.58,180.79,176.64,180.22,48902.784
2024-05-22 22:00:00,180.22,180.52,177.47,177.52,54464.656
2024-05-22 23:00:00,177.52,177.65,176.31,176.98,42159.104
2024-05-23 00:00:00,176.98,178.55,176.95,177.12,30570.161
2024-05-23 01:00:00,177.12,178.27,175.6,177.62,34888.436
2024-05-23 02:00:00,177.62,178.91,177.26,178.91,25380.19
2024-05-23 03:00:00,178.91,179.37,178.01,178.86,35106.27
2024-05-23 04:00:00,178.86,178.96,177.0,177.64,45970.791
2024-05-23 05:00:00,177.64,177.9,177.1,177.35,42231.53
2024-05-23 06:00:00,177.35,178.0,176.3,177.82,51383.39
2024-05-23 07:00:00,177.82,178.08,176.67,177.47,42857.16
2024-05-23 08:00:00,177.47,177.82,177.01,177.78,21502.619
2024-05-23 09:00:00,177.78,177.96,176.06,176.31,33698.47
2024-05-23 10:00:00,176.31,176.74,173.05,173.76,90373.891
2024-05-23 11:00:00,173.76,175.92,173.64,175.67,82760.758
2024-05-23 12:00:00,175.67,176.94,171.12,172.78,214036.518
2024-05-23 13:00:00,172.78,173.68,168.9,171.37,182215.67
2024-05-23 14:00:00,171.37,172.47,170.29,170.45,87715.627
2024-05-23 15:00:00,170.45,173.39,170.27,172.69,61953.449
2024-05-23 16:00:00,172.69,173.47,172.05,173.35,44694.877
2024-05-23 17:00:00,173.35,175.23,172.1,172.14,57261.139
2024-05-23 18:00:00,172.14,173.0,171.01,171.9,96273.186
2024-05-23 19:00:00,171.9,172.51,170.56,170.93,45193.091
2024-05-23 20:00:00,170.93,172.66,165.01,172.21,235319.309
2024-05-23 21:00:00,172.21,181.19,171.0,178.98,286814.523
2024-05-23 22:00:00,178.98,179.58,175.76,176.26,58224.997
2024-05-23 23:00:00,176.26,176.89,174.81,176.14,35605.151
2024-05-24 00:00:00,176.14,176.14,174.17,174.38,34542.806
2024-05-24 01:00:00,174.38,174.39,172.83,173.0,27875.157
2024-05-24 02:00:00,173.0,173.94,171.58,172.9,33717.815
2024-05-24 03:00:00,172.9,173.28,171.56,171.99,42609.231
2024-05-24 04:00:00,171.99,172.01,168.99,169.1,47967.786
2024-05-24 05:00:00,169.1,169.14,166.14,167.39,61024.936
2024-05-24 06:00:00,167.39,168.08,165.51,166.37,48647.803
2024-05-24 07:00:00,166.37,167.27,165.15,166.18,45079.096
2024-05-24 08:00:00,166.18,166.37,162.48,165.35,90113.591
2024-05-24 09:00:00,165.35,166.08,164.45,165.88,40661.422
2024-05-24 10:00:00,165.88,166.12,164.9,165.51,29369.68
2024-05-24 11:00:00,165.51,166.63,165.13,166.37,19753.123
2024-05-24 12:00:00,166.37,167.73,166.07,166.72,37876.087
2024-05-24 13:00:00,166.72,167.35,165.19,165.6,49691.234
2024-05-24 14:00:00,165.6,168.51,165.1,167.5,52604.109
2024-05-24 15:00:00,167.5,169.12,166.66,167.31,55148.692
2024-05-24 16:00:00,167.31,167.36,164.74,165.7,36739.095
2024-05-24 17:00:00,165.7,168.67,165.29,168.63,41000.223
2024-05-24 18:00:00,168.63,170.4,168.17,168.69,49475.888
2024-05-24 19:00:00,168.69,169.09,167.63,168.34,35405.917
2024-05-24 20:00:00,168.34,168.74,167.51,168.12,23828.667
2024-05-24 21:00:00,168.12,168.48,167.07,167.49,17679.616
2024-05-24 22:00:00,167.49,167.89,166.63,167.25,18106.07
2024-05-24 23:00:00,167.25,168.18,167.11,167.67,16819.456
2024-05-25 00:00:00,167.67,167.74,166.09,166.14,24034.516
2024-05-25 01:00:00,166.14,168.37,165.88,167.86,21617.915
2024-05-25 02:00:00,167.86,169.76,167.76,169.16,25766.008
2024-05-25 03:00:00,169.16,169.69,168.2,169.69,35690.116
2024-05-25 04:00:00,169.69,170.21,169.08,169.95,71255.907
2024-05-25 05:00:00,169.95,169.99,168.82,169.53,15222.283
2024-05-25 06:00:00,169.53,169.57,168.37,168.37,16759.881
2024-05-25 07:00:00,168.37,169.52,168.09,168.97,24248.597
2024-05-25 08:00:00,168.97,169.96,168.39,168.65,25229.618
2024-05-25 09:00:00,168.65,169.95,168.32,169.59,45568.365
2024-05-25 10:00:00,169.59,170.24,168.92,170.09,28058.97
2024-05-25 11:00:00,170.09,170.54,168.5,168.57,40663.733
2024-05-25 12:00:00,168.57,168.9,167.56,167.98,34717.538
2024-05-25 13:00:00,167.98,168.47,166.57,167.04,32678.006
2024-05-25 14:00:00,167.04,168.65,167.01,168.28,17745.297
2024-05-25 15:00:00,168.28,168.85,167.53,167.8,21945.806
2024-05-25 16:00:00,167.8,168.09,166.92,167.19,24112.366
2024-05-25 17:00:00,167.19,167.83,166.6,166.76,23036.358
2024-05-25 18:00:00,166.76,167.55,166.4,167.51,15516.769
2024-05-25 19:00:00,167.51,167.8,167.01,167.21,12330.388
2024-05-25 20:00:00,167.21,167.57,166.52,167.11,11428.745
2024-05-25 21:00:00,167.11,167.52,166.94,167.47,6995.482
2024-05-25 22:00:00,167.47,168.04,167.06,167.98,19260.73
2024-05-25 23:00:00,167.98,168.67,167.86,168.37,31954.296
2024-05-26 00:00:00,168.37,168.41,167.54,167.61,17696.953
2024-05-26 01:00:00,167.61,168.21,166.83,166.87,16047.386
2024-05-26 02:00:00,166.87,166.98,165.0,165.79,28042.921
2024-05-26 03:00:00,165.79,166.45,164.82,166.29,25173.729
2024-05-26 04:00:00,166.29,166.29,165.01,165.65,18219.057
2024-05-26 05:00:00,165.65,166.74,164.93,166.72,14132.953
2024-05-26 06:00:00,166.72,167.01,165.91,166.1,15224.495
2024-05-26 07:00:00,166.1,166.86,164.3,165.34,39310.374
2024-05-26 08:00:00,165.34,165.58,163.88,164.3,31141.58
2024-05-26 09:00:00,164.3,164.65,162.19,162.94,103373.221
2024-05-26 10:00:00,162.94,164.28,162.89,164.22,30876.63
2024-05-26 11:00:00,164.22,164.54,163.63,163.98,22215.292
2024-05-26 12:00:00,163.98,164.01,162.76,163.57,26892.416
2024-05-26 13:00:00,163.57,164.83,163.26,164.82,15111.731
2024-05-26 14:00:00,164.82,165.49,163.8,165.25,34547.638
2024-05-26 15:00:00,165.25,165.87,162.36,162.83,45362.639
2024-05-26 16:00:00,162.83,163.47,162.12,162.98,34681.506
2024-05-26 17:00:00,162.98,163.19,161.63,162.0,27899.807
2024-05-26 18:00:00,162.0,162.53,161.1,161.83,35372.345
2024-05-26 19:00:00,161.83,162.77,161.62,162.7,15813.424
2024-05-26 20:00:00,162.7,162.83,161.94,162.15,15214.165
2024-05-26 21:00:00,162.15,163.44,160.93,163.3,25498.231
2024-05-26 22:00:00,163.3,164.2,163.04,163.77,23070.236
2024-05-26 23:00:00,163.77,163.88,162.76,163.44,19883.29
2024-05-27 00:00:00,163.44,166.19,163.32,165.55,32286.382
2024-05-27 01:00:00,165.55,166.66,164.89,165.7,23795.487
2024-05-27 02:00:00,165.7,165.96,164.0,164.34,24501.843
2024-05-27 03:00:00,164.34,166.32,164.07,165.34,29747.736
2024-05-27 04:00:00,165.34,166.4,165.27,165.81,16143.841
2024-05-27 05:00:00,165.81,166.23,163.81,164.69,24901.157
2024-05-27 06:00:00,164.69,165.53,164.5,164.62,13250.616
2024-05-27 07:00:00,164.62,165.63,164.05,165.51,18375.428
2024-05-27 08:00:00,165.51,166.65,165.1,165.52,26547.697
2024-05-27 09:00:00,165.52,166.05,164.98,165.7,21326.571
2024-05-27 10:00:00,165.7,166.43,165.26,166.39,22202.864
2024-05-27 11:00:00,166.39,168.06,166.12,167.71,42297.188
2024-05-27 12:00:00,167.71,168.08,166.67,166.86,27045.093
2024-05-27 13:00:00,166.86,169.09,166.83,168.23,40053.255
2024-05-27 14:00:00,168.23,169.37,167.56,169.1,36964.789
2024-05-27 15:00:00,169.1,171.47,168.84,170.99,60725.668
2024-05-27 16:00:00,170.99,172.11,170.48,171.48,55186.127
2024-05-27 17:00:00,171.48,172.29,171.15,171.2,32411.076
2024-05-27 18:00:00,171.2,171.73,170.15,170.3,28858.509
2024-05-27 19:00:00,170.3,170.78,167.0,168.66,55316.268
2024-05-27 20:00:00,168.66,170.78,168.35,170.75,33820.867
2024-05-27 21:00:00,170.75,171.23,170.06,170.61,16845.713
2024-05-27 22:00:00,170.61,171.71,170.18,171.17,67188.833
2024-05-27 23:00:00,171.17,171.17,169.07,170.16,40271.54
2024-05-28 00:00:00,170.16,170.95,169.2,169.86,55795.38
2024-05-28 01:00:00,169.86,172.12,167.87,168.2,67886.257
2024-05-28 02:00:00,168.2,169.47,166.63,168.81,61129.477
2024-05-28 03:00:00,168.81,169.3,166.07,167.4,56663.223
2024-05-28 04:00:00,167.4,167.6,164.92,165.71,51096.264
2024-05-28 05:00:00,165.71,166.92,165.13,166.84,29704.457
2024-05-28 06:00:00,166.84,167.26,165.97,166.84,25099.968
2024-05-28 07:00:00,166.84,167.01,165.66,166.11,24555.486
2024-05-28 08:00:00,166.11,168.1,165.87,167.67,29992.852
2024-05-28 09:00:00,167.67,168.29,167.07,167.85,26709.405
2024-05-28 10:00:00,167.85,170.47,167.69,169.59,55646.094
2024-05-28 11:00:00,169.59,170.12,168.59,169.85,39255.083
2024-05-28 12:00:00,169.85,171.94,169.44,171.25,55722.64
2024-05-28 13:00:00,171.25,173.29,169.24,169.8,89642.305
2024-05-28 14:00:00,169.8,172.23,167.27,168.62,104762.366
2024-05-28 15:00:00,168.62,169.14,166.71,168.29,67228.027
2024-05-28 16:00:00,168.29,168.71,166.02,166.82,49688.247
2024-05-28 17:00:00,166.82,167.92,166.57,167.01,35989.925
2024-05-28 18:00:00,167.01,168.11,166.08,167.76,44942.425
2024-05-28 19:00:00,167.76,170.82,167.72,170.43,58581.984
2024-05-28 20:00:00,170.43,170.79,169.43,169.7,40208.742
2024-05-28 21:00:00,169.7,169.95,168.86,168.93,17816.004
2024-05-28 22:00:00,168.93,169.82,168.87,169.02,15645.474
2024-05-28 23:00:00,169.02,169.35,168.32,168.71,14522.866
2024-05-29 00:00:00,168.71,169.18,168.05,168.48,17870.544
2024-05-29 01:00:00,168.48,168.99,167.44,168.23,26316.543
2024-05-29 02:00:00,168.23,169.83,167.95,169.67,20459.497
2024-05-29 03:00:00,169.67,172.57,169.66,172.32,53072.672
2024-05-29 04:00:00,172.32,172.95,171.73,172.17,39947.672
2024-05-29 05:00:00,172.17,172.19,171.29,171.99,46155.528
2024-05-29 06:00:00,171.99,173.93,171.84,173.14,37062.333
2024-05-29 07:00:00,173.14,173.3,170.75,170.82,39055.235
2024-05-29 08:00:00,170.82,171.12,168.14,169.02,60949.067
2024-05-29 09:00:00,169.02,169.74,167.63,168.84,46163.185
2024-05-29 10:00:00,168.84,170.14,168.52,170.13,31790.149
2024-05-29 11:00:00,170.13,170.22,168.22,168.3,21057.869
2024-05-29 12:00:00,168.3,169.26,167.15,168.81,39490.095
2024-05-29 13:00:00,168.81,169.99,167.8,168.7,63282.454
2024-05-29 14:00:00,168.7,169.61,167.92,169.24,28006.097
2024-05-29 15:00:00,169.24,169.84,168.15,168.61,53365.097
2024-05-29 16:00:00,168.61,171.84,167.62,171.57,73692.564
2024-05-29 17:00:00,171.57,171.63,169.08,170.36,46442.603
2024-05-29 18:00:00,170.36,171.16,168.28,169.49,36192.64
2024-05-29 19:00:00,169.49,171.47,169.25,169.41,31621.252
2024-05-29 20:00:00,169.41,169.74,168.57,168.96,29699.128
2024-05-29 21:00:00,168.96,169.92,167.77,169.36,30596.095
2024-05-29 22:00:00,169.36,169.96,168.66,169.65,22618.287
2024-05-29 23:00:00,169.65,169.8,168.06,168.32,20477.489
2024-05-30 00:00:00,168.32,169.36,167.91,168.03,19845.778
2024-05-30 01:00:00,168.03,168.65,167.88,168.41,28721.086
2024-05-30 02:00:00,168.41,171.0,168.35,170.02,31890.064
2024-05-30 03:00:00,170.02,170.36,169.34,170.0,18853.82
2024-05-30 04:00:00,170.0,170.92,169.35,170.04,26289.45
2024-05-30 05:00:00,170.04,170.06,168.26,168.66,24219.673
2024-05-30 06:00:00,168.66,168.68,165.94,166.07,75850.43
2024-05-30 07:00:00,166.07,166.5,164.2,164.98,69783.916
2024-05-30 08:00:00,164.98,165.61,163.5,165.43,49960.482
2024-05-30 09:00:00,165.43,165.84,164.61,165.7,20634.529
2024-05-30 10:00:00,165.7,167.14,164.96,166.7,27547.287
2024-05-30 11:00:00,166.7,167.28,166.09,166.2,25734.812
2024-05-30 12:00:00,166.2,167.8,165.95,167.49,56048.287
2024-05-30 13:00:00,167.49,168.69,167.02,168.24,46730.029
2024-05-30 14:00:00,168.24,169.68,167.92,167.97,65281.556
2024-05-30 15:00:00,167.97,168.97,167.37,168.49,28734.87
2024-05-30 16:00:00,168.49,169.96,168.15,169.83,33067.706
2024-05-30 17:00:00,169.83,172.62,169.28,171.35,73962.085
2024-05-30 18:00:00,171.35,171.88,170.39,170.8,29593.817
2024-05-30 19:00:00,170.8,170.88,167.9,168.38,44353.751
2024-05-30 20:00:00,168.38,168.38,166.16,167.24,71133.482
2024-05-30 21:00:00,167.24,167.43,166.5,166.81,18604.118
2024-05-30 22:00:00,166.81,167.17,166.33,167.16,19816.048
2024-05-30 23:00:00,167.16,167.59,166.78,166.88,21154.122
2024-05-31 00:00:00,166.88,166.97,165.61,166.54,19867.456
2024-05-31 01:00:00,166.54,167.46,166.12,166.22,23673.218
2024-05-31 02:00:00,166.22,167.57,166.15,167.02,15568.64
2024-05-31 03:00:00,167.02,167.54,166.84,167.25,10942.361
2024-05-31 04:00:00,167.25,167.67,166.93,167.05,10619.218
2024-05-31 05:00:00,167.05,167.12,165.03,165.97,31276.716
2024-05-31 06:00:00,165.97,166.73,165.6,165.9,16486.879
2024-05-31 07:00:00,165.9,166.71,165.85,166.67,22220.533
2024-05-31 08:00:00,166.67,167.38,166.53,167.05,14808.683
2024-05-31 09:00:00,167.05,167.23,166.07,166.82,21627.621
2024-05-31 10:00:00,166.82,167.69,166.67,167.52,23770.013
2024-05-31 11:00:00,167.52,169.12,167.41,168.75,38322.586
2024-05-31 12:00:00,168.75,171.02,168.43,169.58,88531.953
2024-05-31 13:00:00,169.58,170.53,167.06,167.35,60428.426
2024-05-31 14:00:00,167.35,167.35,165.74,166.66,55747.716
2024-05-31 15:00:00,166.66,166.9,164.74,164.82,47580.641
2024-05-31 16:00:00,164.82,165.89,163.82,165.85,67184.652
2024-05-31 17:00:00,165.85,166.18,165.32,166.0,28992.17
2024-05-31 18:00:00,166.0,166.28,165.3,165.93,30320.634
2024-05-31 19:00:00,165.93,166.97,165.71,166.32,71430.627
2024-05-31 20:00:00,166.32,166.85,165.96,166.61,30431.787
2024-05-31 21:00:00,166.61,167.07,166.38,166.5,9468.69
2024-05-31 22:00:00,166.5,166.72,166.13,166.16,13828.797
2024-05-31 23:00:00,166.16,166.3,165.11,165.66,17331.909
2024-06-01 00:00:00,165.66,167.04,165.66,166.73,19563.476
2024-06-01 01:00:00,166.73,167.16,166.22,166.9,19176.257
2024-06-01 02:00:00,166.9,167.64,166.71,167.54,13576.764
2024-06-01 03:00:00,167.54,167.82,166.99,167.03,14939.928
2024-06-01 04:00:00,167.03,167.46,166.75,167.31,7329.928
2024-06-01 05:00:00,167.31,167.39,166.74,167.07,7267.692
2024-06-01 06:00:00,167.07,167.2,166.82,167.11,7220.064
2024-06-01 07:00:00,167.11,167.2,166.42,166.85,11589.485
2024-06-01 08:00:00,166.85,167.38,166.69,167.29,17912.953
2024-06-01 09:00:00,167.29,167.4,166.9,167.06,17599.488
2024-06-01 10:00:00,167.06,167.24,166.64,166.7,8220.803
2024-06-01 11:00:00,166.7,166.97,166.57,166.91,7875.625
2024-06-01 12:00:00,166.91,167.43,166.76,166.82,10228.673
2024-06-01 13:00:00,166.82,167.4,166.79,167.2,9633.812
2024-06-01 14:00:00,167.2,167.73,167.09,167.51,12491.136
2024-06-01 15:00:00,167.51,167.98,167.27,167.3,13695.167
2024-06-01 16:00:00,167.3,167.51,166.93,167.21,12581.817
2024-06-01 17:00:00,167.21,167.48,166.87,167.36,9184.03
2024-06-01 18:00:00,167.36,167.53,167.04,167.35,6375.38
2024-06-01 19:00:00,167.35,167.68,167.14,167.44,9713.376
2024-06-01 20:00:00,167.44,167.83,167.18,167.31,9745.659
2024-06-01 21:00:00,167.31,167.41,166.88,167.07,14013.721
2024-06-01 22:00:00,167.07,167.25,166.63,166.74,13459.834
2024-06-01 23:00:00,166.74,166.93,165.69,166.14,15772.618
2024-06-02 00:00:00,166.14,166.91,165.94,166.78,15778.848
2024-06-02 01:00:00,166.78,167.13,166.37,166.47,13325.868
2024-06-02 02:00:00,166.47,166.74,165.5,165.87,14359.494
2024-06-02 03:00:00,165.87,166.36,165.73,166.19,9765.54
2024-06-02 04:00:00,166.19,166.29,165.83,165.95,8948.601
2024-06-02 05:00:00,165.95,166.23,165.9,166.05,8023.766
2024-06-02 06:00:00,166.05,166.55,166.03,166.32,9431.347
2024-06-02 07:00:00,166.32,166.36,164.92,165.01,24187.554
2024-06-02 08:00:00,165.01,165.56,164.96,165.3,10916.837
2024-06-02 09:00:00,165.3,165.41,164.2,164.63,21349.52
2024-06-02 10:00:00,164.63,164.73,164.05,164.6,19215.494
2024-06-02 11:00:00,164.6,166.18,164.16,166.07,15701.074
2024-06-02 12:00:00,166.07,166.31,164.87,165.0,19938.318
2024-06-02 13:00:00,165.0,165.95,164.59,165.66,22180.155
2024-06-02 14:00:00,165.66,165.98,164.79,165.64,25695.079
2024-06-02 15:00:00,165.64,165.68,164.86,165.15,13809.035
2024-06-02 16:00:00,165.15,165.36,164.06,164.38,27168.699
2024-06-02 17:00:00,164.38,164.47,162.22,162.26,39972.81
2024-06-02 18:00:00,162.26,163.37,161.33,163.08,33838.332
2024-06-02 19:00:00,163.08,163.32,162.18,163.11,20272.29
2024-06-02 20:00:00,163.11,163.25,161.68,163.19,26621.76
2024-06-02 21:00:00,163.19,163.4,162.58,162.62,10547.157
2024-06-02 22:00:00,162.62,163.55,162.58,163.3,18219.018
2024-06-02 23:00:00,163.3,163.77,163.09,163.15,18397.916
2024-06-03 00:00:00,163.15,163.49,161.79,162.58,32763.962
2024-06-03 01:00:00,162.58,164.94,162.43,164.57,47633.371
2024-06-03 02:00:00,164.57,165.25,163.93,164.17,29092.461
2024-06-03 03:00:00,164.17,164.24,163.1,163.6,19022.453
2024-06-03 04:00:00,163.6,164.19,162.77,163.75,24979.21
2024-06-03 05:00:00,163.75,165.07,163.73,164.63,21828.572
2024-06-03 06:00:00,164.63,165.78,164.37,165.5,39238.261
2024-06-03 07:00:00,165.5,165.74,164.61,165.34,22416.785
2024-06-03 08:00:00,165.34,166.87,165.18,165.76,40668.21
2024-06-03 09:00:00,165.76,165.9,164.72,165.14,24438.214
2024-06-03 10:00:00,165.14,165.82,164.73,164.78,22277.887
2024-06-03 11:00:00,164.78,165.37,164.53,164.82,21538.405
2024-06-03 12:00:00,164.82,166.76,164.82,166.62,35546.413
2024-06-03 13:00:00,166.62,167.27,166.07,166.17,42671.561
2024-06-03 14:00:00,166.17,166.69,162.98,163.34,108491.928
2024-06-03 15:00:00,163.34,165.32,163.27,164.86,42296.963
2024-06-03 16:00:00,164.86,164.96,163.59,164.21,28045.044
2024-06-03 17:00:00,164.21,165.84,163.69,165.35,33977.467
2024-06-03 18:00:00,165.35,166.23,164.92,166.22,36603.955
2024-06-03 19:00:00,166.22,167.06,165.85,166.98,77460.555
2024-06-03 20:00:00,166.98,167.25,165.58,165.58,29915.136
2024-06-03 21:00:00,165.58,166.04,165.01,165.58,12381.102
2024-06-03 22:00:00,165.58,165.61,164.92,165.44,24061.028
2024-06-03 23:00:00,165.44,165.6,164.45,164.92,20229.749
2024-06-04 00:00:00,164.92,165.73,164.31,165.32,23891.277
2024-06-04 01:00:00,165.32,166.76,164.92,166.49,14132.914
2024-06-04 02:00:00,166.49,166.5,165.71,166.18,11528.78
2024-06-04 03:00:00,166.18,166.55,165.88,166.47,8513.654
2024-06-04 04:00:00,166.47,167.0,165.95,166.18,33138.886
2024-06-04 05:00:00,166.18,166.48,165.27,165.42,19998.775
2024-06-04 06:00:00,165.42,166.0,164.92,165.64,14627.834
2024-06-04 07:00:00,165.64,165.95,165.18,165.27,15873.49
2024-06-04 08:00:00,165.27,165.86,164.88,164.92,20388.52
2024-06-04 09:00:00,164.92,165.29,164.46,164.64,37806.511
2024-06-04 10:00:00,164.64,165.63,164.53,165.37,22475.288
2024-06-04 11:00:00,165.37,165.76,165.17,165.52,20535.672
2024-06-04 12:00:00,165.52,166.13,165.3,165.71,19617.445
2024-06-04 13:00:00,165.71,166.52,165.31,166.15,29060.473
2024-06-04 14:00:00,166.15,167.35,165.86,165.97,55651.232
2024-06-04 15:00:00,165.97,167.97,165.54,167.95,49375.099
2024-06-04 16:00:00,167.95,169.96,167.82,169.42,95531.606
2024-06-04 17:00:00,169.42,169.55,168.19,169.17,31400.435
2024-06-04 18:00:00,169.17,170.4,169.17,169.86,23683.393
2024-06-04 19:00:00,169.86,169.9,168.16,169.46,42335.114
2024-06-04 20:00:00,169.46,169.87,168.28,169.43,27412.627
2024-06-04 21:00:00,169.43,170.04,169.0,169.67,14333.684
2024-06-04 22:00:00,169.67,170.99,169.64,170.8,24420.936
2024-06-04 23:00:00,170.8,171.87,170.54,171.76,25957.448
2024-06-05 00:00:00,171.76,172.51,171.13,172.04,34328.323
2024-06-05 01:00:00,172.04,173.53,171.51,173.18,39307.893
2024-06-05 02:00:00,173.18,174.82,172.75,173.36,70813.119
2024-06-05 03:00:00,173.36,173.81,172.52,172.92,56090.01
2024-06-05 04:00:00,172.92,173.42,172.28,173.1,22540.204
2024-06-05 05:00:00,173.1,173.73,172.39,173.37,21844.296
2024-06-05 06:00:00,173.37,174.2,173.37,173.96,23926.327
2024-06-05 07:00:00,173.96,174.34,173.28,173.41,38871.678
2024-06-05 08:00:00,173.41,173.63,172.48,172.96,37360.507
2024-06-05 09:00:00,172.96,174.08,172.7,173.4,37612.51
2024-06-05 10:00:00,173.4,173.65,172.5,172.51,37148.026
2024-06-05 11:00:00,172.51,173.02,172.05,172.84,24801.538
2024-06-05 12:00:00,172.84,173.67,172.0,172.97,31073.465
2024-06-05 13:00:00,172.97,173.92,172.24,172.49,50166.643
2024-06-05 14:00:00,172.49,173.25,171.18,172.8,46872.515
2024-06-05 15:00:00,172.8,175.13,172.73,174.77,56657.708
2024-06-05 16:00:00,174.77,175.61,173.71,174.04,51558.753
2024-06-05 17:00:00,174.04,174.83,173.86,174.74,21699.098
2024-06-05 18:00:00,174.74,175.4,172.63,173.19,45098.21
2024-06-05 19:00:00,173.19,173.51,172.45,172.96,28253.216
2024-06-05 20:00:00,172.96,173.52,172.72,173.31,14252.908
2024-06-05 21:00:00,173.31,173.57,172.77,173.12,22523.946
2024-06-05 22:00:00,173.12,173.81,172.91,173.19,13586.791
2024-06-05 23:00:00,173.19,173.71,172.92,173.55,13430.648
2024-06-06 00:00:00,173.55,173.83,173.15,173.67,12204.021
2024-06-06 01:00:00,173.67,174.26,173.17,173.61,11742.873
2024-06-06 02:00:00,173.61,174.36,173.51,174.3,16135.858
2024-06-06 03:00:00,174.3,174.32,173.62,173.84,11010.613
2024-06-06 04:00:00,173.84,174.02,172.98,173.63,15812.027
2024-06-06 05:00:00,173.63,173.71,172.3,172.4,17378.144
2024-06-06 06:00:00,172.4,172.59,171.59,171.91,28681.384
2024-06-06 07:00:00,171.91,172.91,171.54,172.61,33875.386
2024-06-06 08:00:00,172.61,173.09,172.14,173.02,22021.015
2024-06-06 09:00:00,173.02,173.4,172.57,172.83,16636.233
2024-06-06 10:00:00,172.83,172.9,172.26,172.73,35292.541
2024-06-06 11:00:00,172.73,173.19,172.5,173.13,21173.896
2024-06-06 12:00:00,173.13,173.56,172.54,172.96,39477.332
2024-06-06 13:00:00,172.96,173.44,172.5,172.6,45225.028
2024-06-06 14:00:00,172.6,173.28,172.39,173.25,27610.799
2024-06-06 15:00:00,173.25,173.68,172.94,172.98,21414.985
2024-06-06 16:00:00,172.98,173.08,171.35,171.56,40145.625
2024-06-06 17:00:00,171.56,172.41,170.97,171.87,39983.422
2024-06-06 18:00:00,171.87,172.07,171.04,171.09,15756.168
2024-06-06 19:00:00,171.09,171.12,168.69,169.1,51408.411
2024-06-06 20:00:00,169.1,170.81,167.56,170.45,52888.867
2024-06-06 21:00:00,170.45,170.84,169.78,170.19,13972.835
2024-06-06 22:00:00,170.19,170.74,169.92,170.55,19482.661
2024-06-06 23:00:00,170.55,170.84,169.81,170.15,41991.588
2024-06-07 00:00:00,170.15,170.61,169.76,170.27,14150.429
2024-06-07 01:00:00,170.27,170.36,169.41,170.14,20071.423
2024-06-07 02:00:00,170.14,170.34,168.97,169.9,17966.088
2024-06-07 03:00:00,169.9,170.57,169.66,170.55,16270.771
2024-06-07 04:00:00,170.55,172.21,170.43,172.04,34030.378
2024-06-07 05:00:00,172.04,172.49,171.69,172.05,19085.845
2024-06-07 06:00:00,172.05,172.43,171.76,172.3,12299.503
2024-06-07 07:00:00,172.3,172.53,171.98,172.03,18641.807
2024-06-07 08:00:00,172.03,172.41,171.83,172.12,11144.374
2024-06-07 09:00:00,172.12,172.17,171.43,171.66,16582.336
2024-06-07 10:00:00,171.66,171.98,170.96,171.44,17030.667
2024-06-07 11:00:00,171.44,172.32,171.04,172.21,23761.368
2024-06-07 12:00:00,172.21,172.85,169.14,171.16,99529.901
2024-06-07 13:00:00,171.16,171.79,170.56,171.44,32566.216
2024-06-07 14:00:00,171.44,171.7,170.88,171.38,30608.733
2024-06-07 15:00:00,171.38,171.47,169.39,170.14,32780.537
2024-06-07 16:00:00,170.14,170.36,168.53,168.73,33719.03
2024-06-07 17:00:00,168.73,168.73,165.32,165.32,72886.813
2024-06-07 18:00:00,165.32,165.61,151.74,161.08,585906.148
2024-06-07 19:00:00,161.08,163.19,160.21,162.02,80693.342
2024-06-07 20:00:00,162.02,163.09,161.05,162.73,38240.511
2024-06-07 21:00:00,162.73,163.1,162.23,162.59,22960.527
2024-06-07 22:00:00,162.59,163.19,162.29,163.11,20855.152
2024-06-07 23:00:00,163.11,163.22,162.42,162.51,18319.163
2024-06-08 00:00:00,162.51,162.51,161.84,162.18,21333.574
2024-06-08 01:00:00,162.18,163.15,162.01,163.04,20743.892
2024-06-08 02:00:00,163.04,163.09,162.25,162.69,13557.963
2024-06-08 03:00:00,162.69,162.94,162.35,162.7,11926.561
2024-06-08 04:00:00,162.7,162.72,162.02,162.04,12733.244
2024-06-08 05:00:00,162.04,162.74,161.35,162.36,29463.477
2024-06-08 06:00:00,162.36,162.76,162.15,162.6,12062.118
2024-06-08 07:00:00,162.6,163.8,162.6,163.59,22791.153
2024-06-08 08:00:00,163.59,163.67,162.49,162.6,19380.485
2024-06-08 09:00:00,162.6,162.67,162.04,162.3,16785.181
2024-06-08 10:00:00,162.3,162.43,161.43,162.02,26161.762
2024-06-08 11:00:00,162.02,162.29,160.07,160.47,35801.286
2024-06-08 12:00:00,160.47,160.88,159.34,159.91,51625.616
2024-06-08 13:00:00,159.91,160.47,158.26,160.45,80638.758
2024-06-08 14:00:00,160.45,161.27,159.92,161.17,24411.273
2024-06-08 15:00:00,161.17,161.37,159.92,160.15,17168.569
2024-06-08 16:00:00,160.15,160.49,158.94,159.73,34147.109
2024-06-08 17:00:00,159.73,160.35,158.79,160.25,33394.996
2024-06-08 18:00:00,160.25,161.03,160.02,160.07,24358.342
2024-06-08 19:00:00,160.07,160.44,159.41,159.82,16810.073
2024-06-08 20:00:00,159.82,159.98,158.55,159.23,21925.325
2024-06-08 21:00:00,159.23,159.39,158.68,158.81,11885.191
2024-06-08 22:00:00,158.81,158.97,157.34,158.46,33780.686
2024-06-08 23:00:00,158.46,158.63,157.69,157.83,18579.363
2024-06-09 00:00:00,157.83,158.61,157.66,158.14,20330.984
2024-06-09 01:00:00,158.14,158.8,157.96,158.64,16589.852
2024-06-09 02:00:00,158.64,158.64,157.04,157.17,30098.909
2024-06-09 03:00:00,157.17,158.06,156.53,157.79,36434.401
2024-06-09 04:00:00,157.79,158.64,157.78,158.05,16731.776
2024-06-09 05:00:00,158.05,158.97,157.25,158.9,23069.811
2024-06-09 06:00:00,158.9,159.46,158.79,159.28,20702.431
2024-06-09 07:00:00,159.28,159.76,158.94,159.03,14844.019
2024-06-09 08:00:00,159.03,159.68,158.71,159.51,17348.663
2024-06-09 09:00:00,159.51,159.83,159.26,159.5,16068.877
2024-06-09 10:00:00,159.5,159.5,158.95,159.04,12356.278
2024-06-09 11:00:00,159.04,159.62,158.91,159.45,13509.617
2024-06-09 12:00:00,159.45,161.62,159.23,161.07,39885.446
2024-06-09 13:00:00,161.07,161.35,159.58,160.51,41037.232
2024-06-09 14:00:00,160.51,161.4,160.29,161.33,27306.486
2024-06-09 15:00:00,161.33,161.87,161.11,161.61,25096.565
2024-06-09 16:00:00,161.61,161.8,161.07,161.15,19606.68
2024-06-09 17:00:00,161.15,161.31,160.57,160.85,15723.315
2024-06-09 18:00:00,160.85,162.64,160.57,162.54,22953.33
2024-06-09 19:00:00,162.54,163.06,162.15,162.15,20482.521
2024-06-09 20:00:00,162.15,162.22,161.25,161.46,18537.876
2024-06-09 21:00:00,161.46,162.13,161.27,161.87,12232.372
2024-06-09 22:00:00,161.87,162.4,161.61,161.92,15062.259
2024-06-09 23:00:00,161.92,162.18,161.81,162.1,10361.546
2024-06-10 00:00:00,162.1,162.2,160.64,161.2,22541.194
2024-06-10 01:00:00,161.2,161.73,160.75,161.25,14685.205
2024-06-10 02:00:00,161.25,161.69,160.85,161.01,9567.87
2024-06-10 03:00:00,161.01,161.02,159.65,159.85,16814.622
2024-06-10 04:00:00,159.85,160.54,159.32,160.23,24370.084
2024-06-10 05:00:00,160.23,160.24,159.61,159.84,17624.865
2024-06-10 06:00:00,159.84,160.04,158.75,159.28,36894.498
2024-06-10 07:00:00,159.28,159.33,157.46,157.63,49731.599
2024-06-10 08:00:00,157.63,159.84,157.56,159.33,45863.332
2024-06-10 09:00:00,159.33,160.24,158.56,160.12,40158.36
2024-06-10 10:00:00,160.12,160.18,159.57,159.83,19641.303
2024-06-10 11:00:00,159.83,159.95,159.22,159.44,19395.86
2024-06-10 12:00:00,159.44,159.49,158.36,158.43,21731.849
2024-06-10 13:00:00,158.43,159.19,157.7,158.9,39357.379
2024-06-10 14:00:00,158.9,160.01,158.1,159.85,38495.581
2024-06-10 15:00:00,159.85,163.19,159.75,162.37,58040.147
2024-06-10 16:00:00,162.37,162.73,160.76,161.98,42386.116
2024-06-10 17:00:00,161.98,162.73,161.29,162.62,23570.048
2024-06-10 18:00:00,162.62,162.92,161.1,161.95,31064.098
2024-06-10 19:00:00,161.95,162.07,160.06,160.45,33521.575
2024-06-10 20:00:00,160.45,160.66,159.0,159.88,40029.187
2024-06-10 21:00:00,159.88,160.37,158.9,159.57,15052.201
2024-06-10 22:00:00,159.57,159.66,158.81,159.38,16359.923
2024-06-10 23:00:00,159.38,159.47,158.3,159.05,37082.084
2024-06-11 00:00:00,159.05,159.67,158.61,159.0,22873.067
2024-06-11 01:00:00,159.0,159.76,155.33,156.44,73284.703
2024-06-11 02:00:00,156.44,157.92,154.84,156.68,118104.775
2024-06-11 03:00:00,156.68,157.14,155.62,156.06,50463.818
2024-06-11 04:00:00,156.06,156.23,152.6,154.54,87324.532
2024-06-11 05:00:00,154.54,154.63,153.61,154.34,32271.428
2024-06-11 06:00:00,154.34,154.79,152.34,153.55,40061.046
2024-06-11 07:00:00,153.55,154.3,152.53,153.4,46620.711
2024-06-11 08:00:00,153.4,154.46,153.02,153.85,63351.27
2024-06-11 09:00:00,153.85,154.39,152.77,154.09,54689.92
2024-06-11 10:00:00,154.09,155.29,153.43,154.77,36534.895
2024-06-11 11:00:00,154.77,154.88,153.72,153.89,31765.432
2024-06-11 12:00:00,153.89,154.55,153.46,153.62,39935.25
2024-06-11 13:00:00,153.62,154.41,150.75,151.22,112804.789
2024-06-11 14:00:00,151.22,152.87,150.52,151.96,52780.864
2024-06-11 15:00:00,151.96,152.48,146.06,147.6,219570.846
2024-06-11 16:00:00,147.6,149.41,147.01,147.7,71566.453
2024-06-11 17:00:00,147.7,148.07,145.11,147.62,107214.472
2024-06-11 18:00:00,147.62,149.02,147.2,148.63,48447.483
2024-06-11 19:00:00,148.63,149.75,147.76,149.21,43308.075
2024-06-11 20:00:00,149.21,149.26,148.06,148.31,34230.162
2024-06-11 21:00:00,148.31,149.57,148.25,149.31,15700.323
2024-06-11 22:00:00,149.31,150.05,148.8,149.48,33055.947
2024-06-11 23:00:00,149.48,150.27,148.85,149.31,24035.417
2024-06-12 00:00:00,149.31,149.6,147.95,148.17,49029.088
2024-06-12 01:00:00,148.17,148.51,145.43,147.13,54440.136
2024-06-12 02:00:00,147.13,149.56,146.55,149.26,48938.111
2024-06-12 03:00:00,149.26,149.86,149.07,149.63,24571.824
2024-06-12 04:00:00,149.63,151.95,149.55,151.28,32560.386
2024-06-12 05:00:00,151.28,151.35,150.05,150.15,24014.549
2024-06-12 06:00:00,150.15,151.57,150.13,150.79,25156.198
2024-06-12 07:00:00,150.79,152.01,150.77,151.8,25104.359
2024-06-12 08:00:00,151.8,152.33,151.16,151.31,32306.872
2024-06-12 09:00:00,151.31,152.66,150.92,152.23,53471.884
2024-06-12 10:00:00,152.23,153.53,152.23,152.78,49492.563
2024-06-12 11:00:00,152.78,153.03,151.5,151.74,44682.651
2024-06-12 12:00:00,151.74,159.6,151.6,158.81,174461.223
2024-06-12 13:00:00,158.81,161.8,158.17,159.27,114589.941
2024-06-12 14:00:00,159.27,160.65,159.27,159.96,55924.421
2024-06-12 15:00:00,159.96,160.33,157.8,158.84,44345.324
2024-06-12 16:00:00,158.84,159.74,157.8,158.81,34888.079
2024-06-12 17:00:00,158.81,159.84,158.12,159.61,28798.872
2024-06-12 18:00:00,159.61,159.61,155.2,155.96,232010.487
2024-06-12 19:00:00,155.96,158.41,151.13,153.34,187856.703
2024-06-12 20:00:00,153.34,155.28,152.81,154.95,54237.996
2024-06-12 21:00:00,154.95,155.47,154.74,155.27,21594.241
2024-06-12 22:00:00,155.27,155.64,154.78,155.59,16242.821
2024-06-12 23:00:00,155.59,155.61,154.35,155.21,14881.271
2024-06-13 00:00:00,155.21,155.21,153.63,154.64,32441.542
2024-06-13 01:00:00,154.64,155.2,152.71,152.92,31235.568
2024-06-13 02:00:00,152.92,153.65,151.62,151.76,47880.7
2024-06-13 03:00:00,151.76,151.76,149.58,151.57,97689.022
2024-06-13 04:00:00,151.57,152.87,151.31,152.08,25812.482
2024-06-13 05:00:00,152.08,152.66,152.05,152.35,23709.708
2024-06-13 06:00:00,152.35,152.49,150.83,151.35,36744.834
2024-06-13 07:00:00,151.35,152.17,150.8,152.1,34057.054
2024-06-13 08:00:00,152.1,152.4,151.51,151.85,36949.2
2024-06-13 09:00:00,151.85,151.97,150.13,151.14,37795.089
2024-06-13 10:00:00,151.14,152.02,150.01,151.67,37489.097
2024-06-13 11:00:00,151.67,151.8,149.06,149.63,64869.129
2024-06-13 12:00:00,149.63,152.14,149.29,150.07,96224.431
2024-06-13 13:00:00,150.07,151.91,149.13,150.14,62351.747
2024-06-13 14:00:00,150.14,150.61,148.54,149.11,86177.616
2024-06-13 15:00:00,149.11,149.32,146.11,146.84,121389.442
2024-06-13 16:00:00,146.84,147.87,146.2,147.67,62680.105
2024-06-13 17:00:00,147.67,148.73,147.06,148.62,37811.454
2024-06-13 18:00:00,148.62,148.91,147.88,148.84,23506.573
2024-06-13 19:00:00,148.84,148.94,147.69,147.73,26296.993
2024-06-13 20:00:00,147.73,148.34,146.73,147.23,34255.667
2024-06-13 21:00:00,147.23,148.09,146.07,148.07,26279.515
2024-06-13 22:00:00,148.07,148.42,147.07,148.15,24564.958
2024-06-13 23:00:00,148.15,148.15,146.85,147.28,28829.905
2024-06-14 00:00:00,147.28,148.22,146.31,147.12,46266.267
2024-06-14 01:00:00,147.12,148.08,145.88,147.98,54478.156
2024-06-14 02:00:00,147.98,148.53,147.43,148.14,37241.968
2024-06-14 03:00:00,148.14,148.47,147.24,147.52,30447.516
2024-06-14 04:00:00,147.52,148.07,147.05,147.05,17047.129
2024-06-14 05:00:00,147.05,148.88,146.79,148.64,51641.102
2024-06-14 06:00:00,148.64,148.84,147.37,147.88,32754.348
2024-06-14 07:00:00,147.88,148.25,147.3,147.59,21051.948
2024-06-14 08:00:00,147.59,148.76,147.35,148.43,25040.45
2024-06-14 09:00:00,148.43,148.47,147.67,147.78,23680.811
2024-06-14 10:00:00,147.78,148.42,147.47,147.8,23267.782
2024-06-14 11:00:00,147.8,148.33,147.17,148.1,22356.218
2024-06-14 12:00:00,148.1,149.02,147.93,148.21,47577.285
2024-06-14 13:00:00,148.21,148.78,147.69,147.85,46237.082
2024-06-14 14:00:00,147.85,148.0,142.99,145.07,105812.256
2024-06-14 15:00:00,145.07,145.8,142.89,143.76,58644.748
2024-06-14 16:00:00,143.76,144.1,139.49,141.62,151605.97
2024-06-14 17:00:00,141.62,142.74,140.29,141.62,46874.078
2024-06-14 18:00:00,141.62,141.79,139.63,141.44,48818.347
2024-06-14 19:00:00,141.44,142.6,140.95,141.78,37591.919
2024-06-14 20:00:00,141.78,143.02,141.66,141.74,25496.895
2024-06-14 21:00:00,141.74,145.13,141.44,144.0,34976.889
2024-06-14 22:00:00,144.0,144.21,142.15,143.32,36719.031
2024-06-14 23:00:00,143.32,143.51,142.64,143.04,19384.98
2024-06-15 00:00:00,143.04,144.03,142.89,143.54,21713.176
2024-06-15 01:00:00,143.54,144.5,143.21,143.27,14564.642
2024-06-15 02:00:00,143.27,144.0,143.17,143.75,8215.162
2024-06-15 03:00:00,143.75,144.96,143.73,144.95,16067.987
2024-06-15 04:00:00,144.95,145.18,144.08,144.75,14761.296
2024-06-15 05:00:00,144.75,145.52,144.67,144.89,16581.316
2024-06-15 06:00:00,144.89,145.41,143.95,144.19,28159.844
2024-06-15 07:00:00,144.19,144.83,143.63,143.76,17820.096
2024-06-15 08:00:00,143.76,144.38,143.52,143.92,17227.262
2024-06-15 09:00:00,143.92,144.34,143.2,143.48,23346.822
2024-06-15 10:00:00,143.48,144.03,142.93,144.0,23996.131
2024-06-15 11:00:00,144.0,144.62,143.76,144.48,17130.344
2024-06-15 12:00:00,144.48,144.84,144.0,144.67,17724.916
2024-06-15 13:00:00,144.67,144.96,144.1,144.91,15585.235
2024-06-15 14:00:00,144.91,144.95,144.24,144.4,19659.392
2024-06-15 15:00:00,144.4,145.41,144.27,145.16,34484.706
2024-06-15 16:00:00,145.16,145.77,145.02,145.16,57120.158
2024-06-15 17:00:00,145.16,145.56,144.84,145.43,34237.346
2024-06-15 18:00:00,145.43,145.46,144.56,144.78,37942.251
2024-06-15 19:00:00,144.78,145.07,144.05,144.63,34748.954
2024-06-15 20:00:00,144.63,144.92,143.77,144.3,47597.495
2024-06-15 21:00:00,144.3,145.53,144.16,145.27,16899.022
2024-06-15 22:00:00,145.27,145.47,144.76,145.47,15566.187
2024-06-15 23:00:00,145.47,145.66,145.14,145.52,11578.325
2024-06-16 00:00:00,145.52,145.57,144.58,144.63,28829.022
2024-06-16 01:00:00,144.63,145.12,144.21,144.66,25980.285
2024-06-16 02:00:00,144.66,144.68,144.23,144.29,13553.551
2024-06-16 03:00:00,144.29,144.59,143.86,143.97,16033.647
2024-06-16 04:00:00,143.97,144.05,143.07,143.12,43237.783
2024-06-16 05:00:00,143.12,144.45,143.01,144.37,32367.001
2024-06-16 06:00:00,144.37,144.91,144.03,144.79,20292.682
2024-06-16 07:00:00,144.79,145.23,144.39,144.48,12802.305
2024-06-16 08:00:00,144.48,144.76,143.94,144.16,10147.772
2024-06-16 09:00:00,144.16,144.72,143.8,144.71,16805.227
2024-06-16 10:00:00,144.71,145.74,144.39,145.43,29182.366
2024-06-16 11:00:00,145.43,145.57,144.88,145.0,22551.351
2024-06-16 12:00:00,145.0,145.46,144.77,145.09,28416.743
2024-06-16 13:00:00,145.09,146.04,145.03,145.83,37361.143
2024-06-16 14:00:00,145.83,146.9,145.58,146.25,43040.196
2024-06-16 15:00:00,146.25,148.82,146.22,148.51,38559.375
2024-06-16 16:00:00,148.51,149.36,147.91,148.28,56507.594
2024-06-16 17:00:00,148.28,148.95,147.73,147.91,23716.84
2024-06-16 18:00:00,147.91,148.53,147.56,148.35,16388.963
2024-06-16 19:00:00,148.35,149.01,148.24,148.79,14966.657
2024-06-16 20:00:00,148.79,149.31,148.38,148.92,22944.889
2024-06-16 21:00:00,148.92,149.54,148.7,149.17,16968.013
2024-06-16 22:00:00,149.17,151.06,149.16,150.39,56175.802
2024-06-16 23:00:00,150.39,151.38,150.15,151.29,25007.99
2024-06-17 00:00:00,151.29,151.76,150.38,150.47,33802.453
2024-06-17 01:00:00,150.47,150.62,148.49,148.96,32271.535
2024-06-17 02:00:00,148.96,149.05,147.64,148.64,41020.828
2024-06-17 03:00:00,148.64,148.64,147.09,147.36,25930.593
2024-06-17 04:00:00,147.36,148.49,146.66,148.46,23254.785
2024-06-17 05:00:00,148.46,149.21,147.46,147.98,28607.403
2024-06-17 06:00:00,147.98,148.04,146.2,146.43,26275.713
2024-06-17 07:00:00,146.43,147.58,145.82,146.64,43071.934
2024-06-17 08:00:00,146.64,147.29,145.17,145.88,54055.763
2024-06-17 09:00:00,145.88,146.87,144.25,144.39,68395.873
2024-06-17 10:00:00,144.39,144.68,141.62,143.29,90477.455
2024-06-17 11:00:00,143.29,144.42,143.06,143.94,58516.121
2024-06-17 12:00:00,143.94,144.12,143.06,143.28,67204.268
2024-06-17 13:00:00,143.28,144.04,141.86,142.43,76504.328
2024-06-17 14:00:00,142.43,144.65,142.35,143.47,55568.904
2024-06-17 15:00:00,143.47,143.99,140.75,141.22,48864.658
2024-06-17 16:00:00,141.22,143.96,139.79,143.29,81206.041
2024-06-17 17:00:00,143.29,145.09,143.28,144.78,50339.644
2024-06-17 18:00:00,144.78,146.88,144.56,146.42,64195.031
2024-06-17 19:00:00,146.42,146.51,144.33,144.57,35464.952
2024-06-17 20:00:00,144.57,144.68,142.19,142.98,50560.46
2024-06-17 21:00:00,142.98,143.79,141.39,143.18,27714.444
2024-06-17 22:00:00,143.18,143.97,142.64,143.81,31718.268
2024-06-17 23:00:00,143.81,144.18,142.76,143.27,27228.112
2024-06-18 00:00:00,143.27,143.8,140.07,141.51,72076.268
2024-06-18 01:00:00,141.51,142.05,125.95,132.62,462920.63
2024-06-18 02:00:00,132.62,135.73,130.97,134.73,136862.119
2024-06-18 03:00:00,134.73,135.71,133.78,135.59,52083.142
2024-06-18 04:00:00,135.59,137.32,134.7,136.81,75565.828
2024-06-18 05:00:00,136.81,137.86,136.39,136.51,50220.948
2024-06-18 06:00:00,136.51,137.16,135.5,136.12,30841.305
2024-06-18 07:00:00,136.12,137.06,136.07,136.69,25387.615
2024-06-18 08:00:00,136.69,138.87,136.46,138.57,49165.071
2024-06-18 09:00:00,138.57,138.77,137.2,137.3,40340.117
2024-06-18 10:00:00,137.3,138.46,136.78,137.66,40219.934
2024-06-18 11:00:00,137.66,138.03,135.6,137.15,69709.466
2024-06-18 12:00:00,137.15,137.69,135.36,136.07,91139.532
2024-06-18 13:00:00,136.07,136.27,133.02,134.27,109061.736
2024-06-18 14:00:00,134.27,137.89,132.83,135.18,124224.485
2024-06-18 15:00:00,135.18,136.95,134.12,136.01,59669.387
2024-06-18 16:00:00,136.01,136.18,133.26,134.74,44119.537
2024-06-18 17:00:00,134.74,135.3,132.47,132.77,48250.557
2024-06-18 18:00:00,132.77,134.22,131.7,132.28,54390.467
2024-06-18 19:00:00,132.28,133.13,130.41,133.12,81438.135
2024-06-18 20:00:00,133.12,136.96,132.07,136.85,109742.994
2024-06-18 21:00:00,136.85,138.49,136.34,137.83,58617.852
2024-06-18 22:00:00,137.83,137.91,136.38,137.64,34148.685
2024-06-18 23:00:00,137.64,137.71,136.52,137.42,31229.541
2024-06-19 00:00:00,137.42,138.31,136.09,137.97,46434.561
2024-06-19 01:00:00,137.97,139.74,137.08,138.01,74773.868
2024-06-19 02:00:00,138.01,140.21,137.94,139.13,43353.184
2024-06-19 03:00:00,139.13,141.49,138.98,140.14,63525.255
2024-06-19 04:00:00,140.14,141.24,139.82,140.64,53852.385
2024-06-19 05:00:00,140.64,141.09,139.54,139.94,42465.74
2024-06-19 06:00:00,139.94,141.79,139.72,141.59,35825.869
2024-06-19 07:00:00,141.59,141.92,139.76,139.98,51076.035
2024-06-19 08:00:00,139.98,140.3,138.47,138.75,46089.701
2024-06-19 09:00:00,138.75,139.25,137.67,138.55,38011.319
2024-06-19 10:00:00,138.55,139.49,137.88,139.41,35492.202
2024-06-19 11:00:00,139.41,139.55,136.95,137.96,54388.909
2024-06-19 12:00:00,137.96,138.86,137.28,138.47,32419.943
2024-06-19 13:00:00,138.47,138.77,137.45,137.48,30520.791
2024-06-19 14:00:00,137.48,137.48,135.52,136.35,49950.038
2024-06-19 15:00:00,136.35,137.17,136.17,136.91,32027.154
2024-06-19 16:00:00,136.91,137.6,136.08,136.91,43579.233
2024-06-19 17:00:00,136.91,139.11,136.74,137.89,45172.527
2024-06-19 18:00:00,137.89,138.59,137.44,137.63,33175.821
2024-06-19 19:00:00,137.63,137.71,135.64,136.69,49800.628
2024-06-19 20:00:00,136.69,136.82,134.77,135.37,67807.876
2024-06-19 21:00:00,135.37,135.99,134.62,135.75,64465.114
2024-06-19 22:00:00,135.75,135.98,134.65,134.72,25581.779
2024-06-19 23:00:00,134.72,135.84,134.44,135.62,17859.119
2024-06-20 00:00:00,135.62,136.17,134.69,135.27,29092.09
2024-06-20 01:00:00,135.27,137.27,134.54,135.04,43485.594
2024-06-20 02:00:00,135.04,135.08,133.81,134.44,38574.049
2024-06-20 03:00:00,134.44,134.52,132.57,133.05,45773.146
2024-06-20 04:00:00,133.05,134.37,132.54,134.3,33037.093
2024-06-20 05:00:00,134.3,136.35,134.3,136.01,33849.103
2024-06-20 06:00:00,136.01,136.97,135.34,135.55,32579.913
2024-06-20 07:00:00,135.55,138.16,135.39,137.18,63459.963
2024-06-20 08:00:00,137.18,137.69,136.42,137.65,52129.857
2024-06-20 09:00:00,137.65,138.02,137.15,137.39,27858.018
2024-06-20 10:00:00,137.39,139.5,136.85,139.29,31185.076
2024-06-20 11:00:00,139.29,141.31,138.59,139.33,77003.24
2024-06-20 12:00:00,139.33,139.75,138.17,138.26,35161.269
2024-06-20 13:00:00,138.26,138.48,134.79,134.95,63459.491
2024-06-20 14:00:00,134.95,135.1,132.51,134.57,75704.89
2024-06-20 15:00:00,134.57,134.84,133.11,133.26,47858.792
2024-06-20 16:00:00,133.26,134.04,131.86,133.29,85114.405
2024-06-20 17:00:00,133.29,134.93,132.75,134.74,29835.689
2024-06-20 18:00:00,134.74,135.83,134.26,134.27,33541.57
2024-06-20 19:00:00,134.27,134.57,133.53,134.24,28587.386
2024-06-20 20:00:00,134.24,134.52,133.7,134.3,26278.77
2024-06-20 21:00:00,134.3,134.92,133.64,133.71,17290.448
2024-06-20 22:00:00,133.71,134.47,133.67,133.93,15837.433
2024-06-20 23:00:00,133.93,134.27,133.43,133.57,15966.566
2024-06-21 00:00:00,133.57,134.08,132.22,133.03,30408.87
2024-06-21 01:00:00,133.03,134.31,132.73,134.29,31323.984
2024-06-21 02:00:00,134.29,134.87,132.91,133.03,29541.283
2024-06-21 03:00:00,133.03,133.11,131.7,132.66,35862.71
2024-06-21 04:00:00,132.66,133.31,131.83,133.1,37034.291
2024-06-21 05:00:00,133.1,133.24,132.19,133.05,23046.177
2024-06-21 06:00:00,133.05,133.24,132.11,132.58,21412.419
2024-06-21 07:00:00,132.58,133.07,130.61,131.43,45424.256
2024-06-21 08:00:00,131.43,131.9,129.64,130.16,56547.783
2024-06-21 09:00:00,130.16,132.78,129.92,132.39,51522.169
2024-06-21 10:00:00,132.39,132.85,131.69,132.08,30154.141
2024-06-21 11:00:00,132.08,132.7,131.59,132.08,30575.483
2024-06-21 12:00:00,132.08,132.55,130.61,131.26,39587.305
2024-06-21 13:00:00,131.26,131.28,129.37,130.19,74105.244
2024-06-21 14:00:00,130.19,133.47,129.67,132.96,70925.947
2024-06-21 15:00:00,132.96,133.78,130.48,131.41,88896.533
2024-06-21 16:00:00,131.41,131.71,130.36,130.88,37536.226
2024-06-21 17:00:00,130.88,131.09,128.95,129.12,55308.581
2024-06-21 18:00:00,129.12,132.49,128.73,132.45,52602.988
2024-06-21 19:00:00,132.45,133.96,131.62,132.65,53398.013
2024-06-21 20:00:00,132.65,134.9,132.6,133.41,60836.292
2024-06-21 21:00:00,133.41,134.48,131.94,133.8,35062.869
2024-06-21 22:00:00,133.8,135.01,133.22,134.84,35285.918
2024-06-21 23:00:00,134.84,135.4,133.74,134.63,38100.388
2024-06-22 00:00:00,134.63,134.75,132.96,133.57,29700.139
2024-06-22 01:00:00,133.57,134.17,133.2,133.69,17057.753
2024-06-22 02:00:00,133.69,135.32,133.63,134.94,22609.371
2024-06-22 03:00:00,134.94,135.29,134.25,135.1,44885.198
2024-06-22 04:00:00,135.1,135.33,134.77,135.2,22870.926
2024-06-22 05:00:00,135.2,136.03,135.0,136.0,34664.728
2024-06-22 06:00:00,136.0,136.77,135.28,135.37,48645.299
2024-06-22 07:00:00,135.37,135.57,134.52,134.87,28366.223
2024-06-22 08:00:00,134.87,134.95,133.78,133.96,19018.037
2024-06-22 09:00:00,133.96,134.66,133.68,134.52,21453.682
2024-06-22 10:00:00,134.52,134.69,133.96,134.2,13022.475
2024-06-22 11:00:00,134.2,134.67,133.83,134.52,10970.446
2024-06-22 12:00:00,134.52,134.78,134.25,134.26,12807.204
2024-06-22 13:00:00,134.26,134.44,133.89,134.07,14300.431
2024-06-22 14:00:00,134.07,134.76,134.07,134.5,11862.595
2024-06-22 15:00:00,134.5,134.68,133.99,134.27,14442.159
2024-06-22 16:00:00,134.27,134.69,133.99,134.68,17263.082
2024-06-22 17:00:00,134.68,135.04,133.92,133.99,15352.652
2024-06-22 18:00:00,133.99,134.31,133.95,134.1,6067.459
2024-06-22 19:00:00,134.1,134.48,134.03,134.48,6189.182
2024-06-22 20:00:00,134.48,134.53,134.02,134.24,9322.796
2024-06-22 21:00:00,134.24,134.53,134.13,134.53,4608.096
2024-06-22 22:00:00,134.53,134.63,134.14,134.29,4618.731
2024-06-22 23:00:00,134.29,134.29,133.11,133.69,12711.068
2024-06-23 00:00:00,133.69,135.11,133.58,134.6,28393.428
2024-06-23 01:00:00,134.6,135.1,134.19,134.96,21313.5
2024-06-23 02:00:00,134.96,135.11,134.28,134.8,14480.256
2024-06-23 03:00:00,134.8,135.12,134.43,134.78,11973.113
2024-06-23 04:00:00,134.78,135.04,134.56,134.58,10566.302
2024-06-23 05:00:00,134.58,134.86,134.19,134.43,8355.51
2024-06-23 06:00:00,134.43,134.69,134.32,134.41,7872.588
2024-06-23 07:00:00,134.41,134.79,134.39,134.72,8957.634
2024-06-23 08:00:00,134.72,134.77,134.46,134.54,6956.373
2024-06-23 09:00:00,134.54,134.83,134.2,134.69,10974.817
2024-06-23 10:00:00,134.69,134.76,133.71,133.87,16309.553
2024-06-23 11:00:00,133.87,134.27,133.45,134.04,21333.93
2024-06-23 12:00:00,134.04,134.38,133.89,133.93,13324.658
2024-06-23 13:00:00,133.93,134.29,133.46,133.56,14938.873
2024-06-23 14:00:00,133.56,133.65,132.0,132.24,32717.118
2024-06-23 15:00:00,132.24,132.68,131.42,131.59,27353.218
2024-06-23 16:00:00,131.59,132.13,130.4,130.68,35200.615
2024-06-23 17:00:00,130.68,131.69,130.57,131.16,29124.517
2024-06-23 18:00:00,131.16,131.97,131.15,131.76,22443.236
2024-06-23 19:00:00,131.76,132.56,131.41,131.47,14241.115
2024-06-23 20:00:00,131.47,131.56,129.0,130.55,50889.354
2024-06-23 21:00:00,130.55,130.9,129.5,130.57,24968.899
2024-06-23 22:00:00,130.57,130.58,128.7,129.23,36091.532
2024-06-23 23:00:00,129.23,129.49,128.19,128.67,41230.778
2024-06-24 00:00:00,128.67,129.77,128.15,128.99,34654.991
2024-06-24 01:00:00,128.99,129.23,126.22,127.66,83710.148
2024-06-24 02:00:00,127.66,128.13,125.9,126.7,54391.658
2024-06-24 03:00:00,126.7,127.61,126.06,126.21,35066.558
2024-06-24 04:00:00,126.21,126.68,125.35,126.08,58544.855
2024-06-24 05:00:00,126.08,126.3,123.18,123.91,74441.934
2024-06-24 06:00:00,123.91,125.09,123.82,124.96,43538.57
2024-06-24 07:00:00,124.96,125.82,124.41,125.21,61702.492
2024-06-24 08:00:00,125.21,126.8,124.59,125.94,38513.745
2024-06-24 09:00:00,125.94,126.57,121.78,126.11,168045.276
2024-06-24 10:00:00,126.11,127.35,125.95,126.85,97668.547
2024-06-24 11:00:00,126.85,127.48,125.87,127.07,60934.615
2024-06-24 12:00:00,127.07,128.83,126.73,128.18,74530.853
2024-06-24 13:00:00,128.18,129.41,126.28,129.06,66582.11
2024-06-24 14:00:00,129.06,129.87,127.62,128.58,54692.09
2024-06-24 15:00:00,128.58,128.81,125.61,126.32,63306.71
2024-06-24 16:00:00,126.32,127.51,125.82,126.59,71691.648
2024-06-24 17:00:00,126.59,129.5,126.22,128.2,116880.946
2024-06-24 18:00:00,128.2,130.36,126.57,130.28,72359.284
2024-06-24 19:00:00,130.28,130.38,126.7,127.49,70516.984
2024-06-24 20:00:00,127.49,129.15,125.08,128.3,139775.721
2024-06-24 21:00:00,128.3,131.31,128.06,130.97,72625.976
2024-06-24 22:00:00,130.97,131.39,130.15,130.23,28885.431
2024-06-24 23:00:00,130.23,132.64,130.23,132.33,58454.142
2024-06-25 00:00:00,132.33,132.98,131.78,132.25,40281.963
2024-06-25 01:00:00,132.25,132.43,131.19,132.18,35476.241
2024-06-25 02:00:00,132.18,133.7,131.58,132.97,49585.871
2024-06-25 03:00:00,132.97,136.59,132.69,135.81,76819.487
2024-06-25 04:00:00,135.81,136.4,135.06,136.37,45258.398
2024-06-25 05:00:00,136.37,136.9,135.36,135.7,42451.435
2024-06-25 06:00:00,135.7,136.22,135.32,135.99,20503.028
2024-06-25 07:00:00,135.99,136.35,134.63,134.82,29215.883
2024-06-25 08:00:00,134.82,135.01,133.5,134.39,35190.41
2024-06-25 09:00:00,134.39,137.63,134.04,137.07,41786.897
2024-06-25 10:00:00,137.07,139.2,136.55,138.83,69525.919
2024-06-25 11:00:00,138.83,138.87,137.23,137.82,64358.095
2024-06-25 12:00:00,137.82,138.18,136.52,136.75,28176.909
2024-06-25 13:00:00,136.75,137.61,136.48,136.86,25039.68
2024-06-25 14:00:00,136.86,139.11,136.67,138.18,40865.57
2024-06-25 15:00:00,138.18,139.93,137.32,139.46,48946.359
2024-06-25 16:00:00,139.46,139.61,137.2,137.54,32992.772
2024-06-25 17:00:00,137.54,138.76,137.26,137.34,27506.565
2024-06-25 18:00:00,137.34,139.46,137.01,139.21,34449.869
2024-06-25 19:00:00,139.21,139.49,138.28,138.75,26987.165
2024-06-25 20:00:00,138.75,139.0,138.13,138.26,14434.888
2024-06-25 21:00:00,138.26,138.26,137.26,137.38,19972.114
2024-06-25 22:00:00,137.38,138.13,136.72,136.92,31886.284
2024-06-25 23:00:00,136.92,136.97,135.9,136.58,25736.745
2024-06-26 00:00:00,136.58,137.24,136.14,136.45,15326.382
2024-06-26 01:00:00,136.45,139.47,136.23,139.09,42767.944
2024-06-26 02:00:00,139.09,140.43,138.56,138.89,34087.2
2024-06-26 03:00:00,138.89,139.28,137.72,138.45,35236.639
2024-06-26 04:00:00,138.45,138.81,136.83,136.89,29938.453
2024-06-26 05:00:00,136.89,137.48,136.31,136.79,36904.761
2024-06-26 06:00:00,136.79,137.55,136.6,136.92,20742.313
2024-06-26 07:00:00,136.92,138.04,136.81,137.94,28766.865
2024-06-26 08:00:00,137.94,138.2,136.13,136.49,29449.816
2024-06-26 09:00:00,136.49,137.18,136.16,136.86,23804.793
2024-06-26 10:00:00,136.86,137.12,136.03,136.73,23802.551
2024-06-26 11:00:00,136.73,137.61,136.58,137.32,22659.75
2024-06-26 12:00:00,137.32,137.71,136.5,137.06,24834.364
2024-06-26 13:00:00,137.06,138.94,136.58,138.65,39419.268
2024-06-26 14:00:00,138.65,139.49,137.51,137.83,81860.578
2024-06-26 15:00:00,137.83,137.97,136.05,136.88,37801.02
2024-06-26 16:00:00,136.88,137.44,135.54,136.12,35652.399
2024-06-26 17:00:00,136.12,136.35,134.83,136.27,45201.431
2024-06-26 18:00:00,136.27,136.3,135.11,135.69,13896.493
2024-06-26 19:00:00,135.69,137.85,135.34,137.76,37674.236
2024-06-26 20:00:00,137.76,138.47,136.23,137.1,36127.418
2024-06-26 21:00:00,137.1,137.95,136.59,137.69,16313.407
2024-06-26 22:00:00,137.69,138.4,137.03,137.4,27991.575
2024-06-26 23:00:00,137.4,137.61,136.32,136.8,19062.099
2024-06-27 00:00:00,136.8,137.48,135.95,136.78,19474.794
2024-06-27 01:00:00,136.78,136.97,136.19,136.52,15582.407
2024-06-27 02:00:00,136.52,136.95,135.62,136.88,16703.736
2024-06-27 03:00:00,136.88,137.98,136.5,137.51,26451.894
2024-06-27 04:00:00,137.51,137.74,136.94,136.98,17035.568
2024-06-27 05:00:00,136.98,137.23,136.0,136.16,16012.166
2024-06-27 06:00:00,136.16,136.34,135.17,135.75,29300.201
2024-06-27 07:00:00,135.75,136.21,135.46,135.9,17248.89
2024-06-27 08:00:00,135.9,136.46,135.55,136.45,11857.651
2024-06-27 09:00:00,136.45,138.49,136.15,138.32,35699.593
2024-06-27 10:00:00,138.32,139.47,138.02,138.41,39606.673
2024-06-27 11:00:00,138.41,139.49,138.39,139.04,26408.644
2024-06-27 12:00:00,139.04,140.46,138.56,139.6,67158.042
2024-06-27 13:00:00,139.6,150.08,139.47,148.04,361876.082
2024-06-27 14:00:00,148.04,151.25,147.48,148.11,137379.145
2024-06-27 15:00:00,148.11,148.42,146.67,147.77,61710.123
2024-06-27 16:00:00,147.77,148.26,146.6,147.86,53220.925
2024-06-27 17:00:00,147.86,148.64,147.65,148.29,38264.466
2024-06-27 18:00:00,148.29,149.45,147.86,148.8,35002.879
2024-06-27 19:00:00,148.8,148.82,147.52,148.46,34292.965
2024-06-27 20:00:00,148.46,149.66,148.08,149.54,45055.127
2024-06-27 21:00:00,149.54,150.35,149.2,149.98,33875.1
2024-06-27 22:00:00,149.98,150.48,149.49,150.19,21747.525
2024-06-27 23:00:00,150.19,150.33,149.11,149.68,18426.37
2024-06-28 00:00:00,149.68,149.91,147.16,147.57,40660.969
2024-06-28 01:00:00,147.57,150.8,147.29,148.93,54452.685
2024-06-28 02:00:00,148.93,149.32,146.53,147.07,56361.738
2024-06-28 03:00:00,147.07,147.76,146.67,147.56,22454.817
2024-06-28 04:00:00,147.56,147.6,145.4,146.15,31024.759
2024-06-28 05:00:00,146.15,146.15,143.77,144.25,53800.568
2024-06-28 06:00:00,144.25,145.33,144.08,145.24,24691.045
2024-06-28 07:00:00,145.24,145.44,144.17,145.38,25613.698
2024-06-28 08:00:00,145.38,145.84,144.78,145.45,22757.16
2024-06-28 09:00:00,145.45,146.21,144.77,145.89,21495.477
2024-06-28 10:00:00,145.89,146.0,144.92,145.35,22789.705
2024-06-28 11:00:00,145.35,146.07,145.04,145.51,24328.237
2024-06-28 12:00:00,145.51,146.89,144.16,144.46,61532.581
2024-06-28 13:00:00,144.46,145.72,142.95,143.57,60553.423
2024-06-28 14:00:00,143.57,144.11,141.4,141.85,69650.25
2024-06-28 15:00:00,141.85,145.72,140.85,143.22,106638.189
2024-06-28 16:00:00,143.22,143.9,141.02,143.41,92084.891
2024-06-28 17:00:00,143.41,143.41,140.36,141.32,59398.34
2024-06-28 18:00:00,141.32,142.13,140.87,141.74,37780.874
2024-06-28 19:00:00,141.74,142.12,140.09,140.98,55537.132
2024-06-28 20:00:00,140.98,141.66,139.74,140.08,28981.855
2024-06-28 21:00:00,140.08,140.68,138.98,140.42,27925.299
2024-06-28 22:00:00,140.42,140.71,139.86,140.05,22772.18
2024-06-28 23:00:00,140.05,140.26,139.63,140.03,17590.344
2024-06-29 00:00:00,140.03,141.61,139.98,141.01,38435.903
2024-06-29 01:00:00,141.01,142.54,140.95,142.0,28672.121
2024-06-29 02:00:00,142.0,142.4,141.66,142.09,18345.974
2024-06-29 03:00:00,142.09,142.23,141.48,141.78,13840.469
2024-06-29 04:00:00,141.78,141.89,141.21,141.31,9337.408
2024-06-29 05:00:00,141.31,141.41,140.12,140.59,24038.475
2024-06-29 06:00:00,140.59,141.32,140.59,141.12,9854.858
2024-06-29 07:00:00,141.12,142.55,141.12,142.0,28780.601
2024-06-29 08:00:00,142.0,142.35,141.5,142.25,22489.312
2024-06-29 09:00:00,142.25,142.86,141.7,142.85,14735.117
2024-06-29 10:00:00,142.85,143.22,142.45,142.62,20218.764
2024-06-29 11:00:00,142.62,142.77,142.26,142.67,15705.439
2024-06-29 12:00:00,142.67,143.03,141.97,142.26,14509.071
2024-06-29 13:00:00,142.26,142.48,141.88,142.13,13999.687
2024-06-29 14:00:00,142.13,142.63,141.54,141.82,17126.829
2024-06-29 15:00:00,141.82,142.78,141.3,142.66,37399.901
2024-06-29 16:00:00,142.66,142.82,141.91,142.22,17668.993
2024-06-29 17:00:00,142.22,142.45,141.69,142.35,10064.708
2024-06-29 18:00:00,142.35,142.43,141.78,142.02,15656.74
2024-06-29 19:00:00,142.02,142.16,140.88,141.71,22979.674
2024-06-29 20:00:00,141.71,141.82,140.77,141.01,11683.612
2024-06-29 21:00:00,141.01,141.16,140.42,140.73,17079.604
2024-06-29 22:00:00,140.73,140.87,139.65,140.08,19827.414
2024-06-29 23:00:00,140.08,140.6,139.94,140.27,8438.796
2024-06-30 00:00:00,140.27,141.08,139.92,140.74,13464.64
2024-06-30 01:00:00,140.74,140.81,139.69,140.1,18960.151
2024-06-30 02:00:00,140.1,140.19,138.07,138.92,38189.5
2024-06-30 03:00:00,138.92,139.26,138.23,138.28,16468.247
2024-06-30 04:00:00,138.28,138.28,137.4,137.6,29269.363
2024-06-30 05:00:00,137.6,137.83,137.11,137.68,18993.731
2024-06-30 06:00:00,137.68,139.13,137.44,139.13,21700.704
2024-06-30 07:00:00,139.13,141.13,139.01,140.63,41124.065
2024-06-30 08:00:00,140.63,141.62,140.38,141.28,28838.402
2024-06-30 09:00:00,141.28,141.79,140.84,140.94,17091.971
2024-06-30 10:00:00,140.94,141.26,140.35,140.85,17687.003
2024-06-30 11:00:00,140.85,141.51,140.69,141.19,11889.182
2024-06-30 12:00:00,141.19,141.6,140.57,141.02,13645.372
2024-06-30 13:00:00,141.02,142.51,141.01,142.42,23127.353
2024-06-30 14:00:00,142.42,142.51,141.66,142.15,26349.693
2024-06-30 15:00:00,142.15,144.03,142.14,143.8,38086.675
2024-06-30 16:00:00,143.8,143.91,142.75,143.22,20342.746
2024-06-30 17:00:00,143.22,144.3,143.0,144.07,26641.727
2024-06-30 18:00:00,144.07,145.87,143.8,145.32,31136.482
2024-06-30 19:00:00,145.32,145.38,144.52,144.81,22544.585
2024-06-30 20:00:00,144.81,145.93,144.39,144.39,62400.037
2024-06-30 21:00:00,144.39,144.79,143.83,144.45,28413.747
2024-06-30 22:00:00,144.45,147.72,144.45,147.01,82233.932
2024-06-30 23:00:00,147.01,147.27,146.37,146.61,21792.901
2024-07-01 00:00:00,146.61,148.21,145.99,147.82,50356.055
2024-07-01 01:00:00,147.82,149.17,147.39,148.24,47693.123
2024-07-01 02:00:00,148.24,148.84,146.99,147.41,33909.56
2024-07-01 03:00:00,147.41,147.98,147.29,147.61,24925.847
2024-07-01 04:00:00,147.61,148.11,147.23,147.45,17999.855
2024-07-01 05:00:00,147.45,148.47,147.45,148.02,20464.202
2024-07-01 06:00:00,148.02,148.3,147.16,147.99,15383.179
2024-07-01 07:00:00,147.99,148.73,147.5,148.31,17857.083
2024-07-01 08:00:00,148.31,149.1,146.79,147.46,37286.976
2024-07-01 09:00:00,147.46,148.02,146.84,147.78,25357.184
2024-07-01 10:00:00,147.78,147.94,146.63,146.85,30810.643
2024-07-01 11:00:00,146.85,146.97,145.83,146.15,40856.867
2024-07-01 12:00:00,146.15,147.49,146.03,147.47,37362.098
2024-07-01 13:00:00,147.47,148.74,146.29,146.99,58368.121
2024-07-01 14:00:00,146.99,148.03,146.15,147.84,55047.009
2024-07-01 15:00:00,147.84,148.66,147.37,148.53,41860.842
2024-07-01 16:00:00,148.53,149.37,147.67,147.97,52782.362
2024-07-01 17:00:00,147.97,148.48,147.07,148.08,42132.063
2024-07-01 18:00:00,148.08,148.89,147.21,147.75,45777.379
2024-07-01 19:00:00,147.75,147.89,146.6,147.33,24412.383
2024-07-01 20:00:00,147.33,148.02,147.19,147.53,12972.763
2024-07-01 21:00:00,147.53,148.25,147.22,147.57,8448.468
2024-07-01 22:00:00,147.57,147.78,145.97,146.8,34441.269
2024-07-01 23:00:00,146.8,147.12,146.07,146.68,10342.679
2024-07-02 00:00:00,146.68,147.65,146.13,147.35,21059.266
2024-07-02 01:00:00,147.35,147.84,146.97,147.64,14957.618
2024-07-02 02:00:00,147.64,149.09,147.62,149.06,18876.854
2024-07-02 03:00:00,149.06,149.96,148.44,149.17,29846.848
2024-07-02 04:00:00,149.17,149.92,148.85,148.92,31206.202
2024-07-02 05:00:00,148.92,149.32,148.64,149.09,15125.819
2024-07-02 06:00:00,149.09,149.19,147.57,147.78,21340.638
2024-07-02 07:00:00,147.78,147.86,146.97,147.45,28309.678
2024-07-02 08:00:00,147.45,148.48,146.89,148.02,29407.916
2024-07-02 09:00:00,148.02,148.52,147.72,148.3,20957.809
2024-07-02 10:00:00,148.3,148.9,147.72,148.83,30586.142
2024-07-02 11:00:00,148.83,150.04,148.47,149.7,46893.566
2024-07-02 12:00:00,149.7,151.61,148.95,150.54,57289.883
2024-07-02 13:00:00,150.54,151.89,148.15,148.86,76779.162
2024-07-02 14:00:00,148.86,149.24,147.19,148.28,76807.273
2024-07-02 15:00:00,148.28,149.06,147.66,148.39,37126.12
2024-07-02 16:00:00,148.39,149.08,147.65,149.01,25541.552
2024-07-02 17:00:00,149.01,150.01,148.21,149.96,27654.187
2024-07-02 18:00:00,149.96,153.78,149.96,152.95,101034.532
2024-07-02 19:00:00,152.95,153.66,152.08,152.85,44984.172
2024-07-02 20:00:00,152.85,153.51,152.35,153.14,38080.305
2024-07-02 21:00:00,153.14,154.12,152.98,153.7,34072.596
2024-07-02 22:00:00,153.7,154.9,153.7,154.72,30907.595
2024-07-02 23:00:00,154.72,155.0,153.69,154.03,26772.502
2024-07-03 00:00:00,154.03,154.5,153.39,153.49,24012.833
2024-07-03 01:00:00,153.49,153.91,151.74,152.28,47921.998
2024-07-03 02:00:00,152.28,152.82,151.58,152.16,35528.806
2024-07-03 03:00:00,152.16,152.18,149.22,150.55,60012.01
2024-07-03 04:00:00,150.55,150.56,147.76,148.17,61012.812
2024-07-03 05:00:00,148.17,149.46,148.06,149.4,42264.013
2024-07-03 06:00:00,149.4,149.65,148.68,148.89,41190.857
2024-07-03 07:00:00,148.89,149.0,146.4,146.4,76580.923
2024-07-03 08:00:00,146.4,146.93,145.04,146.41,63161.717
2024-07-03 09:00:00,146.41,147.28,146.08,146.47,28817.46
2024-07-03 10:00:00,146.47,146.47,143.4,144.18,117375.166
2024-07-03 11:00:00,144.18,144.47,142.74,144.07,56400.468
2024-07-03 12:00:00,144.07,144.07,141.2,141.51,80346.129
2024-07-03 13:00:00,141.51,144.23,141.1,144.17,67323.539
2024-07-03 14:00:00,144.17,144.38,141.57,141.71,63316.906
2024-07-03 15:00:00,141.71,142.75,140.95,141.67,46688.569
2024-07-03 16:00:00,141.67,143.22,141.08,142.56,66236.17
2024-07-03 17:00:00,142.56,142.82,141.29,142.05,36852.65
2024-07-03 18:00:00,142.05,142.59,141.25,141.79,27942.497
2024-07-03 19:00:00,141.79,141.86,139.11,140.43,72727.521
2024-07-03 20:00:00,140.43,141.51,139.83,140.07,38558.295
2024-07-03 21:00:00,140.07,142.06,139.0,141.7,47443.297
2024-07-03 22:00:00,141.7,141.98,140.58,141.34,40632.719
2024-07-03 23:00:00,141.34,141.4,140.48,140.82,35807.022
2024-07-04 00:00:00,140.82,142.75,140.76,141.37,48065.409
2024-07-04 01:00:00,141.37,141.6,132.27,134.15,242190.268
2024-07-04 02:00:00,134.15,136.86,132.57,136.26,117037.45
2024-07-04 03:00:00,136.26,137.31,135.57,137.09,58090.365
2024-07-04 04:00:00,137.09,137.35,136.19,136.69,27432.551
2024-07-04 05:00:00,136.69,136.81,135.94,136.04,26896.132
2024-07-04 06:00:00,136.04,136.08,133.8,134.64,71887.217
2024-07-04 07:00:00,134.64,135.24,133.91,134.39,48455.59
2024-07-04 08:00:00,134.39,135.79,132.31,135.42,77323.944
2024-07-04 09:00:00,135.42,135.97,133.61,134.26,79596.183
2024-07-04 10:00:00,134.26,134.47,132.23,134.35,69814.668
2024-07-04 11:00:00,134.35,134.65,132.53,132.74,37205.824
2024-07-04 12:00:00,132.74,134.47,132.29,133.16,68318.035
2024-07-04 13:00:00,133.16,133.66,129.44,133.21,185265.966
2024-07-04 14:00:00,133.21,135.42,132.27,134.29,103218.115
2024-07-04 15:00:00,134.29,135.96,133.61,135.38,79029.118
2024-07-04 16:00:00,135.38,135.44,133.92,135.23,48704.293
2024-07-04 17:00:00,135.23,135.6,134.69,135.27,32201.814
2024-07-04 18:00:00,135.27,135.29,133.61,134.08,49690.415
2024-07-04 19:00:00,134.08,135.99,133.91,133.99,48855.678
2024-07-04 20:00:00,133.99,135.05,133.35,135.05,50364.424
2024-07-04 21:00:00,135.05,135.65,134.34,134.95,32305.697
2024-07-04 22:00:00,134.95,135.35,132.43,132.47,43507.847
2024-07-04 23:00:00,132.47,132.57,127.15,127.84,175195.421
2024-07-05 00:00:00,127.84,129.17,124.96,128.6,222018.864
2024-07-05 01:00:00,128.6,129.1,126.42,128.62,77311.301
2024-07-05 02:00:00,128.62,128.68,121.59,122.85,199479.334
2024-07-05 03:00:00,122.85,124.48,120.66,123.67,275677.126
2024-07-05 04:00:00,123.67,126.84,120.96,125.51,208385.835
2024-07-05 05:00:00,125.51,127.7,125.29,127.3,79411.164
2024-07-05 06:00:00,127.3,127.31,124.4,125.07,74930.28
2024-07-05 07:00:00,125.07,127.07,124.25,126.72,86748.623
2024-07-05 08:00:00,126.72,127.36,122.63,122.85,81927.581
2024-07-05 09:00:00,122.85,126.58,122.12,126.2,86030.659
2024-07-05 10:00:00,126.2,129.7,125.71,128.59,120345.728
2024-07-05 11:00:00,128.59,130.92,128.38,130.11,87154.574
2024-07-05 12:00:00,130.11,132.96,128.72,128.81,155826.383
2024-07-05 13:00:00,128.81,133.55,128.38,133.19,86790.707
2024-07-05 14:00:00,133.19,133.75,130.86,132.7,75455.407
2024-07-05 15:00:00,132.7,134.98,132.07,134.93,102997.754
2024-07-05 16:00:00,134.93,136.44,133.9,134.58,114394.667
2024-07-05 17:00:00,134.58,135.51,133.68,134.94,65914.577
2024-07-05 18:00:00,134.94,135.96,134.04,135.7,67153.176
2024-07-05 19:00:00,135.7,135.91,134.45,134.97,45025.988
2024-07-05 20:00:00,134.97,135.42,134.22,135.32,34299.519
2024-07-05 21:00:00,135.32,135.76,134.48,134.69,47443.274
2024-07-05 22:00:00,134.69,135.35,133.88,134.22,27931.846
2024-07-05 23:00:00,134.22,134.98,134.14,134.29,27096.123
2024-07-06 00:00:00,134.29,137.85,133.49,135.05,71351.282
2024-07-06 01:00:00,135.05,135.3,133.31,133.5,33674.378
2024-07-06 02:00:00,133.5,134.02,132.32,133.61,29842.768
2024-07-06 03:00:00,133.61,134.93,133.48,134.45,32179.772
2024-07-06 04:00:00,134.45,134.89,133.55,133.6,25120.012
2024-07-06 05:00:00,133.6,134.92,133.57,134.45,18851.682
2024-07-06 06:00:00,134.45,136.79,134.34,135.88,41417.932
2024-07-06 07:00:00,135.88,137.41,135.57,136.94,42765.345
2024-07-06 08:00:00,136.94,138.11,136.42,137.13,22546.939
2024-07-06 09:00:00,137.13,140.0,136.76,139.89,33101.105
2024-07-06 10:00:00,139.89,140.65,139.33,139.71,30992.96
2024-07-06 11:00:00,139.71,139.86,138.51,138.74,23793.67
2024-07-06 12:00:00,138.74,139.18,137.77,138.77,23416.203
2024-07-06 13:00:00,138.77,140.5,138.2,139.39,29767.714
2024-07-06 14:00:00,139.39,140.22,138.2,139.83,28476.424
2024-07-06 15:00:00,139.83,142.17,139.28,141.9,50062.56
2024-07-06 16:00:00,141.9,143.53,140.7,142.49,61020.062
2024-07-06 17:00:00,142.49,143.02,141.79,142.45,31478.937
2024-07-06 18:00:00,142.45,142.67,141.69,142.46,30809.0
2024-07-06 19:00:00,142.46,143.09,142.04,142.82,24486.633
2024-07-06 20:00:00,142.82,143.81,142.13,142.52,29182.211
2024-07-06 21:00:00,142.52,144.28,142.52,142.98,41183.277
2024-07-06 22:00:00,142.98,144.07,142.9,143.9,21533.65
2024-07-06 23:00:00,143.9,144.1,142.73,143.03,26484.655
2024-07-07 00:00:00,143.03,143.33,141.04,141.19,30363.655
2024-07-07 01:00:00,141.19,141.74,140.24,141.15,43164.107
2024-07-07 02:00:00,141.15,143.02,141.1,142.6,23027.7
2024-07-07 03:00:00,142.6,142.62,140.76,142.1,23110.973
2024-07-07 04:00:00,142.1,142.1,138.1,139.48,44565.617
2024-07-07 05:00:00,139.48,140.4,138.6,140.13,33214.689
2024-07-07 06:00:00,140.13,141.01,139.59,139.8,24733.647
2024-07-07 07:00:00,139.8,140.53,138.07,139.11,41255.71
2024-07-07 08:00:00,139.11,139.71,138.76,139.47,24739.722
2024-07-07 09:00:00,139.47,140.46,139.13,139.97,27480.439
2024-07-07 10:00:00,139.97,140.69,139.17,139.68,25179.349
2024-07-07 11:00:00,139.68,140.18,139.15,139.9,17227.731
2024-07-07 12:00:00,139.9,140.82,138.64,139.71,21560.474
2024-07-07 13:00:00,139.71,139.72,136.18,136.79,63536.918
2024-07-07 14:00:00,136.79,137.19,135.56,136.99,51488.14
2024-07-07 15:00:00,136.99,138.09,136.39,137.07,22781.923
2024-07-07 16:00:00,137.07,138.69,136.75,138.35,21831.893
2024-07-07 17:00:00,138.35,138.88,137.21,138.72,15703.888
2024-07-07 18:00:00,138.72,139.63,137.81,137.99,23625.828
2024-07-07 19:00:00,137.99,138.37,137.1,137.32,12003.513
2024-07-07 20:00:00,137.32,137.87,136.43,136.84,21849.601
2024-07-07 21:00:00,136.84,136.91,133.64,134.28,87682.443
2024-07-07 22:00:00,134.28,135.16,133.03,133.04,39298.657
2024-07-07 23:00:00,133.04,133.77,131.23,131.65,70395.272
2024-07-08 00:00:00,131.65,132.96,128.73,129.14,104012.965
2024-07-08 01:00:00,129.14,129.85,127.77,129.7,90279.955
2024-07-08 02:00:00,129.7,132.19,128.51,131.01,82950.144
2024-07-08 03:00:00,131.01,132.09,130.06,130.71,48256.192
2024-07-08 04:00:00,130.71,133.48,129.87,133.11,42604.026
2024-07-08 05:00:00,133.11,133.99,131.91,132.8,44833.234
2024-07-08 06:00:00,132.8,133.74,132.01,132.59,26786.273
2024-07-08 07:00:00,132.59,132.99,131.56,132.61,26726.149
2024-07-08 08:00:00,132.61,140.61,132.34,140.49,112386.022
2024-07-08 09:00:00,140.49,141.91,138.86,139.69,66363.873
2024-07-08 10:00:00,139.69,140.94,137.81,138.43,63820.264
2024-07-08 11:00:00,138.43,141.89,138.29,140.61,61000.981
2024-07-08 12:00:00,140.61,142.06,139.3,140.55,76138.12
2024-07-08 13:00:00,140.55,141.61,139.7,140.77,72198.948
2024-07-08 14:00:00,140.77,141.62,133.48,138.29,224029.57
2024-07-08 15:00:00,138.29,140.07,136.58,137.43,82928.35
2024-07-08 16:00:00,137.43,138.63,135.01,136.54,80795.544
2024-07-08 17:00:00,136.54,137.85,135.7,136.99,61999.315
2024-07-08 18:00:00,136.99,138.14,136.35,137.84,37400.231
2024-07-08 19:00:00,137.84,138.5,137.13,138.31,22009.128
2024-07-08 20:00:00,138.31,140.99,137.31,138.67,90834.404
2024-07-08 21:00:00,138.67,141.25,138.36,140.1,50906.106
2024-07-08 22:00:00,140.1,141.06,139.63,140.29,29573.347
2024-07-08 23:00:00,140.29,140.55,138.97,139.77,68199.476
2024-07-09 00:00:00,139.77,139.85,137.84,138.25,59104.207
2024-07-09 01:00:00,138.25,141.17,136.9,137.2,155749.197
2024-07-09 02:00:00,137.2,139.99,136.42,139.76,70426.475
2024-07-09 03:00:00,139.76,140.81,138.56,140.43,35536.73
2024-07-09 04:00:00,140.43,141.7,140.07,140.77,70028.445
2024-07-09 05:00:00,140.77,141.59,140.44,141.56,36029.81
2024-07-09 06:00:00,141.56,143.43,140.98,142.62,58385.296
2024-07-09 07:00:00,142.62,143.35,141.82,142.13,42214.416
2024-07-09 08:00:00,142.13,144.38,141.4,142.54,101178.315
2024-07-09 09:00:00,142.54,143.25,141.72,141.76,49147.486
2024-07-09 10:00:00,141.76,142.17,140.82,141.43,67939.563
2024-07-09 11:00:00,141.43,142.12,140.26,141.91,45914.287
2024-07-09 12:00:00,141.91,142.32,140.81,141.01,32834.667
2024-07-09 13:00:00,141.01,141.53,139.65,140.65,47198.605
2024-07-09 14:00:00,140.65,143.13,138.86,138.94,92115.743
2024-07-09 15:00:00,138.94,140.71,138.52,140.53,54181.058
2024-07-09 16:00:00,140.53,142.67,140.06,142.59,70149.739
2024-07-09 17:00:00,142.59,143.12,140.95,141.45,35515.78
2024-07-09 18:00:00,141.45,143.1,141.02,142.6,35005.365
2024-07-09 19:00:00,142.6,142.71,141.69,142.13,20864.115
2024-07-09 20:00:00,142.13,143.57,141.93,142.62,26316.95
2024-07-09 21:00:00,142.62,143.37,141.84,142.02,29254.376
2024-07-09 22:00:00,142.02,142.55,140.82,141.33,33189.156
2024-07-09 23:00:00,141.33,142.01,140.99,141.43,22303.984
2024-07-10 00:00:00,141.43,141.46,139.04,139.14,35774.47
2024-07-10 01:00:00,139.14,140.76,138.57,140.26,25572.07
2024-07-10 02:00:00,140.26,141.16,139.41,141.02,18570.748
2024-07-10 03:00:00,141.02,141.82,140.69,141.7,22769.572
2024-07-10 04:00:00,141.7,145.66,141.65,145.19,95959.002
2024-07-10 05:00:00,145.19,146.25,143.79,144.02,53304.461
2024-07-10 06:00:00,144.02,145.05,143.46,144.89,31070.651
2024-07-10 07:00:00,144.89,145.05,143.28,144.17,23913.622
2024-07-10 08:00:00,144.17,144.54,143.32,143.97,37941.741
2024-07-10 09:00:00,143.97,144.02,142.38,143.1,34919.138
2024-07-10 10:00:00,143.1,143.98,143.0,143.93,25076.145
2024-07-10 11:00:00,143.93,144.04,142.23,142.81,39485.691
2024-07-10 12:00:00,142.81,143.2,140.58,142.07,69718.781
2024-07-10 13:00:00,142.07,142.96,141.0,141.78,70338.181
2024-07-10 14:00:00,141.78,142.52,140.12,140.79,36320.003
2024-07-10 15:00:00,140.79,141.83,139.96,141.15,30342.709
2024-07-10 16:00:00,141.15,142.69,140.8,141.26,44981.926
2024-07-10 17:00:00,141.26,141.27,140.29,140.99,18441.726
2024-07-10 18:00:00,140.99,141.6,140.5,140.84,14764.753
2024-07-10 19:00:00,140.84,141.47,140.27,141.07,29288.922
2024-07-10 20:00:00,141.07,141.61,140.57,140.88,16657.928
2024-07-10 21:00:00,140.88,141.28,140.17,141.18,12445.762
2024-07-10 22:00:00,141.18,142.02,141.11,141.56,20583.719
2024-07-10 23:00:00,141.56,142.49,141.24,141.99,13530.419
2024-07-11 00:00:00,141.99,141.99,140.34,141.71,14495.423
2024-07-11 01:00:00,141.71,143.19,140.84,142.83,25145.061
2024-07-11 02:00:00,142.83,143.23,141.7,141.74,18781.863
2024-07-11 03:00:00,141.74,141.91,139.09,140.32,46565.236
2024-07-11 04:00:00,140.32,140.95,140.09,140.63,15117.246
2024-07-11 05:00:00,140.63,141.33,140.19,141.15,19981.911
2024-07-11 06:00:00,141.15,141.77,140.81,141.48,12730.516
2024-07-11 07:00:00,141.48,142.52,141.1,142.11,27848.795
2024-07-11 08:00:00,142.11,142.96,142.11,142.48,24443.162
2024-07-11 09:00:00,142.48,142.97,142.3,142.74,15406.9
2024-07-11 10:00:00,142.74,143.14,142.13,143.05,49595.313
2024-07-11 11:00:00,143.05,143.98,142.96,143.51,35653.389
2024-07-11 12:00:00,143.51,146.2,142.82,143.71,118908.169
2024-07-11 13:00:00,143.71,143.83,141.87,142.36,45472.535
2024-07-11 14:00:00,142.36,142.62,140.0,140.78,54176.575
2024-07-11 15:00:00,140.78,141.22,137.68,138.46,47155.242
2024-07-11 16:00:00,138.46,139.02,137.29,138.31,67731.644
2024-07-11 17:00:00,138.31,139.02,137.98,138.21,23891.007
2024-07-11 18:00:00,138.21,138.91,137.89,138.68,16827.25
2024-07-11 19:00:00,138.68,138.78,136.43,136.54,41159.667
2024-07-11 20:00:00,136.54,137.4,135.64,136.98,44446.585
2024-07-11 21:00:00,136.98,137.61,135.91,136.68,22955.642
2024-07-11 22:00:00,136.68,137.17,135.97,136.75,32565.294
2024-07-11 23:00:00,136.75,136.99,135.71,135.74,25341.722
2024-07-12 00:00:00,135.74,137.19,135.41,135.86,35827.246
2024-07-12 01:00:00,135.86,136.54,134.04,136.27,42713.626
2024-07-12 02:00:00,136.27,138.19,135.81,137.97,36465.562
2024-07-12 03:00:00,137.97,138.03,136.09,136.53,30733.118
2024-07-12 04:00:00,136.53,136.87,135.43,136.1,25019.64
2024-07-12 05:00:00,136.1,136.19,135.06,135.61,37550.846
2024-07-12 06:00:00,135.61,137.08,135.44,136.28,21927.208
2024-07-12 07:00:00,136.28,136.79,134.46,135.39,39345.359
2024-07-12 08:00:00,135.39,135.86,134.98,135.81,25823.036
2024-07-12 09:00:00,135.81,135.93,134.28,134.71,36234.263
2024-07-12 10:00:00,134.71,135.61,133.9,135.61,38542.596
2024-07-12 11:00:00,135.61,135.9,135.16,135.66,20805.86
2024-07-12 12:00:00,135.66,136.89,135.41,136.78,48186.359
2024-07-12 13:00:00,136.78,139.34,136.61,138.77,55713.325
2024-07-12 14:00:00,138.77,139.18,137.65,137.88,30331.086
2024-07-12 15:00:00,137.88,139.4,137.76,138.84,29448.74
2024-07-12 16:00:00,138.84,139.48,137.74,138.38,24798.21
2024-07-12 17:00:00,138.38,139.18,137.91,138.9,18159.2
2024-07-12 18:00:00,138.9,140.57,138.57,139.87,36638.304
2024-07-12 19:00:00,139.87,140.14,138.4,138.5,23067.732
2024-07-12 20:00:00,138.5,138.66,136.64,138.04,25197.524
2024-07-12 21:00:00,138.04,138.29,137.5,138.19,9735.459
2024-07-12 22:00:00,138.19,138.81,137.95,138.78,12804.085
2024-07-12 23:00:00,138.78,139.52,138.49,139.45,10918.144
2024-07-13 00:00:00,139.45,139.56,138.63,139.04,14025.582
2024-07-13 01:00:00,139.04,139.99,138.85,139.11,14853.288
2024-07-13 02:00:00,139.11,139.17,138.29,139.01,8873.413
2024-07-13 03:00:00,139.01,139.32,138.73,138.74,8808.233
2024-07-13 04:00:00,138.74,138.9,138.03,138.17,10807.462
2024-07-13 05:00:00,138.17,139.2,137.93,139.16,13189.694
2024-07-13 06:00:00,139.16,139.49,138.72,138.92,10541.358
2024-07-13 07:00:00,138.92,139.4,138.63,139.37,13954.059
2024-07-13 08:00:00,139.37,139.62,138.47,138.64,14997.678
2024-07-13 09:00:00,138.64,140.75,138.42,140.65,29516.39
2024-07-13 10:00:00,140.65,141.0,139.22,139.85,39390.223
2024-07-13 11:00:00,139.85,140.21,139.36,140.14,16755.944
2024-07-13 12:00:00,140.14,140.6,139.72,140.23,19717.041
2024-07-13 13:00:00,140.23,140.52,139.64,140.11,19151.129
2024-07-13 14:00:00,140.11,140.12,139.26,139.89,14812.309
2024-07-13 15:00:00,139.89,140.53,139.51,140.4,14863.815
2024-07-13 16:00:00,140.4,140.84,139.28,139.64,20716.277
2024-07-13 17:00:00,139.64,139.88,139.31,139.68,6583.176
2024-07-13 18:00:00,139.68,139.92,139.2,139.36,8079.061
2024-07-13 19:00:00,139.36,140.01,139.33,139.81,8254.515
2024-07-13 20:00:00,139.81,140.22,139.65,139.7,6812.781
2024-07-13 21:00:00,139.7,140.25,139.4,140.24,7193.039
2024-07-13 22:00:00,140.24,142.27,139.09,142.22,41733.119
2024-07-13 23:00:00,142.22,143.62,141.47,141.89,42730.784
2024-07-14 00:00:00,141.89,145.02,141.88,144.86,62491.147
2024-07-14 01:00:00,144.86,145.16,143.69,144.93,35992.358
2024-07-14 02:00:00,144.93,145.17,143.16,143.67,25898.286
2024-07-14 03:00:00,143.67,144.61,143.64,143.97,15254.06
2024-07-14 04:00:00,143.97,145.98,143.91,144.96,54378.217
2024-07-14 05:00:00,144.96,145.96,144.06,145.57,33373.313
2024-07-14 06:00:00,145.57,145.91,144.34,144.58,27349.437
2024-07-14 07:00:00,144.58,145.19,144.28,144.76,13762.53
2024-07-14 08:00:00,144.76,145.58,144.75,145.34,20832.734
2024-07-14 09:00:00,145.34,146.93,145.03,146.54,55285.111
2024-07-14 10:00:00,146.54,146.76,144.98,145.06,35288.417
2024-07-14 11:00:00,145.06,145.65,144.67,144.89,27384.545
2024-07-14 12:00:00,144.89,144.98,143.67,143.94,34121.702
2024-07-14 13:00:00,143.94,144.81,143.88,144.39,20433.705
2024-07-14 14:00:00,144.39,145.13,143.41,145.01,24676.46
2024-07-14 15:00:00,145.01,146.04,144.6,145.9,29439.49
2024-07-14 16:00:00,145.9,145.98,145.08,145.55,16706.978
2024-07-14 17:00:00,145.55,145.67,144.71,145.12,13247.824
2024-07-14 18:00:00,145.12,145.24,144.8,145.07,7778.699
2024-07-14 19:00:00,145.07,145.35,144.58,145.2,9052.429
2024-07-14 20:00:00,145.2,146.46,145.09,145.61,16314.839
2024-07-14 21:00:00,145.61,148.33,145.45,148.14,37562.175
2024-07-14 22:00:00,148.14,148.31,146.61,147.18,29365.199
2024-07-14 23:00:00,147.18,148.54,147.05,147.67,25417.981
2024-07-15 00:00:00,147.67,150.93,147.02,150.34,71445.615
2024-07-15 01:00:00,150.34,151.49,149.79,150.91,33332.505
2024-07-15 02:00:00,150.91,152.15,150.46,151.88,47638.717
2024-07-15 03:00:00,151.88,152.08,150.78,151.39,32700.236
2024-07-15 04:00:00,151.39,152.03,150.73,151.9,22972.32
2024-07-15 05:00:00,151.9,152.13,151.44,151.95,20851.928
2024-07-15 06:00:00,151.95,153.85,151.65,153.04,38320.483
2024-07-15 07:00:00,153.04,154.1,152.99,153.23,39771.321
2024-07-15 08:00:00,153.23,154.09,152.43,152.77,53234.235
2024-07-15 09:00:00,152.77,152.93,151.94,152.2,37386.943
2024-07-15 10:00:00,152.2,152.58,151.25,151.36,34722.21
2024-07-15 11:00:00,151.36,152.04,150.94,151.64,35550.001
2024-07-15 12:00:00,151.64,152.97,151.61,152.3,38173.545
2024-07-15 13:00:00,152.3,153.82,151.65,153.24,36552.21
2024-07-15 14:00:00,153.24,153.52,151.8,153.4,34014.257
2024-07-15 15:00:00,153.4,154.34,152.24,152.93,34531.289
2024-07-15 16:00:00,152.93,154.95,152.5,153.87,42384.692
2024-07-15 17:00:00,153.87,155.0,153.41,154.17,34517.06
2024-07-15 18:00:00,154.17,156.33,153.68,155.73,42408.085
2024-07-15 19:00:00,155.73,157.05,154.67,155.32,62491.588
2024-07-15 20:00:00,155.32,157.09,155.21,156.68,31421.057
2024-07-15 21:00:00,156.68,157.51,155.94,155.98,26150.951
2024-07-15 22:00:00,155.98,159.49,155.97,158.81,63394.28
2024-07-15 23:00:00,158.81,159.96,158.3,159.38,37278.437
2024-07-16 00:00:00,159.38,160.16,157.79,158.05,55944.13
2024-07-16 01:00:00,158.05,158.67,157.28,158.26,29277.416
2024-07-16 02:00:00,158.26,158.3,156.26,156.61,31016.554
2024-07-16 03:00:00,156.61,158.08,156.13,157.88,19212.874
2024-07-16 04:00:00,157.88,158.56,157.33,158.12,22232.13
2024-07-16 05:00:00,158.12,158.8,154.76,155.53,78961.091
2024-07-16 06:00:00,155.53,156.94,153.69,154.07,57054.633
2024-07-16 07:00:00,154.07,155.72,153.78,154.46,58396.676
2024-07-16 08:00:00,154.46,155.52,152.54,154.46,53590.253
2024-07-16 09:00:00,154.46,155.89,153.93,155.17,33029.495
2024-07-16 10:00:00,155.17,156.7,154.63,156.43,39642.581
2024-07-16 11:00:00,156.43,157.61,155.73,157.33,42088.374
2024-07-16 12:00:00,157.33,157.97,155.64,155.85,49538.451
2024-07-16 13:00:00,155.85,157.31,155.55,155.56,70247.477
2024-07-16 14:00:00,155.56,156.39,154.43,155.93,62158.741
2024-07-16 15:00:00,155.93,161.69,155.6,161.04,105761.944
2024-07-16 16:00:00,161.04,161.96,158.84,160.98,105056.764
2024-07-16 17:00:00,160.98,162.51,160.09,162.13,54713.723
2024-07-16 18:00:00,162.13,162.34,161.07,162.06,44035.369
2024-07-16 19:00:00,162.06,162.52,160.88,161.91,34964.288
2024-07-16 20:00:00,161.91,162.0,159.63,159.7,26931.116
2024-07-16 21:00:00,159.7,161.27,159.53,160.49,16281.205
2024-07-16 22:00:00,160.49,160.78,158.99,159.93,33600.484
2024-07-16 23:00:00,159.93,161.89,159.78,160.64,58049.688
2024-07-17 00:00:00,160.64,161.66,160.34,161.27,31580.264
2024-07-17 01:00:00,161.27,163.79,161.16,161.93,80135.869
2024-07-17 02:00:00,161.93,162.54,160.98,161.02,31351.73
2024-07-17 03:00:00,161.02,161.12,160.05,160.92,33021.533
2024-07-17 04:00:00,160.92,161.62,160.2,161.36,22410.346
2024-07-17 05:00:00,161.36,162.61,161.06,161.39,30427.488
2024-07-17 06:00:00,161.39,162.26,160.87,161.22,18776.047
2024-07-17 07:00:00,161.22,161.32,160.08,160.61,21686.003
2024-07-17 08:00:00,160.61,162.75,159.55,161.95,45091.593
2024-07-17 09:00:00,161.95,163.63,161.46,163.54,33232.508
2024-07-17 10:00:00,163.54,163.54,162.36,162.59,35359.512
2024-07-17 11:00:00,162.59,162.61,160.27,160.81,47363.967
2024-07-17 12:00:00,160.81,161.49,160.46,160.87,27232.684
2024-07-17 13:00:00,160.87,162.07,159.66,161.77,47320.69
2024-07-17 14:00:00,161.77,162.03,159.98,160.32,28924.407
2024-07-17 15:00:00,160.32,160.68,157.86,158.11,61106.833
2024-07-17 16:00:00,158.11,158.35,154.71,155.97,91120.681
2024-07-17 17:00:00,155.97,157.42,155.63,156.5,33887.257
2024-07-17 18:00:00,156.5,157.35,156.13,156.6,31709.148
2024-07-17 19:00:00,156.6,157.42,156.12,156.82,29528.844
2024-07-17 20:00:00,156.82,157.29,156.13,156.22,16781.521
2024-07-17 21:00:00,156.22,156.89,154.83,156.44,39322.646
2024-07-17 22:00:00,156.44,156.97,155.66,156.0,32488.024
2024-07-17 23:00:00,156.0,156.32,155.24,155.53,28429.479
2024-07-18 00:00:00,155.53,158.3,155.53,157.88,89813.628
2024-07-18 01:00:00,157.88,159.26,157.56,159.17,40281.843
2024-07-18 02:00:00,159.17,159.95,156.94,158.56,42440.047
2024-07-18 03:00:00,158.56,159.49,158.35,158.95,25327.362
2024-07-18 04:00:00,158.95,159.11,157.47,157.75,19626.631
2024-07-18 05:00:00,157.75,159.57,157.07,159.13,31213.964
2024-07-18 06:00:00,159.13,160.03,158.63,159.7,29352.455
2024-07-18 07:00:00,159.7,159.92,158.54,158.66,20363.552
2024-07-18 08:00:00,158.66,159.62,158.15,159.43,22879.105
2024-07-18 09:00:00,159.43,159.88,158.96,159.39,19549.473
2024-07-18 10:00:00,159.39,159.4,158.26,159.14,27836.82
2024-07-18 11:00:00,159.14,159.58,158.29,159.42,30426.826
2024-07-18 12:00:00,159.42,161.55,159.41,160.94,45112.143
2024-07-18 13:00:00,160.94,161.62,160.16,160.67,32339.028
2024-07-18 14:00:00,160.67,161.13,157.46,157.94,61662.898
2024-07-18 15:00:00,157.94,157.98,155.99,156.35,61765.547
2024-07-18 16:00:00,156.35,157.67,155.17,157.52,70018.417
2024-07-18 17:00:00,157.52,157.65,155.75,156.03,25539.936
2024-07-18 18:00:00,156.03,157.41,155.36,156.42,43614.381
2024-07-18 19:00:00,156.42,157.54,155.53,157.0,27188.157
2024-07-18 20:00:00,157.0,158.04,156.36,157.98,32921.325
2024-07-18 21:00:00,157.98,158.57,157.45,158.39,16981.707
2024-07-18 22:00:00,158.39,160.38,157.92,159.94,50897.155
2024-07-18 23:00:00,159.94,160.26,158.89,159.21,33479.129
2024-07-19 00:00:00,159.21,159.41,157.67,158.07,32809.517
2024-07-19 01:00:00,158.07,158.61,156.16,158.56,27291.928
2024-07-19 02:00:00,158.56,159.84,157.97,158.77,37398.027
2024-07-19 03:00:00,158.77,161.98,158.66,161.84,48506.998
2024-07-19 04:00:00,161.84,162.44,160.64,160.82,34925.457
2024-07-19 05:00:00,160.82,162.45,160.67,162.26,37027.759
2024-07-19 06:00:00,162.26,165.64,162.09,164.47,94070.281
2024-07-19 07:00:00,164.47,164.5,160.88,161.43,69517.201
2024-07-19 08:00:00,161.43,162.34,159.2,161.86,102602.959
2024-07-19 09:00:00,161.86,163.61,160.33,160.56,105325.822
2024-07-19 10:00:00,160.56,163.03,160.27,162.04,50260.508
2024-07-19 11:00:00,162.04,162.89,161.68,162.66,20171.725
2024-07-19 12:00:00,162.66,164.31,162.27,163.84,32829.827
2024-07-19 13:00:00,163.84,167.9,162.32,167.03,110535.579
2024-07-19 14:00:00,167.03,168.87,166.55,168.69,100895.312
2024-07-19 15:00:00,168.69,169.12,167.07,168.8,82056.625
2024-07-19 16:00:00,168.8,172.5,168.78,169.35,190146.228
2024-07-19 17:00:00,169.35,170.73,168.87,170.59,37758.239
2024-07-19 18:00:00,170.59,170.65,168.3,169.85,28602.65
2024-07-19 19:00:00,169.85,170.97,169.5,170.43,48207.999
2024-07-19 20:00:00,170.43,170.56,168.78,169.1,47505.321
2024-07-19 21:00:00,169.1,169.94,167.89,168.07,38803.861
2024-07-19 22:00:00,168.07,169.34,168.06,168.78,21975.245
2024-07-19 23:00:00,168.78,169.67,168.69,169.13,39206.866
2024-07-20 00:00:00,169.13,169.79,168.26,169.41,19754.091
2024-07-20 01:00:00,169.41,170.88,169.27,170.22,24283.997
2024-07-20 02:00:00,170.22,171.82,169.8,170.96,38610.015
2024-07-20 03:00:00,170.96,171.47,169.53,169.62,44296.702
2024-07-20 04:00:00,169.62,170.4,169.56,170.31,12385.257
2024-07-20 05:00:00,170.31,170.32,169.18,169.89,29475.62
2024-07-20 06:00:00,169.89,170.32,168.97,169.25,20077.454
2024-07-20 07:00:00,169.25,169.49,168.51,168.58,16457.964
2024-07-20 08:00:00,168.58,169.41,168.34,168.65,20267.582
2024-07-20 09:00:00,168.65,169.86,168.23,169.06,15059.643
2024-07-20 10:00:00,169.06,169.5,168.45,168.64,12188.51
2024-07-20 11:00:00,168.64,168.82,167.64,168.04,21678.444
2024-07-20 12:00:00,168.04,168.96,167.97,168.39,16996.359
2024-07-20 13:00:00,168.39,168.74,167.24,168.24,30262.072
2024-07-20 14:00:00,168.24,169.44,168.06,169.05,23119.815
2024-07-20 15:00:00,169.05,169.77,168.73,169.28,19619.12
2024-07-20 16:00:00,169.28,170.43,168.91,169.67,35109.145
2024-07-20 17:00:00,169.67,174.7,169.32,174.26,143765.864
2024-07-20 18:00:00,174.26,174.59,173.1,173.53,45065.868
2024-07-20 19:00:00,173.53,174.12,172.22,172.42,32057.299
2024-07-20 20:00:00,172.42,174.08,172.42,173.69,27239.154
2024-07-20 21:00:00,173.69,174.59,172.7,174.48,79861.067
2024-07-20 22:00:00,174.48,175.23,172.87,173.39,62404.849
2024-07-20 23:00:00,173.39,174.36,173.2,173.62,29512.799
2024-07-21 00:00:00,173.62,174.21,172.79,172.98,38096.715
2024-07-21 01:00:00,172.98,174.55,172.95,174.1,15903.978
2024-07-21 02:00:00,174.1,175.58,173.53,173.53,23017.839
2024-07-21 03:00:00,173.53,174.06,173.06,173.14,13910.178
2024-07-21 04:00:00,173.14,173.77,172.96,173.12,20780.33
2024-07-21 05:00:00,173.12,173.46,172.43,173.14,27375.211
2024-07-21 06:00:00,173.14,173.4,171.14,171.34,32905.733
2024-07-21 07:00:00,171.34,171.94,170.95,171.32,20536.273
2024-07-21 08:00:00,171.32,172.01,171.24,171.45,12528.863
2024-07-21 09:00:00,171.45,172.71,171.3,172.68,14995.82
2024-07-21 10:00:00,172.68,172.99,172.15,172.19,12441.75
2024-07-21 11:00:00,172.19,172.99,172.0,172.9,13220.772
2024-07-21 12:00:00,172.9,173.4,172.38,172.72,16070.662
2024-07-21 13:00:00,172.72,173.37,171.54,172.18,25019.282
2024-07-21 14:00:00,172.18,174.58,171.32,174.04,38318.8
2024-07-21 15:00:00,174.04,176.67,173.36,175.45,85454.536
2024-07-21 16:00:00,175.45,177.39,174.5,177.03,81873.439
2024-07-21 17:00:00,177.03,177.28,172.49,173.56,106759.414
2024-07-21 18:00:00,173.56,178.31,170.26,174.99,171679.767
2024-07-21 19:00:00,174.99,178.16,174.24,178.05,80076.649
2024-07-21 20:00:00,178.05,184.98,177.43,182.37,236377.17
2024-07-21 21:00:00,182.37,184.99,181.47,184.27,105659.852
2024-07-21 22:00:00,184.27,184.5,182.75,183.98,55582.335
2024-07-21 23:00:00,183.98,185.21,183.58,184.51,66587.202
2024-07-22 00:00:00,184.51,185.0,182.79,183.01,43425.694
2024-07-22 01:00:00,183.01,183.36,181.21,181.34,39413.354
2024-07-22 02:00:00,181.34,183.35,181.04,182.36,32569.455
2024-07-22 03:00:00,182.36,182.58,180.68,180.97,29782.634
2024-07-22 04:00:00,180.97,181.84,180.64,181.26,16921.017
2024-07-22 05:00:00,181.26,181.57,178.27,179.31,45898.646
2024-07-22 06:00:00,179.31,180.25,178.28,179.5,36069.917
2024-07-22 07:00:00,179.5,179.55,177.64,178.42,44521.221
2024-07-22 08:00:00,178.42,179.38,176.89,177.27,46236.471
2024-07-22 09:00:00,177.27,178.95,176.76,178.92,37681.178
2024-07-22 10:00:00,178.92,180.94,178.68,179.56,60053.324
2024-07-22 11:00:00,179.56,180.91,179.23,180.61,37542.805
2024-07-22 12:00:00,180.61,181.21,179.38,180.44,39230.054
2024-07-22 13:00:00,180.44,181.88,178.14,178.75,54173.038
2024-07-22 14:00:00,178.75,180.15,177.23,178.09,56534.18
2024-07-22 15:00:00,178.09,180.59,177.01,179.86,55477.178
2024-07-22 16:00:00,179.86,180.79,178.91,179.15,37595.356
2024-07-22 17:00:00,179.15,181.47,178.6,181.22,35096.906
2024-07-22 18:00:00,181.22,182.97,180.85,181.01,38837.596
2024-07-22 19:00:00,181.01,183.01,180.71,182.88,44576.402
2024-07-22 20:00:00,182.88,183.42,181.7,182.58,51253.22
2024-07-22 21:00:00,182.58,182.58,179.67,180.16,47122.415
2024-07-22 22:00:00,180.16,180.2,178.11,178.56,56227.044
2024-07-22 23:00:00,178.56,179.42,177.09,178.92,57089.877
2024-07-23 00:00:00,178.92,180.55,178.66,178.82,27758.588
2024-07-23 01:00:00,178.82,179.53,177.66,178.3,41033.88
2024-07-23 02:00:00,178.3,179.56,177.12,179.48,26018.083
2024-07-23 03:00:00,179.48,179.92,178.9,179.09,25351.788
2024-07-23 04:00:00,179.09,179.1,175.57,175.64,48568.628
2024-07-23 05:00:00,175.64,175.97,173.8,174.41,71968.676
2024-07-23 06:00:00,174.41,176.0,174.0,175.03,47035.971
2024-07-23 07:00:00,175.03,176.3,174.73,176.03,29907.16
2024-07-23 08:00:00,176.03,177.99,175.74,177.29,58829.504
2024-07-23 09:00:00,177.29,178.28,176.64,177.84,39782.099
2024-07-23 10:00:00,177.84,178.73,177.24,177.24,25892.841
2024-07-23 11:00:00,177.24,177.25,174.09,175.61,59782.824
2024-07-23 12:00:00,175.61,176.05,174.15,175.34,39056.966
2024-07-23 13:00:00,175.34,175.92,172.16,173.83,83195.466
2024-07-23 14:00:00,173.83,178.51,173.55,178.27,92915.014
2024-07-23 15:00:00,178.27,178.34,175.56,176.48,109460.421
2024-07-23 16:00:00,176.48,176.99,171.28,171.6,67058.74
2024-07-23 17:00:00,171.6,174.05,170.46,173.78,93030.718
2024-07-23 18:00:00,173.78,174.52,172.38,172.66,40676.13
2024-07-23 19:00:00,172.66,173.89,171.51,172.08,63494.207
2024-07-23 20:00:00,172.08,174.27,171.85,173.74,40319.871
2024-07-23 21:00:00,173.74,174.77,173.01,173.01,18030.178
2024-07-23 22:00:00,173.01,173.75,172.36,172.91,25841.71
2024-07-23 23:00:00,172.91,173.39,171.19,173.03,24541.847
2024-07-24 00:00:00,173.03,174.41,171.02,171.1,35129.23
2024-07-24 01:00:00,171.1,173.35,170.99,171.65,37715.44
2024-07-24 02:00:00,171.65,173.48,171.1,173.39,43849.774
2024-07-24 03:00:00,173.39,174.5,172.75,173.68,37046.041
2024-07-24 04:00:00,173.68,173.88,172.81,173.54,40963.138
2024-07-24 05:00:00,173.54,173.59,172.22,173.06,27425.895
2024-07-24 06:00:00,173.06,174.24,172.7,173.85,21074.361
2024-07-24 07:00:00,173.85,174.58,173.43,174.23,28544.381
2024-07-24 08:00:00,174.23,177.4,173.64,176.68,67910.84
2024-07-24 09:00:00,176.68,177.01,175.88,176.42,21838.902
2024-07-24 10:00:00,176.42,177.74,176.27,177.48,21241.319
2024-07-24 11:00:00,177.48,178.5,177.42,177.77,44206.113
2024-07-24 12:00:00,177.77,178.03,176.23,176.43,37123.754
2024-07-24 13:00:00,176.43,179.07,176.32,177.4,51291.861
2024-07-24 14:00:00,177.4,181.99,177.05,180.91,111276.443
2024-07-24 15:00:00,180.91,181.73,177.7,177.76,80165.035
2024-07-24 16:00:00,177.76,180.6,176.29,180.43,64572.06
2024-07-24 17:00:00,180.43,182.52,180.4,181.53,56681.613
2024-07-24 18:00:00,181.53,181.72,177.41,177.85,61986.925
2024-07-24 19:00:00,177.85,180.07,177.3,178.18,49008.317
2024-07-24 20:00:00,178.18,180.29,178.11,180.11,43977.448
2024-07-24 21:00:00,180.11,180.32,175.55,177.45,80071.383
2024-07-24 22:00:00,177.45,179.27,177.18,177.4,63454.36
2024-07-24 23:00:00,177.4,178.23,176.05,178.04,45782.54
2024-07-25 00:00:00,178.04,179.61,177.12,178.48,35061.714
2024-07-25 01:00:00,178.48,178.59,172.11,175.37,180541.847
2024-07-25 02:00:00,175.37,175.4,168.31,170.84,153804.709
2024-07-25 03:00:00,170.84,171.01,169.25,170.56,54285.03
2024-07-25 04:00:00,170.56,172.81,169.29,172.09,71190.362
2024-07-25 05:00:00,172.09,173.01,170.28,170.51,48490.288
2024-07-25 06:00:00,170.51,172.03,169.69,171.66,53260.395
2024-07-25 07:00:00,171.66,172.1,169.27,169.41,65083.831
2024-07-25 08:00:00,169.41,170.97,168.39,170.28,63277.849
2024-07-25 09:00:00,170.28,171.28,169.5,169.94,60764.55
2024-07-25 10:00:00,169.94,170.02,166.91,168.04,83119.384
2024-07-25 11:00:00,168.04,169.32,167.68,168.83,49831.425
2024-07-25 12:00:00,168.83,169.78,166.29,167.52,90817.756
2024-07-25 13:00:00,167.52,168.89,166.48,168.13,69221.384
2024-07-25 14:00:00,168.13,171.49,165.09,171.3,220984.689
2024-07-25 15:00:00,171.3,172.11,169.6,170.43,64434.58
2024-07-25 16:00:00,170.43,172.52,169.36,170.8,72144.82
2024-07-25 17:00:00,170.8,171.75,169.61,170.3,71461.459
2024-07-25 18:00:00,170.3,170.94,167.02,167.64,77704.263
2024-07-25 19:00:00,167.64,168.78,166.59,168.09,68346.448
2024-07-25 20:00:00,168.09,170.68,165.37,170.67,91582.407
2024-07-25 21:00:00,170.67,172.7,170.17,171.92,75499.617
2024-07-25 22:00:00,171.92,172.92,171.08,172.3,51291.424
2024-07-25 23:00:00,172.3,172.92,171.2,171.86,41799.875
2024-07-26 00:00:00,171.86,173.61,171.69,172.94,65234.505
2024-07-26 01:00:00,172.94,174.25,172.55,174.06,54582.836
2024-07-26 02:00:00,174.06,176.05,173.86,175.57,63138.246
2024-07-26 03:00:00,175.57,176.96,174.99,175.76,54890.646
2024-07-26 04:00:00,175.76,177.38,175.6,177.19,72366.498
2024-07-26 05:00:00,177.19,177.76,176.44,177.07,67590.773
2024-07-26 06:00:00,177.07,177.81,176.84,177.22,44596.959
2024-07-26 07:00:00,177.22,177.76,176.67,176.78,33673.283
2024-07-26 08:00:00,176.78,178.35,176.78,178.19,39189.332
2024-07-26 09:00:00,178.19,180.08,178.11,178.99,80827.413
2024-07-26 10:00:00,178.99,179.66,178.21,178.65,42341.297
2024-07-26 11:00:00,178.65,179.05,178.04,178.8,30386.847
2024-07-26 12:00:00,178.8,179.4,177.74,178.24,35373.525
2024-07-26 13:00:00,178.24,183.92,177.37,182.74,86164.732
2024-07-26 14:00:00,182.74,183.17,179.23,180.98,159634.439
2024-07-26 15:00:00,180.98,182.19,180.71,181.52,95925.524
2024-07-26 16:00:00,181.52,182.07,180.69,181.17,30707.315
2024-07-26 17:00:00,181.17,182.63,181.04,181.76,56955.643
2024-07-26 18:00:00,181.76,182.51,181.36,182.46,36953.989
2024-07-26 19:00:00,182.46,182.97,181.94,182.23,40186.323
2024-07-26 20:00:00,182.23,182.34,181.11,181.49,58158.272
2024-07-26 21:00:00,181.49,182.94,181.16,182.37,24440.727
2024-07-26 22:00:00,182.37,183.4,181.97,183.19,67868.373
2024-07-26 23:00:00,183.19,183.68,182.79,183.1,28091.477
2024-07-27 00:00:00,183.1,183.41,181.89,182.43,38345.225
2024-07-27 01:00:00,182.43,182.48,181.53,181.65,18251.048
2024-07-27 02:00:00,181.65,184.23,181.33,184.01,31001.354
2024-07-27 03:00:00,184.01,184.3,182.47,182.65,22900.894
2024-07-27 04:00:00,182.65,184.08,182.55,184.0,22286.121
2024-07-27 05:00:00,184.0,185.08,183.6,183.73,65607.397
2024-07-27 06:00:00,183.73,184.96,183.57,184.82,17875.862
2024-07-27 07:00:00,184.82,186.26,183.87,185.82,52615.7
2024-07-27 08:00:00,185.82,187.36,185.82,187.21,47210.698
2024-07-27 09:00:00,187.21,187.24,186.21,186.44,39997.464
2024-07-27 10:00:00,186.44,186.5,185.25,185.43,28459.823
2024-07-27 11:00:00,185.43,185.55,184.28,185.4,36231.439
2024-07-27 12:00:00,185.4,186.83,185.37,186.03,41875.778
2024-07-27 13:00:00,186.03,188.29,185.84,187.45,76117.746
2024-07-27 14:00:00,187.45,187.73,184.38,185.27,79446.33
2024-07-27 15:00:00,185.27,185.51,181.61,182.53,212111.998
2024-07-27 16:00:00,182.53,183.3,181.43,181.8,63453.421
2024-07-27 17:00:00,181.8,182.6,180.4,180.86,44858.802
2024-07-27 18:00:00,180.86,182.86,180.7,181.15,118505.467
2024-07-27 19:00:00,181.15,181.75,179.46,181.51,94724.895
2024-07-27 20:00:00,181.51,183.73,178.12,183.15,207412.216
2024-07-27 21:00:00,183.15,187.0,181.91,186.02,130989.776
2024-07-27 22:00:00,186.02,186.79,185.27,185.7,41476.888
2024-07-27 23:00:00,185.7,185.72,183.61,183.96,64465.538
2024-07-28 00:00:00,183.96,185.2,182.42,184.89,65073.791
2024-07-28 01:00:00,184.89,186.67,184.83,185.71,48753.13
2024-07-28 02:00:00,185.71,186.27,184.77,185.07,30858.995
2024-07-28 03:00:00,185.07,185.16,184.03,184.32,15292.425
2024-07-28 04:00:00,184.32,184.88,182.11,182.27,35601.878
2024-07-28 05:00:00,182.27,183.01,181.13,182.65,36115.334
2024-07-28 06:00:00,182.65,182.88,181.65,182.15,18082.886
2024-07-28 07:00:00,182.15,184.16,181.7,183.83,15450.87
2024-07-28 08:00:00,183.83,184.58,183.01,183.83,29827.422
2024-07-28 09:00:00,183.83,184.64,183.51,183.74,26045.203
2024-07-28 10:00:00,183.74,184.78,183.44,184.47,36275.276
2024-07-28 11:00:00,184.47,185.82,184.39,185.22,32747.797
2024-07-28 12:00:00,185.22,186.36,184.8,185.86,44360.768
2024-07-28 13:00:00,185.86,186.58,185.48,186.42,35479.283
2024-07-28 14:00:00,186.42,186.59,184.16,184.75,35643.396
2024-07-28 15:00:00,184.75,185.07,183.7,184.13,37782.806
2024-07-28 16:00:00,184.13,185.05,183.35,183.62,17047.416
2024-07-28 17:00:00,183.62,184.36,183.12,183.92,22544.997
2024-07-28 18:00:00,183.92,185.5,183.56,185.14,42257.324
2024-07-28 19:00:00,185.14,185.54,184.38,184.79,36668.717
2024-07-28 20:00:00,184.79,185.42,184.43,185.3,18244.235
2024-07-28 21:00:00,185.3,185.4,183.61,184.55,19210.799
2024-07-28 22:00:00,184.55,185.11,182.61,183.44,33837.493
2024-07-28 23:00:00,183.44,185.02,183.0,184.9,17275.119
2024-07-29 00:00:00,184.9,189.18,184.38,188.09,129209.717
2024-07-29 01:00:00,188.09,189.06,187.16,187.51,51975.573
2024-07-29 02:00:00,187.51,192.47,187.27,192.2,131453.668
2024-07-29 03:00:00,192.2,193.31,191.65,192.27,58540.762
2024-07-29 04:00:00,192.27,193.72,191.92,193.55,70189.985
2024-07-29 05:00:00,193.55,193.85,193.0,193.45,79912.682
2024-07-29 06:00:00,193.45,193.74,192.57,192.63,56884.146
2024-07-29 07:00:00,192.63,193.01,190.65,192.33,89136.638
2024-07-29 08:00:00,192.33,192.43,191.28,191.6,28686.75
2024-07-29 09:00:00,191.6,192.13,191.35,192.02,21376.387
2024-07-29 10:00:00,192.02,192.02,190.59,190.81,42155.886
2024-07-29 11:00:00,190.81,191.81,190.37,190.81,29082.965
2024-07-29 12:00:00,190.81,193.24,190.68,192.44,68570.09
2024-07-29 13:00:00,192.44,192.76,190.31,190.69,80796.732
2024-07-29 14:00:00,190.69,190.92,186.91,187.65,83453.591
2024-07-29 15:00:00,187.65,188.25,185.67,186.94,86039.702
2024-07-29 16:00:00,186.94,187.5,184.15,184.77,100764.671
2024-07-29 17:00:00,184.77,186.99,184.33,186.57,71745.953
2024-07-29 18:00:00,186.57,187.4,185.63,185.68,66252.657
2024-07-29 19:00:00,185.68,186.88,184.98,186.88,28839.68
2024-07-29 20:00:00,186.88,186.9,185.63,185.8,23224.118
2024-07-29 21:00:00,185.8,185.84,182.93,183.88,37976.501
2024-07-29 22:00:00,183.88,185.2,183.13,183.3,53803.04
2024-07-29 23:00:00,183.3,183.64,181.6,182.6,53332.162
2024-07-30 00:00:00,182.6,183.92,181.34,182.91,69576.094
2024-07-30 01:00:00,182.91,183.72,180.19,180.37,42232.859
2024-07-30 02:00:00,180.37,181.64,179.25,180.81,69162.184
2024-07-30 03:00:00,180.81,182.75,180.51,182.57,37870.436
2024-07-30 04:00:00,182.57,184.21,182.06,184.21,50044.56
2024-07-30 05:00:00,184.21,184.82,181.21,181.98,74336.619
2024-07-30 06:00:00,181.98,182.91,181.7,182.56,21034.246
2024-07-30 07:00:00,182.56,183.63,182.3,182.38,33621.383
2024-07-30 08:00:00,182.38,182.89,180.66,180.97,36039.454
2024-07-30 09:00:00,180.97,182.03,180.93,181.59,15103.265
2024-07-30 10:00:00,181.59,181.76,180.28,180.84,36475.998
2024-07-30 11:00:00,180.84,181.21,180.06,181.03,28879.286
2024-07-30 12:00:00,181.03,181.57,179.3,181.42,40024.836
2024-07-30 13:00:00,181.42,182.69,179.31,179.57,36425.736
2024-07-30 14:00:00,179.57,182.03,178.64,180.67,95918.039
2024-07-30 15:00:00,180.67,181.96,178.93,181.02,46919.213
2024-07-30 16:00:00,181.02,181.6,179.84,179.86,28493.675
2024-07-30 17:00:00,179.86,180.0,177.16,177.38,51228.585
2024-07-30 18:00:00,177.38,178.37,176.68,177.89,44514.587
2024-07-30 19:00:00,177.89,178.19,176.25,177.96,46334.624
2024-07-30 20:00:00,177.96,179.91,175.34,179.68,60076.389
2024-07-30 21:00:00,179.68,179.89,178.94,179.52,20958.426
2024-07-30 22:00:00,179.52,179.58,178.56,179.35,24523.179
2024-07-30 23:00:00,179.35,179.91,178.83,179.16,25742.977
2024-07-31 00:00:00,179.16,180.94,178.07,180.77,35630.081
2024-07-31 01:00:00,180.77,181.6,179.8,181.4,39254.076
2024-07-31 02:00:00,181.4,181.73,180.02,180.36,17890.213
2024-07-31 03:00:00,180.36,181.52,180.19,180.93,19903.954
2024-07-31 04:00:00,180.93,181.07,178.03,179.16,45372.232
2024-07-31 05:00:00,179.16,181.91,178.2,181.75,59129.027
2024-07-31 06:00:00,181.75,183.69,181.51,183.4,64865.867
2024-07-31 07:00:00,183.4,183.86,182.87,183.13,23592.718
2024-07-31 08:00:00,183.13,184.07,182.49,183.94,20002.931
2024-07-31 09:00:00,183.94,184.56,183.12,183.51,29005.671
2024-07-31 10:00:00,183.51,183.68,182.07,182.18,24996.388
2024-07-31 11:00:00,182.18,182.73,181.33,181.67,25357.84
2024-07-31 12:00:00,181.67,182.48,181.09,181.22,39563.354
2024-07-31 13:00:00,181.22,184.41,181.14,182.64,72966.212
2024-07-31 14:00:00,182.64,183.83,180.05,180.57,70519.348
2024-07-31 15:00:00,180.57,181.21,179.69,180.08,36003.323
2024-07-31 16:00:00,180.08,182.0,179.45,180.19,56665.303
2024-07-31 17:00:00,180.19,182.72,179.77,181.93,64543.01
2024-07-31 18:00:00,181.93,182.37,178.82,180.8,97191.063
2024-07-31 19:00:00,180.8,181.49,175.03,176.58,149699.161
2024-07-31 20:00:00,176.58,177.02,173.39,173.53,102075.024
2024-07-31 21:00:00,173.53,175.2,172.6,173.83,69699.419
2024-07-31 22:00:00,173.83,173.87,171.83,173.31,68762.682
2024-07-31 23:00:00,173.31,173.43,171.56,171.68,46391.938
2024-08-01 00:00:00,171.68,172.89,171.11,172.0,68409.627
2024-08-01 01:00:00,172.0,172.45,169.83,171.2,70534.902
2024-08-01 02:00:00,171.2,171.59,169.22,170.05,109398.945
2024-08-01 03:00:00,170.05,170.05,168.51,168.62,40054.414
2024-08-01 04:00:00,168.62,169.16,165.92,166.61,78926.923
2024-08-01 05:00:00,166.61,169.51,166.03,168.97,143478.421
2024-08-01 06:00:00,168.97,169.72,168.29,168.4,59642.254
2024-08-01 07:00:00,168.4,169.46,167.9,168.21,53707.067
2024-08-01 08:00:00,168.21,169.43,168.13,169.39,41176.518
2024-08-01 09:00:00,169.39,169.95,168.2,168.24,31927.612
2024-08-01 10:00:00,168.24,169.25,168.04,169.16,33723.366
2024-08-01 11:00:00,169.16,169.87,168.53,169.7,34220.555
2024-08-01 12:00:00,169.7,171.44,169.47,171.06,89462.08
2024-08-01 13:00:00,171.06,171.47,169.06,169.74,46261.504
2024-08-01 14:00:00,169.74,170.07,164.53,164.87,111553.579
2024-08-01 15:00:00,164.87,165.06,161.18,162.64,211579.491
2024-08-01 16:00:00,162.64,162.84,160.27,162.22,167703.171
2024-08-01 17:00:00,162.22,162.35,159.54,162.22,104839.204
2024-08-01 18:00:00,162.22,162.27,157.91,159.96,137160.474
2024-08-01 19:00:00,159.96,162.68,159.83,162.38,123629.769
2024-08-01 20:00:00,162.38,165.08,161.12,164.81,115626.112
2024-08-01 21:00:00,164.81,167.76,164.6,166.38,63654.704
2024-08-01 22:00:00,166.38,168.46,166.1,167.45,90048.736
2024-08-01 23:00:00,167.45,168.3,166.98,167.34,57814.037
2024-08-02 00:00:00,167.34,169.41,167.01,167.06,44894.978
2024-08-02 01:00:00,167.06,167.06,164.34,164.48,66935.399
2024-08-02 02:00:00,164.48,165.28,161.51,163.25,70254.8
2024-08-02 03:00:00,163.25,164.89,162.59,164.3,32391.492
2024-08-02 04:00:00,164.3,165.21,163.79,165.21,22198.946
2024-08-02 05:00:00,165.21,165.29,162.18,162.38,39797.222
2024-08-02 06:00:00,162.38,162.85,159.03,161.99,65688.17
2024-08-02 07:00:00,161.99,162.45,160.14,161.36,46852.8
2024-08-02 08:00:00,161.36,163.36,160.38,163.24,66802.336
2024-08-02 09:00:00,163.24,164.47,163.2,163.9,57889.574
2024-08-02 10:00:00,163.9,165.03,163.2,164.38,32223.533
2024-08-02 11:00:00,164.38,165.43,164.07,164.37,30715.781
2024-08-02 12:00:00,164.37,165.48,162.36,164.0,77147.879
2024-08-02 13:00:00,164.0,167.65,162.71,166.08,105111.982
2024-08-02 14:00:00,166.08,166.39,157.15,157.61,167194.618
2024-08-02 15:00:00,157.61,158.22,152.77,156.74,298689.81
2024-08-02 16:00:00,156.74,157.45,154.26,154.37,122094.27
2024-08-02 17:00:00,154.37,156.44,153.39,154.43,96889.917
2024-08-02 18:00:00,154.43,154.94,152.59,153.33,74160.27
2024-08-02 19:00:00,153.33,153.7,149.96,151.28,123345.567
2024-08-02 20:00:00,151.28,153.94,149.89,153.29,117919.692
2024-08-02 21:00:00,153.29,155.08,150.52,154.61,92087.55
2024-08-02 22:00:00,154.61,155.03,152.3,152.81,61682.245
2024-08-02 23:00:00,152.81,153.85,150.99,152.76,66081.136
2024-08-03 00:00:00,152.76,154.07,150.06,151.12,62293.961
2024-08-03 01:00:00,151.12,152.65,148.68,152.02,103635.35
2024-08-03 02:00:00,152.02,152.75,150.53,150.59,36494.034
2024-08-03 03:00:00,150.59,153.63,150.14,153.54,48048.423
2024-08-03 04:00:00,153.54,153.55,151.23,151.61,48602.783
2024-08-03 05:00:00,151.61,152.58,151.15,151.88,36567.988
2024-08-03 06:00:00,151.88,152.73,151.41,152.59,34938.132
2024-08-03 07:00:00,152.59,153.48,151.63,151.64,46264.024
2024-08-03 08:00:00,151.64,151.95,149.14,150.32,56301.139
2024-08-03 09:00:00,150.32,151.07,148.34,151.03,73670.538
2024-08-03 10:00:00,151.03,152.11,150.35,151.74,34897.926
2024-08-03 11:00:00,151.74,152.6,151.39,152.4,43649.978
2024-08-03 12:00:00,152.4,153.6,151.94,152.64,32428.418
2024-08-03 13:00:00,152.64,152.88,151.4,152.0,30663.151
2024-08-03 14:00:00,152.0,152.93,150.96,151.32,32182.006
2024-08-03 15:00:00,151.32,152.02,146.0,146.2,102478.914
2024-08-03 16:00:00,146.2,147.56,144.62,145.85,167067.338
2024-08-03 17:00:00,145.85,146.52,141.95,142.46,141377.011
2024-08-03 18:00:00,142.46,142.94,139.95,141.64,138466.108
2024-08-03 19:00:00,141.64,143.06,140.4,140.42,69316.96
2024-08-03 20:00:00,140.42,142.37,140.02,140.84,87041.182
2024-08-03 21:00:00,140.84,143.36,140.3,142.87,62972.446
2024-08-03 22:00:00,142.87,143.21,141.92,142.85,35130.512
2024-08-03 23:00:00,142.85,143.95,142.22,142.52,62375.922
2024-08-04 00:00:00,142.52,144.23,142.28,144.1,31644.416
2024-08-04 01:00:00,144.1,144.23,141.9,144.1,52657.166
2024-08-04 02:00:00,144.1,146.07,144.01,145.45,35249.982
2024-08-04 03:00:00,145.45,145.78,143.98,144.34,27376.277
2024-08-04 04:00:00,144.34,144.49,142.85,142.96,42689.9
2024-08-04 05:00:00,142.96,144.4,142.83,143.59,72691.188
2024-08-04 06:00:00,143.59,144.01,142.95,143.7,32909.903
2024-08-04 07:00:00,143.7,143.75,140.51,140.81,44768.004
2024-08-04 08:00:00,140.81,142.6,139.62,142.27,58033.056
2024-08-04 09:00:00,142.27,143.56,141.9,143.45,41238.783
2024-08-04 10:00:00,143.45,144.28,142.59,144.04,25562.692
2024-08-04 11:00:00,144.04,144.52,143.23,143.5,22360.385
2024-08-04 12:00:00,143.5,145.02,143.12,144.93,25647.75
2024-08-04 13:00:00,144.93,145.13,143.65,143.65,22972.231
2024-08-04 14:00:00,143.65,143.94,137.35,137.78,142646.331
2024-08-04 15:00:00,137.78,137.84,135.0,135.21,170243.061
2024-08-04 16:00:00,135.21,136.78,132.76,133.21,197644.742
2024-08-04 17:00:00,133.21,135.96,131.25,135.01,250406.351
2024-08-04 18:00:00,135.01,140.06,134.51,139.05,251631.107
2024-08-04 19:00:00,139.05,143.05,138.17,142.0,185785.731
2024-08-04 20:00:00,142.0,143.94,141.1,142.73,86320.805
2024-08-04 21:00:00,142.73,142.86,140.08,140.42,53105.216
2024-08-04 22:00:00,140.42,142.67,139.84,140.74,112249.613
2024-08-04 23:00:00,140.74,140.89,137.33,138.33,132607.986
2024-08-05 00:00:00,138.33,139.42,129.85,131.35,375208.049
2024-08-05 01:00:00,131.35,133.7,119.2,131.06,1182503.144
2024-08-05 02:00:00,131.06,131.4,125.35,130.9,399310.835
2024-08-05 03:00:00,130.9,130.98,125.9,126.09,255936.613
2024-08-05 04:00:00,126.09,130.09,123.25,123.81,275149.547
2024-08-05 05:00:00,123.81,124.08,112.0,118.52,1167445.631
2024-08-05 06:00:00,118.52,120.0,109.58,117.59,1562836.337
2024-08-05 07:00:00,117.59,124.34,116.5,122.82,548315.068
2024-08-05 08:00:00,122.82,123.95,119.45,120.86,285123.741
2024-08-05 09:00:00,120.86,122.21,117.91,119.95,267572.199
2024-08-05 10:00:00,119.95,120.3,115.03,115.92,361635.268
2024-08-05 11:00:00,115.92,117.07,110.52,115.92,593617.145
2024-08-05 12:00:00,115.92,118.56,111.52,111.8,601148.883
2024-08-05 13:00:00,111.8,123.47,110.01,122.59,907466.656
2024-08-05 14:00:00,122.59,131.52,122.59,129.31,765578.247
2024-08-05 15:00:00,129.31,132.64,127.75,130.49,468666.713
2024-08-05 16:00:00,130.49,135.69,130.02,131.23,343580.481
2024-08-05 17:00:00,131.23,135.42,130.59,134.36,223522.137
2024-08-05 18:00:00,134.36,134.46,128.41,128.54,211541.901
2024-08-05 19:00:00,128.54,130.58,126.76,128.77,241582.863
2024-08-05 20:00:00,128.77,132.43,128.32,131.92,204865.072
2024-08-05 21:00:00,131.92,135.13,130.18,131.25,149099.06
2024-08-05 22:00:00,131.25,134.2,130.72,132.52,153297.849
2024-08-05 23:00:00,132.52,134.68,129.52,129.8,166901.006
2024-08-06 00:00:00,129.8,138.97,129.37,138.94,241003.384
2024-08-06 01:00:00,138.94,140.62,137.15,138.6,153834.691
2024-08-06 02:00:00,138.6,141.1,138.22,139.4,115018.678
2024-08-06 03:00:00,139.4,139.77,137.53,138.59,91676.095
2024-08-06 04:00:00,138.59,141.3,137.51,141.1,118824.483
2024-08-06 05:00:00,141.1,143.39,139.26,143.08,126091.166
2024-08-06 06:00:00,143.08,143.98,141.38,141.49,163691.508
2024-08-06 07:00:00,141.49,142.43,140.01,141.98,72873.892
2024-08-06 08:00:00,141.98,142.11,136.54,137.49,126748.57
2024-08-06 09:00:00,137.49,139.5,136.33,138.87,172332.722
2024-08-06 10:00:00,138.87,139.85,137.85,139.25,88116.388
2024-08-06 11:00:00,139.25,141.03,138.04,139.46,86370.984
2024-08-06 12:00:00,139.46,140.59,137.54,137.81,96732.416
2024-08-06 13:00:00,137.81,140.64,136.12,138.98,182736.296
2024-08-06 14:00:00,138.98,146.37,138.7,144.86,296276.422
2024-08-06 15:00:00,144.86,146.4,143.73,145.91,111551.42
2024-08-06 16:00:00,145.91,147.99,144.96,147.41,122721.969
2024-08-06 17:00:00,147.41,148.45,145.11,145.13,103748.798
2024-08-06 18:00:00,145.13,147.76,145.07,146.09,73041.052
2024-08-06 19:00:00,146.09,147.85,145.13,146.32,79809.416
2024-08-06 20:00:00,146.32,147.95,145.13,147.33,102509.104
2024-08-06 21:00:00,147.33,147.65,145.87,147.27,70848.207
2024-08-06 22:00:00,147.27,149.65,144.6,145.13,172290.192
2024-08-06 23:00:00,145.13,145.95,143.21,144.4,73012.893
2024-08-07 00:00:00,144.4,145.97,142.68,144.75,78326.822
2024-08-07 01:00:00,144.75,149.2,142.3,149.14,118118.136
2024-08-07 02:00:00,149.14,151.89,147.67,149.4,122968.564
2024-08-07 03:00:00,149.4,151.66,149.07,151.62,134270.331
2024-08-07 04:00:00,151.62,154.63,151.21,153.35,101819.005
2024-08-07 05:00:00,153.35,155.0,152.92,153.28,67421.171
2024-08-07 06:00:00,153.28,153.99,151.67,152.04,69058.048
2024-08-07 07:00:00,152.04,153.26,150.5,152.46,69630.644
2024-08-07 08:00:00,152.46,154.53,152.02,153.81,55882.035
2024-08-07 09:00:00,153.81,155.0,152.79,152.94,134671.026
2024-08-07 10:00:00,152.94,154.54,152.38,152.47,50139.682
2024-08-07 11:00:00,152.47,152.76,150.74,151.63,63798.12
2024-08-07 12:00:00,151.63,153.69,150.87,153.28,116394.242
2024-08-07 13:00:00,153.28,154.5,151.24,152.05,87015.924
2024-08-07 14:00:00,152.05,152.78,146.54,147.09,257645.14
2024-08-07 15:00:00,147.09,149.07,146.32,148.42,156172.161
2024-08-07 16:00:00,148.42,149.47,146.45,147.9,119360.868
2024-08-07 17:00:00,147.9,148.42,145.3,146.09,110153.162
2024-08-07 18:00:00,146.09,146.5,143.24,143.65,153850.809
2024-08-07 19:00:00,143.65,144.89,142.38,143.18,116512.934
2024-08-07 20:00:00,143.18,145.97,142.33,144.82,130692.559
2024-08-07 21:00:00,144.82,147.57,144.13,146.4,95039.854
2024-08-07 22:00:00,146.4,146.66,142.46,145.84,109756.974
2024-08-07 23:00:00,145.84,146.83,144.2,144.79,50119.824
2024-08-08 00:00:00,144.79,145.93,141.39,144.12,91393.134
2024-08-08 01:00:00,144.12,153.03,143.4,152.77,196049.536
2024-08-08 02:00:00,152.77,155.57,152.74,154.93,155971.786
2024-08-08 03:00:00,154.93,156.44,153.07,153.11,158341.568
2024-08-08 04:00:00,153.11,154.4,151.4,151.77,93740.401
2024-08-08 05:00:00,151.77,153.63,151.65,152.9,35112.154
2024-08-08 06:00:00,152.9,154.74,151.88,154.18,61794.991
2024-08-08 07:00:00,154.18,155.51,153.46,153.67,85275.15
2024-08-08 08:00:00,153.67,154.91,153.41,154.7,48727.106
2024-08-08 09:00:00,154.7,155.73,153.93,154.4,50853.039
2024-08-08 10:00:00,154.4,154.68,152.93,153.93,37552.307
2024-08-08 11:00:00,153.93,155.08,153.41,154.12,43574.506
2024-08-08 12:00:00,154.12,158.7,152.47,155.63,183485.527
2024-08-08 13:00:00,155.63,157.86,152.82,154.16,148075.724
2024-08-08 14:00:00,154.16,160.49,153.77,159.57,254281.154
2024-08-08 15:00:00,159.57,160.77,158.41,160.58,79934.389
2024-08-08 16:00:00,160.58,162.82,158.92,158.98,136576.373
2024-08-08 17:00:00,158.98,159.31,156.83,157.03,79478.487
2024-08-08 18:00:00,157.03,157.95,156.43,156.96,58176.687
2024-08-08 19:00:00,156.96,157.3,155.11,155.78,84259.035
2024-08-08 20:00:00,155.78,156.49,155.34,155.76,59717.076
2024-08-08 21:00:00,155.76,160.71,155.75,160.48,92935.994
2024-08-08 22:00:00,160.48,162.38,157.69,161.56,139719.004
2024-08-08 23:00:00,161.56,163.65,160.45,163.16,137527.087
2024-08-09 00:00:00,163.16,164.0,159.99,161.2,137387.402
2024-08-09 01:00:00,161.2,161.99,160.09,160.26,56394.102
2024-08-09 02:00:00,160.26,160.92,158.29,158.34,74656.89
2024-08-09 03:00:00,158.34,160.27,158.24,158.93,49012.579
2024-08-09 04:00:00,158.93,159.13,156.04,156.06,65406.913
2024-08-09 05:00:00,156.06,157.51,155.7,157.16,70090.881
2024-08-09 06:00:00,157.16,158.08,156.16,157.33,58929.969
2024-08-09 07:00:00,157.33,159.0,157.24,157.93,60350.559
2024-08-09 08:00:00,157.93,159.7,157.74,159.32,35713.009
2024-08-09 09:00:00,159.32,159.54,156.89,157.49,46560.578
2024-08-09 10:00:00,157.49,157.6,155.33,156.17,63779.532
2024-08-09 11:00:00,156.17,156.97,155.38,156.63,43781.272
2024-08-09 12:00:00,156.63,156.74,154.39,155.31,66221.723
2024-08-09 13:00:00,155.31,155.84,153.12,155.32,81750.584
2024-08-09 14:00:00,155.32,157.38,151.47,153.67,126846.921
2024-08-09 15:00:00,153.67,154.42,150.98,151.11,94255.286
2024-08-09 16:00:00,151.11,152.75,150.75,152.55,52203.383
2024-08-09 17:00:00,152.55,154.26,152.05,153.05,37026.371
2024-08-09 18:00:00,153.05,153.7,151.63,153.41,41757.638
2024-08-09 19:00:00,153.41,154.26,152.82,153.65,36002.893
2024-08-09 20:00:00,153.65,154.57,152.93,153.25,39330.304
2024-08-09 21:00:00,153.25,154.27,151.5,154.16,47454.861
2024-08-09 22:00:00,154.16,155.79,152.37,155.74,84160.65
2024-08-09 23:00:00,155.74,157.4,153.87,156.27,77440.596
2024-08-10 00:00:00,156.27,158.75,154.63,154.88,99646.045
2024-08-10 01:00:00,154.88,156.47,153.77,154.63,47591.81
2024-08-10 02:00:00,154.63,156.23,154.29,154.4,37563.333
2024-08-10 03:00:00,154.4,154.66,153.28,154.17,35155.844
2024-08-10 04:00:00,154.17,154.29,152.56,153.57,36285.414
2024-08-10 05:00:00,153.57,154.54,153.0,154.0,29847.763
2024-08-10 06:00:00,154.0,155.01,153.84,154.59,22864.874
2024-08-10 07:00:00,154.59,155.45,154.17,155.42,26490.792
2024-08-10 08:00:00,155.42,155.92,153.86,154.08,44434.213
2024-08-10 09:00:00,154.08,155.55,153.58,154.8,38684.267
2024-08-10 10:00:00,154.8,155.4,154.22,154.38,23942.718
2024-08-10 11:00:00,154.38,155.11,153.91,154.83,23590.858
2024-08-10 12:00:00,154.83,155.24,154.39,154.5,14766.05
2024-08-10 13:00:00,154.5,154.57,152.86,152.99,36832.656
2024-08-10 14:00:00,152.99,153.94,152.74,153.7,23910.608
2024-08-10 15:00:00,153.7,155.09,153.42,153.95,29476.701
2024-08-10 16:00:00,153.95,154.37,153.0,153.58,29064.315
2024-08-10 17:00:00,153.58,154.5,153.09,154.31,24937.673
2024-08-10 18:00:00,154.31,155.15,154.0,154.06,26323.815
2024-08-10 19:00:00,154.06,155.33,153.54,154.52,27466.417
2024-08-10 20:00:00,154.52,154.91,153.75,154.42,13664.861
2024-08-10 21:00:00,154.42,155.15,154.4,154.95,17662.649
2024-08-10 22:00:00,154.95,155.15,154.45,154.65,18403.44
2024-08-10 23:00:00,154.65,154.67,153.63,154.04,14549.225
2024-08-11 00:00:00,154.04,155.12,153.64,154.7,28621.457
2024-08-11 01:00:00,154.7,155.34,154.26,155.22,17796.035
2024-08-11 02:00:00,155.22,155.5,154.55,154.82,14561.764
2024-08-11 03:00:00,154.82,157.0,154.79,155.69,36989.452
2024-08-11 04:00:00,155.69,155.99,154.81,154.97,19378.352
2024-08-11 05:00:00,154.97,155.85,154.81,155.54,13365.1
2024-08-11 06:00:00,155.54,155.86,155.1,155.51,11958.088
2024-08-11 07:00:00,155.51,156.88,155.51,156.7,24643.285
2024-08-11 08:00:00,156.7,157.18,156.29,156.43,17943.009
2024-08-11 09:00:00,156.43,157.98,155.19,155.67,54991.005
2024-08-11 10:00:00,155.67,156.21,154.91,155.14,25003.466
2024-08-11 11:00:00,155.14,155.28,153.0,153.64,44260.551
2024-08-11 12:00:00,153.64,153.81,150.63,151.56,48238.327
2024-08-11 13:00:00,151.56,151.86,149.75,151.48,63707.029
2024-08-11 14:00:00,151.48,151.66,148.56,149.31,70075.637
2024-08-11 15:00:00,149.31,149.46,148.02,148.72,54894.17
2024-08-11 16:00:00,148.72,149.3,148.17,148.71,27316.03
2024-08-11 17:00:00,148.71,149.79,148.06,149.07,31957.849
2024-08-11 18:00:00,149.07,149.22,146.72,147.95,48064.782
2024-08-11 19:00:00,147.95,147.95,145.66,145.79,79113.11
2024-08-11 20:00:00,145.79,145.86,143.68,143.9,116533.655
2024-08-11 21:00:00,143.9,144.35,143.11,143.47,67794.938
2024-08-11 22:00:00,143.47,144.37,141.12,142.21,119661.908
2024-08-11 23:00:00,142.21,142.21,141.18,141.56,48088.55
2024-08-12 00:00:00,141.56,143.8,141.21,142.73,108964.127
2024-08-12 01:00:00,142.73,144.14,142.26,143.46,43546.682
2024-08-12 02:00:00,143.46,144.44,142.73,144.27,30225.308
2024-08-12 03:00:00,144.27,144.84,143.11,143.92,30181.77
2024-08-12 04:00:00,143.92,144.45,143.35,143.53,28224.046
2024-08-12 05:00:00,143.53,143.91,142.25,143.25,32962.282
2024-08-12 06:00:00,143.25,143.74,142.29,143.44,31950.013
2024-08-12 07:00:00,143.44,146.8,142.23,145.94,97918.924
2024-08-12 08:00:00,145.94,147.99,144.36,144.89,55462.929
2024-08-12 09:00:00,144.89,145.83,144.12,144.34,99590.847
2024-08-12 10:00:00,144.34,147.4,143.59,147.4,86319.859
2024-08-12 11:00:00,147.4,150.79,147.05,150.24,139771.803
2024-08-12 12:00:00,150.24,150.34,148.22,149.23,76176.07
2024-08-12 13:00:00,149.23,149.83,143.71,144.3,118107.06
2024-08-12 14:00:00,144.3,150.51,142.96,149.13,206812.223
2024-08-12 15:00:00,149.13,150.04,145.33,147.58,158919.121
2024-08-12 16:00:00,147.58,148.26,145.77,146.96,62079.176
2024-08-12 17:00:00,146.96,147.79,145.04,145.13,31873.937
2024-08-12 18:00:00,145.13,146.38,142.83,142.99,84367.155
2024-08-12 19:00:00,142.99,144.66,142.96,143.73,76170.459
2024-08-12 20:00:00,143.73,145.3,143.09,143.38,58332.176
2024-08-12 21:00:00,143.38,144.4,141.77,143.52,52779.275
2024-08-12 22:00:00,143.52,144.72,143.3,144.12,38911.883
2024-08-12 23:00:00,144.12,147.54,144.05,146.31,61290.575
2024-08-13 00:00:00,146.31,147.35,145.54,146.71,64130.625
2024-08-13 01:00:00,146.71,147.05,145.26,146.94,38950.813
2024-08-13 02:00:00,146.94,146.98,144.46,145.67,33965.357
2024-08-13 03:00:00,145.67,145.78,142.85,143.66,86068.458
2024-08-13 04:00:00,143.66,145.05,142.97,144.93,22233.423
2024-08-13 05:00:00,144.93,146.13,144.32,145.75,18257.778
2024-08-13 06:00:00,145.75,146.78,144.56,146.53,33832.936
2024-08-13 07:00:00,146.53,147.07,145.9,145.98,26600.041
2024-08-13 08:00:00,145.98,146.4,144.34,145.47,28099.901
2024-08-13 09:00:00,145.47,145.57,143.82,144.66,39000.412
2024-08-13 10:00:00,144.66,145.1,143.22,144.61,42032.44
2024-08-13 11:00:00,144.61,146.23,144.25,145.84,24556.17
2024-08-13 12:00:00,145.84,147.4,145.17,146.23,96277.166
2024-08-13 13:00:00,146.23,147.67,145.64,147.17,90493.516
2024-08-13 14:00:00,147.17,147.56,144.61,146.44,105984.588
2024-08-13 15:00:00,146.44,146.72,145.21,146.06,48261.168
2024-08-13 16:00:00,146.06,149.43,145.86,149.35,133472.588
2024-08-13 17:00:00,149.35,149.85,147.46,148.25,76005.413
2024-08-13 18:00:00,148.25,148.38,146.48,146.72,41275.155
2024-08-13 19:00:00,146.72,147.12,144.5,146.51,70779.358
2024-08-13 20:00:00,146.51,146.92,145.68,145.95,25827.397
2024-08-13 21:00:00,145.95,147.89,145.81,147.79,16536.479
2024-08-13 22:00:00,147.79,147.87,146.43,147.1,31064.867
2024-08-13 23:00:00,147.1,147.46,146.22,146.65,26862.797
2024-08-14 00:00:00,146.65,147.28,145.93,145.99,28498.556
2024-08-14 01:00:00,145.99,146.36,143.57,144.01,58944.134
2024-08-14 02:00:00,144.01,145.07,143.73,144.99,28340.784
2024-08-14 03:00:00,144.99,146.2,144.57,145.14,28977.658
2024-08-14 04:00:00,145.14,145.33,144.38,144.62,43909.973
2024-08-14 05:00:00,144.62,145.62,144.39,144.75,19491.335
2024-08-14 06:00:00,144.75,145.63,144.16,145.27,30881.595
2024-08-14 07:00:00,145.27,145.75,144.87,145.74,16804.997
2024-08-14 08:00:00,145.74,145.92,144.83,145.63,19871.999
2024-08-14 09:00:00,145.63,146.55,145.45,146.33,25110.336
2024-08-14 10:00:00,146.33,148.12,146.3,146.84,47185.335
2024-08-14 11:00:00,146.84,149.04,146.57,148.01,48357.741
2024-08-14 12:00:00,148.01,152.2,147.33,149.92,160315.784
2024-08-14 13:00:00,149.92,151.21,146.62,147.2,132201.981
2024-08-14 14:00:00,147.2,147.76,145.29,146.72,105409.022
2024-08-14 15:00:00,146.72,147.38,144.58,146.71,91605.422
2024-08-14 16:00:00,146.71,147.25,143.94,144.96,81229.541
2024-08-14 17:00:00,144.96,145.5,144.32,144.61,26514.148
2024-08-14 18:00:00,144.61,145.31,143.74,144.5,24382.851
2024-08-14 19:00:00,144.5,144.78,143.58,144.22,28780.76
2024-08-14 20:00:00,144.22,144.73,144.02,144.21,31040.607
2024-08-14 21:00:00,144.21,144.52,143.62,143.86,17916.82
2024-08-14 22:00:00,143.86,144.38,142.39,144.38,56299.193
2024-08-14 23:00:00,144.38,144.42,143.68,143.72,26303.589
2024-08-15 00:00:00,143.72,145.35,143.67,144.91,32934.168
2024-08-15 01:00:00,144.91,145.42,144.09,144.25,31700.919
2024-08-15 02:00:00,144.25,145.28,143.11,144.65,56158.574
2024-08-15 03:00:00,144.65,145.22,144.44,144.7,15796.885
2024-08-15 04:00:00,144.7,144.88,143.78,144.61,15481.426
2024-08-15 05:00:00,144.61,144.91,142.66,142.95,28882.069
2024-08-15 06:00:00,142.95,143.22,141.11,141.91,70096.415
2024-08-15 07:00:00,141.91,142.67,141.06,142.51,37699.875
2024-08-15 08:00:00,142.51,143.14,141.68,143.12,28288.641
2024-08-15 09:00:00,143.12,143.53,142.06,142.14,64452.706
2024-08-15 10:00:00,142.14,142.4,141.25,141.67,32617.919
2024-08-15 11:00:00,141.67,143.44,141.67,143.14,40136.23
2024-08-15 12:00:00,143.14,145.55,142.48,142.83,81111.941
2024-08-15 13:00:00,142.83,145.24,142.04,144.99,65440.065
2024-08-15 14:00:00,144.99,146.6,144.12,145.03,63499.628
2024-08-15 15:00:00,145.03,146.35,144.34,145.99,51776.392
2024-08-15 16:00:00,145.99,147.64,145.53,145.93,58528.664
2024-08-15 17:00:00,145.93,145.94,143.0,143.23,62266.784
2024-08-15 18:00:00,143.23,143.26,138.1,138.63,231268.719
2024-08-15 19:00:00,138.63,140.57,137.73,139.97,152986.678
2024-08-15 20:00:00,139.97,140.6,138.68,140.52,88983.298
2024-08-15 21:00:00,140.52,141.87,139.82,141.86,86694.228
2024-08-15 22:00:00,141.86,144.91,140.91,143.69,80920.611
2024-08-15 23:00:00,143.69,144.13,142.44,142.59,34417.976
2024-08-16 00:00:00,142.59,142.86,141.71,141.94,43026.674
2024-08-16 01:00:00,141.94,142.66,140.74,141.99,31764.22
2024-08-16 02:00:00,141.99,144.44,141.2,143.2,53570.821
2024-08-16 03:00:00,143.2,143.25,141.78,142.01,32471.23
2024-08-16 04:00:00,142.01,142.61,141.61,142.48,24590.966
2024-08-16 05:00:00,142.48,143.24,142.22,143.07,21738.829
2024-08-16 06:00:00,143.07,144.87,142.86,144.33,46337.861
2024-08-16 07:00:00,144.33,144.71,143.87,144.56,27503.868
2024-08-16 08:00:00,144.56,144.95,143.49,143.75,37552.836
2024-08-16 09:00:00,143.75,144.46,143.48,144.38,23428.199
2024-08-16 10:00:00,144.38,144.44,142.73,143.5,26108.318
2024-08-16 11:00:00,143.5,143.97,141.8,141.99,39861.494
2024-08-16 12:00:00,141.99,142.63,138.78,139.2,104805.956
2024-08-16 13:00:00,139.2,142.6,138.86,140.35,128181.11
2024-08-16 14:00:00,140.35,140.74,137.76,138.36,86355.011
2024-08-16 15:00:00,138.36,139.28,136.27,137.9,73949.308
2024-08-16 16:00:00,137.9,139.88,137.47,138.35,73323.367
2024-08-16 17:00:00,138.35,139.95,136.1,139.6,79445.44
2024-08-16 18:00:00,139.6,140.67,138.49,139.41,68248.808
2024-08-16 19:00:00,139.41,141.48,139.4,140.96,67970.052
2024-08-16 20:00:00,140.96,141.95,140.45,140.5,51910.762
2024-08-16 21:00:00,140.5,141.18,139.65,139.93,22880.724
2024-08-16 22:00:00,139.93,140.29,139.42,139.59,26327.989
2024-08-16 23:00:00,139.59,139.7,138.99,139.04,29901.811
2024-08-17 00:00:00,139.04,139.28,137.53,138.98,35804.019
2024-08-17 01:00:00,138.98,139.96,138.7,139.36,19766.366
2024-08-17 02:00:00,139.36,140.31,139.21,139.67,17931.879
2024-08-17 03:00:00,139.67,139.84,138.15,138.89,20004.638
2024-08-17 04:00:00,138.89,139.48,138.62,139.43,19199.299
2024-08-17 05:00:00,139.43,139.68,138.98,139.52,8800.608
2024-08-17 06:00:00,139.52,139.75,138.79,139.0,9692.966
2024-08-17 07:00:00,139.0,139.48,138.62,139.44,11601.78
2024-08-17 08:00:00,139.44,139.57,138.94,139.48,9861.165
2024-08-17 09:00:00,139.48,140.2,139.07,139.62,20068.67
2024-08-17 10:00:00,139.62,139.77,138.4,138.57,17873.775
2024-08-17 11:00:00,138.57,139.55,138.12,139.11,22716.325
2024-08-17 12:00:00,139.11,139.86,138.92,139.72,14497.063
2024-08-17 13:00:00,139.72,140.86,139.5,139.78,42470.485
2024-08-17 14:00:00,139.78,141.21,139.64,141.13,35747.251
2024-08-17 15:00:00,141.13,141.74,140.11,140.18,30016.613
2024-08-17 16:00:00,140.18,141.44,140.18,141.36,23976.125
2024-08-17 17:00:00,141.36,141.65,140.4,140.47,22825.403
2024-08-17 18:00:00,140.47,140.69,140.08,140.54,21168.61
2024-08-17 19:00:00,140.54,141.39,140.33,141.13,18796.345
2024-08-17 20:00:00,141.13,141.4,140.79,140.99,19382.565
2024-08-17 21:00:00,140.99,141.29,140.71,141.26,13380.564
2024-08-17 22:00:00,141.26,141.92,141.26,141.56,20056.451
2024-08-17 23:00:00,141.56,142.0,141.34,141.93,12677.517
2024-08-18 00:00:00,141.93,143.19,141.36,142.61,46096.287
2024-08-18 01:00:00,142.61,142.86,141.18,141.29,18755.741
2024-08-18 02:00:00,141.29,143.2,141.03,142.89,40006.391
2024-08-18 03:00:00,142.89,143.31,141.09,141.18,40737.11
2024-08-18 04:00:00,141.18,141.58,140.56,141.24,19972.939
2024-08-18 05:00:00,141.24,141.83,140.94,141.24,18608.824
2024-08-18 06:00:00,141.24,141.9,141.09,141.75,10961.959
2024-08-18 07:00:00,141.75,142.0,141.27,141.55,11759.574
2024-08-18 08:00:00,141.55,141.92,141.3,141.9,13796.554
2024-08-18 09:00:00,141.9,143.17,141.8,142.96,29982.393
2024-08-18 10:00:00,142.96,147.39,142.96,143.99,136753.199
2024-08-18 11:00:00,143.99,144.66,143.57,144.63,24854.672
2024-08-18 12:00:00,144.63,146.38,143.98,145.48,54602.41
2024-08-18 13:00:00,145.48,146.71,144.78,144.89,40874.797
2024-08-18 14:00:00,144.89,145.84,144.83,145.11,30457.539
2024-08-18 15:00:00,145.11,146.03,144.75,145.8,19376.902
2024-08-18 16:00:00,145.8,146.62,145.41,146.06,22701.631
2024-08-18 17:00:00,146.06,146.25,144.25,144.52,37586.157
2024-08-18 18:00:00,144.52,145.59,144.3,145.55,17605.567
2024-08-18 19:00:00,145.55,146.56,145.46,146.45,17621.411
2024-08-18 20:00:00,146.45,147.06,146.02,146.65,22042.869
2024-08-18 21:00:00,146.65,146.66,144.81,145.06,11758.573
2024-08-18 22:00:00,145.06,145.68,144.52,144.58,23749.416
2024-08-18 23:00:00,144.58,144.87,142.28,142.41,52871.185
2024-08-19 00:00:00,142.41,143.42,141.82,142.02,61754.671
2024-08-19 01:00:00,142.02,142.89,141.59,142.1,25774.46
2024-08-19 02:00:00,142.1,142.88,141.57,142.66,24577.961
2024-08-19 03:00:00,142.66,143.33,142.34,143.2,22419.896
2024-08-19 04:00:00,143.2,143.39,142.54,143.17,19878.581
2024-08-19 05:00:00,143.17,143.38,141.91,142.3,33274.422
2024-08-19 06:00:00,142.3,143.52,141.91,142.89,22270.405
2024-08-19 07:00:00,142.89,143.51,142.21,142.27,17288.373
2024-08-19 08:00:00,142.27,142.87,142.14,142.62,14622.842
2024-08-19 09:00:00,142.62,143.35,140.83,140.96,40352.601
2024-08-19 10:00:00,140.96,141.63,140.32,141.15,58465.139
2024-08-19 11:00:00,141.15,142.54,140.71,142.35,29866.756
2024-08-19 12:00:00,142.35,143.35,141.94,143.19,38965.092
2024-08-19 13:00:00,143.19,144.64,142.4,142.72,68167.842
2024-08-19 14:00:00,142.72,144.3,141.64,144.26,96674.962
2024-08-19 15:00:00,144.26,144.51,143.67,143.87,30451.824
2024-08-19 16:00:00,143.87,144.36,143.03,144.2,26187.903
2024-08-19 17:00:00,144.2,146.21,143.13,143.66,68117.952
2024-08-19 18:00:00,143.66,144.63,142.81,143.61,41373.682
2024-08-19 19:00:00,143.61,143.65,142.58,142.92,23522.521
2024-08-19 20:00:00,142.92,144.23,142.73,143.37,32087.625
2024-08-19 21:00:00,143.37,144.1,143.15,143.58,11056.798
2024-08-19 22:00:00,143.58,144.45,142.75,143.58,32548.992
2024-08-19 23:00:00,143.58,144.52,142.93,144.25,44426.046
2024-08-20 00:00:00,144.25,146.94,143.32,146.57,101105.886
2024-08-20 01:00:00,146.57,147.89,145.47,145.76,54650.784
2024-08-20 02:00:00,145.76,145.94,144.89,145.43,21371.143
2024-08-20 03:00:00,145.43,145.79,145.11,145.6,13319.94
2024-08-20 04:00:00,145.6,147.45,145.4,147.02,33161.384
2024-08-20 05:00:00,147.02,148.88,146.9,147.54,63716.971
2024-08-20 06:00:00,147.54,147.71,146.71,147.03,45558.853
2024-08-20 07:00:00,147.03,147.56,146.9,147.51,22922.068
2024-08-20 08:00:00,147.51,147.74,145.94,146.22,32104.741
2024-08-20 09:00:00,146.22,146.91,146.1,146.56,16657.194
2024-08-20 10:00:00,146.56,146.66,146.06,146.17,17012.633
2024-08-20 11:00:00,146.17,146.39,145.16,145.41,27828.281
2024-08-20 12:00:00,145.41,146.14,145.27,145.91,19127.235
2024-08-20 13:00:00,145.91,146.46,145.03,146.07,32804.412
2024-08-20 14:00:00,146.07,146.21,142.47,142.52,99993.868
2024-08-20 15:00:00,142.52,142.77,140.97,142.14,97101.423
2024-08-20 16:00:00,142.14,142.88,141.61,142.6,43264.956
2024-08-20 17:00:00,142.6,143.52,142.42,143.33,17789.28
2024-08-20 18:00:00,143.33,144.03,142.91,143.48,33288.345
2024-08-20 19:00:00,143.48,144.31,143.26,144.04,21197.751
2024-08-20 20:00:00,144.04,144.53,143.52,143.57,27397.865
2024-08-20 21:00:00,143.57,143.57,142.57,143.1,19152.668
2024-08-20 22:00:00,143.1,143.58,143.01,143.25,16318.363
2024-08-20 23:00:00,143.25,143.37,142.23,142.28,15182.491
2024-08-21 00:00:00,142.28,142.97,141.69,141.84,20410.436
2024-08-21 01:00:00,141.84,142.7,141.55,142.59,30448.464
2024-08-21 02:00:00,142.59,143.11,142.31,142.83,12159.746
2024-08-21 03:00:00,142.83,142.91,142.16,142.54,9581.919
2024-08-21 04:00:00,142.54,142.84,142.24,142.73,12730.76
2024-08-21 05:00:00,142.73,143.4,142.54,143.26,12368.753
2024-08-21 06:00:00,143.26,143.59,143.16,143.37,23008.788
2024-08-21 07:00:00,143.37,143.84,142.47,143.19,17902.661
2024-08-21 08:00:00,143.19,143.56,141.9,142.17,19505.708
2024-08-21 09:00:00,142.17,142.26,140.9,141.5,37388.868
2024-08-21 10:00:00,141.5,142.28,141.25,142.1,15784.056
2024-08-21 11:00:00,142.1,142.23,141.23,141.27,17344.206
2024-08-21 12:00:00,141.27,141.81,140.78,141.23,39677.074
2024-08-21 13:00:00,141.23,141.61,138.75,141.28,91712.627
2024-08-21 14:00:00,141.28,142.55,139.15,139.79,129980.272
2024-08-21 15:00:00,139.79,140.81,139.32,140.36,45918.455
2024-08-21 16:00:00,140.36,141.32,139.66,141.29,30840.078
2024-08-21 17:00:00,141.29,142.08,140.93,141.45,34677.097
2024-08-21 18:00:00,141.45,143.08,141.2,142.69,57203.65
2024-08-21 19:00:00,142.69,143.68,142.14,143.41,130321.194
2024-08-21 20:00:00,143.41,144.4,142.58,143.08,58047.1
2024-08-21 21:00:00,143.08,143.95,142.64,143.61,28813.406
2024-08-21 22:00:00,143.61,143.86,142.83,142.88,23310.902
2024-08-21 23:00:00,142.88,143.28,142.09,142.79,26389.936
2024-08-22 00:00:00,142.79,143.27,142.45,142.53,26210.794
2024-08-22 01:00:00,142.53,143.23,142.38,143.06,38431.954
2024-08-22 02:00:00,143.06,143.13,140.64,141.54,50380.75
2024-08-22 03:00:00,141.54,141.88,141.12,141.72,29308.382
2024-08-22 04:00:00,141.72,142.25,141.43,142.22,17985.835
2024-08-22 05:00:00,142.22,142.32,141.86,142.19,10426.675
2024-08-22 06:00:00,142.19,142.79,142.12,142.71,13629.7
2024-08-22 07:00:00,142.71,143.67,142.4,143.33,25429.243
2024-08-22 08:00:00,143.33,143.64,142.98,143.16,24956.495
2024-08-22 09:00:00,143.16,143.24,142.65,142.92,14813.478
2024-08-22 10:00:00,142.92,144.24,142.72,144.11,30054.902
2024-08-22 11:00:00,144.11,144.79,143.55,144.51,30031.417
2024-08-22 12:00:00,144.51,144.86,143.01,143.25,40623.601
2024-08-22 13:00:00,143.25,143.86,142.39,143.04,35906.464
2024-08-22 14:00:00,143.04,143.2,142.15,142.8,32653.724
2024-08-22 15:00:00,142.8,143.56,142.03,142.62,33484.21
2024-08-22 16:00:00,142.62,143.32,142.5,142.79,17645.89
2024-08-22 17:00:00,142.79,143.29,142.41,142.58,15821.868
2024-08-22 18:00:00,142.58,143.62,142.4,142.98,20497.962
2024-08-22 19:00:00,142.98,143.2,142.6,142.75,12359.406
2024-08-22 20:00:00,142.75,143.6,142.68,143.38,29843.823
2024-08-22 21:00:00,143.38,143.76,143.03,143.33,11092.075
2024-08-22 22:00:00,143.33,143.45,143.05,143.21,9654.174
2024-08-22 23:00:00,143.21,143.46,143.03,143.26,11588.219
2024-08-23 00:00:00,143.26,145.41,143.2,144.4,36993.749
2024-08-23 01:00:00,144.4,144.72,143.87,144.68,20557.967
2024-08-23 02:00:00,144.68,145.79,144.54,144.81,31999.379
2024-08-23 03:00:00,144.81,145.09,144.35,144.48,13280.086
2024-08-23 04:00:00,144.48,145.05,144.36,144.42,20254.466
2024-08-23 05:00:00,144.42,145.94,144.42,145.48,36352.681
2024-08-23 06:00:00,145.48,145.96,144.87,145.6,31382.426
2024-08-23 07:00:00,145.6,145.76,145.01,145.16,12057.075
2024-08-23 08:00:00,145.16,145.51,145.0,145.16,16044.765
2024-08-23 09:00:00,145.16,145.16,144.2,144.29,23582.774
2024-08-23 10:00:00,144.29,144.76,144.24,144.3,14481.627
2024-08-23 11:00:00,144.3,144.35,143.38,143.49,30292.397
2024-08-23 12:00:00,143.49,144.54,143.48,144.43,22439.097
2024-08-23 13:00:00,144.43,144.68,143.59,144.67,34662.941
2024-08-23 14:00:00,144.67,147.15,142.7,143.49,174742.666
2024-08-23 15:00:00,143.49,145.07,143.26,144.4,43853.47
2024-08-23 16:00:00,144.4,145.21,144.08,145.07,23827.656
2024-08-23 17:00:00,145.07,148.6,145.02,148.27,99407.526
2024-08-23 18:00:00,148.27,149.56,147.63,148.33,140610.772
2024-08-23 19:00:00,148.33,150.25,148.14,149.73,67733.029
2024-08-23 20:00:00,149.73,151.61,149.7,150.89,72691.534
2024-08-23 21:00:00,150.89,152.32,150.72,152.2,48375.522
2024-08-23 22:00:00,152.2,154.09,151.3,151.85,100629.105
2024-08-23 23:00:00,151.85,153.61,151.85,153.29,48726.465
2024-08-24 00:00:00,153.29,154.24,152.74,153.09,37711.682
2024-08-24 01:00:00,153.09,153.35,151.98,153.35,45294.908
2024-08-24 02:00:00,153.35,154.65,153.17,153.37,37992.836
2024-08-24 03:00:00,153.37,153.62,153.01,153.23,20275.385
2024-08-24 04:00:00,153.23,154.14,153.16,154.05,17558.556
2024-08-24 05:00:00,154.05,155.42,153.92,154.54,56374.013
2024-08-24 06:00:00,154.54,154.88,154.05,154.07,31154.343
2024-08-24 07:00:00,154.07,154.75,154.07,154.64,27098.639
2024-08-24 08:00:00,154.64,155.72,154.33,155.64,28043.785
2024-08-24 09:00:00,155.64,158.07,155.0,157.59,55482.992
2024-08-24 10:00:00,157.59,158.78,156.94,157.94,70312.278
2024-08-24 11:00:00,157.94,158.62,157.24,157.35,50954.859
2024-08-24 12:00:00,157.35,158.31,157.0,157.3,31525.878
2024-08-24 13:00:00,157.3,157.98,157.15,157.96,23757.406
2024-08-24 14:00:00,157.96,158.75,157.29,158.71,34741.327
2024-08-24 15:00:00,158.71,159.83,158.21,159.46,58938.277
2024-08-24 16:00:00,159.46,162.21,159.27,161.2,78677.093
2024-08-24 17:00:00,161.2,162.31,160.46,160.86,53483.095
2024-08-24 18:00:00,160.86,162.09,160.19,161.46,135875.871
2024-08-24 19:00:00,161.46,162.0,160.39,160.59,33934.888
2024-08-24 20:00:00,160.59,161.15,160.2,160.42,26554.956
2024-08-24 21:00:00,160.42,160.45,157.0,157.53,85705.335
2024-08-24 22:00:00,157.53,159.45,157.46,159.1,60674.876
2024-08-24 23:00:00,159.1,160.85,158.92,160.66,26235.39
2024-08-25 00:00:00,160.66,160.76,158.63,158.85,49173.372
2024-08-25 01:00:00,158.85,159.91,157.4,158.22,57145.818
2024-08-25 02:00:00,158.22,159.07,158.11,158.83,17277.986
2024-08-25 03:00:00,158.83,158.95,157.37,158.28,41969.896
2024-08-25 04:00:00,158.28,158.81,157.43,158.77,27834.736
2024-08-25 05:00:00,158.77,159.08,158.24,158.36,22541.624
2024-08-25 06:00:00,158.36,158.48,157.53,157.79,27220.933
2024-08-25 07:00:00,157.79,157.79,155.26,156.12,64813.116
2024-08-25 08:00:00,156.12,157.29,155.75,157.18,32341.499
2024-08-25 09:00:00,157.18,157.91,156.65,157.37,36884.702
2024-08-25 10:00:00,157.37,157.52,156.32,156.79,18088.427
2024-08-25 11:00:00,156.79,157.93,156.71,157.28,32992.359
2024-08-25 12:00:00,157.28,157.85,156.94,157.82,12152.288
2024-08-25 13:00:00,157.82,159.04,157.73,158.5,32544.106
2024-08-25 14:00:00,158.5,159.91,158.5,159.13,29686.595
2024-08-25 15:00:00,159.13,159.92,158.63,159.4,31470.555
2024-08-25 16:00:00,159.4,160.36,158.49,159.05,42034.695
2024-08-25 17:00:00,159.05,159.83,158.72,159.49,25055.385
2024-08-25 18:00:00,159.49,160.02,158.92,159.53,28857.548
2024-08-25 19:00:00,159.53,159.83,158.76,159.08,16604.809
2024-08-25 20:00:00,159.08,159.53,158.59,158.9,22995.302
2024-08-25 21:00:00,158.9,161.57,158.8,161.31,46207.799
2024-08-25 22:00:00,161.31,161.96,160.2,160.61,39226.699
2024-08-25 23:00:00,160.61,161.29,158.46,158.92,55793.487
2024-08-26 00:00:00,158.92,159.91,158.26,159.06,34142.418
2024-08-26 01:00:00,159.06,159.25,157.94,158.11,22205.831
2024-08-26 02:00:00,158.11,158.61,157.41,158.6,31401.124
2024-08-26 03:00:00,158.6,160.18,158.32,160.1,20429.044
2024-08-26 04:00:00,160.1,161.14,159.81,160.99,35486.072
2024-08-26 05:00:00,160.99,161.07,159.41,159.56,20548.705
2024-08-26 06:00:00,159.56,159.73,158.34,158.99,49192.493
2024-08-26 07:00:00,158.99,159.49,158.35,159.12,20834.03
2024-08-26 08:00:00,159.12,160.7,158.81,159.76,37494.589
2024-08-26 09:00:00,159.76,160.69,158.48,160.67,37796.952
2024-08-26 10:00:00,160.67,162.04,160.4,161.24,56506.279
2024-08-26 11:00:00,161.24,161.94,160.16,160.37,36580.318
2024-08-26 12:00:00,160.37,161.17,158.66,159.32,60623.166
2024-08-26 13:00:00,159.32,160.53,158.9,160.24,45068.473
2024-08-26 14:00:00,160.24,161.73,155.96,157.35,186002.807
2024-08-26 15:00:00,157.35,158.32,155.94,157.66,63123.571
2024-08-26 16:00:00,157.66,158.43,156.99,157.78,39732.618
2024-08-26 17:00:00,157.78,157.97,155.56,157.45,74065.752
2024-08-26 18:00:00,157.45,159.38,156.38,158.87,69043.522
2024-08-26 19:00:00,158.87,159.01,157.57,158.0,43180.092
2024-08-26 20:00:00,158.0,159.34,157.36,158.77,50739.393
2024-08-26 21:00:00,158.77,158.92,156.36,157.52,72927.748
2024-08-26 22:00:00,157.52,158.3,157.12,157.41,23682.931
2024-08-26 23:00:00,157.41,158.34,156.73,157.08,26870.802
2024-08-27 00:00:00,157.08,158.25,156.98,157.59,34011.916
2024-08-27 01:00:00,157.59,158.97,157.46,158.22,45784.466
2024-08-27 02:00:00,158.22,159.01,158.02,158.2,28354.081
2024-08-27 03:00:00,158.2,158.69,157.4,158.57,25828.946
2024-08-27 04:00:00,158.57,158.97,158.06,158.6,43032.056
2024-08-27 05:00:00,158.6,159.73,158.54,159.34,28389.256
2024-08-27 06:00:00,159.34,159.38,157.56,158.13,30828.966
2024-08-27 07:00:00,158.13,158.39,157.33,157.73,36324.032
2024-08-27 08:00:00,157.73,158.05,156.69,156.96,27214.827
2024-08-27 09:00:00,156.96,157.76,156.13,156.5,56853.129
2024-08-27 10:00:00,156.5,156.5,153.42,153.61,89110.91
2024-08-27 11:00:00,153.61,154.87,153.29,154.27,40369.593
2024-08-27 12:00:00,154.27,154.48,152.75,154.24,39808.34
2024-08-27 13:00:00,154.24,155.52,153.51,154.18,48383.648
2024-08-27 14:00:00,154.18,155.85,153.61,153.75,79827.606
2024-08-27 15:00:00,153.75,154.98,153.17,153.79,88477.254
2024-08-27 16:00:00,153.79,155.15,153.26,153.6,82597.209
2024-08-27 17:00:00,153.6,155.01,153.43,154.95,29005.783
2024-08-27 18:00:00,154.95,155.55,154.33,155.4,28076.503
2024-08-27 19:00:00,155.4,155.49,154.35,154.96,23240.005
2024-08-27 20:00:00,154.96,155.04,153.96,154.05,16175.127
2024-08-27 21:00:00,154.05,154.22,147.03,149.22,204536.181
2024-08-27 22:00:00,149.22,149.57,144.93,147.47,225245.124
2024-08-27 23:00:00,147.47,147.88,146.29,146.81,60206.995
2024-08-28 00:00:00,146.81,146.87,145.37,145.95,49860.182
2024-08-28 01:00:00,145.95,147.18,145.41,146.96,30118.88
2024-08-28 02:00:00,146.96,147.03,145.78,146.78,22605.651
2024-08-28 03:00:00,146.78,148.3,146.59,148.17,32315.18
2024-08-28 04:00:00,148.17,148.28,147.25,147.43,20196.384
2024-08-28 05:00:00,147.43,148.9,147.19,147.4,43366.336
2024-08-28 06:00:00,147.4,147.51,146.97,147.15,18066.896
2024-08-28 07:00:00,147.15,147.43,143.68,143.94,109079.902
2024-08-28 08:00:00,143.94,145.81,142.7,145.04,82422.872
2024-08-28 09:00:00,145.04,148.03,144.86,148.0,66336.634
2024-08-28 10:00:00,148.0,148.05,146.6,146.75,40514.323
2024-08-28 11:00:00,146.75,147.71,146.56,147.16,21598.221
2024-08-28 12:00:00,147.16,148.53,146.99,147.64,30774.453
2024-08-28 13:00:00,147.64,147.84,145.13,145.21,48807.242
2024-08-28 14:00:00,145.21,146.9,143.83,144.83,98475.356
2024-08-28 15:00:00,144.83,144.84,143.06,144.1,91694.138
2024-08-28 16:00:00,144.1,144.1,140.51,143.0,222237.158
2024-08-28 17:00:00,143.0,143.36,141.61,142.16,61912.125
2024-08-28 18:00:00,142.16,144.63,141.93,144.58,74506.551
2024-08-28 19:00:00,144.58,145.62,143.68,144.26,65815.898
2024-08-28 20:00:00,144.26,146.4,143.13,144.06,115860.754
2024-08-28 21:00:00,144.06,144.83,142.76,142.94,62637.66
2024-08-28 22:00:00,142.94,143.55,141.6,143.55,76738.412
2024-08-28 23:00:00,143.55,144.3,143.11,143.95,23147.132
2024-08-29 00:00:00,143.95,145.04,143.78,144.26,29385.054
2024-08-29 01:00:00,144.26,144.85,143.02,143.44,48313.699
2024-08-29 02:00:00,143.44,144.04,143.0,143.94,50941.973
2024-08-29 03:00:00,143.94,144.19,143.04,143.34,25436.686
2024-08-29 04:00:00,143.34,143.86,143.15,143.5,24642.753
2024-08-29 05:00:00,143.5,144.36,143.2,144.26,34307.356
2024-08-29 06:00:00,144.26,145.36,144.04,144.74,50312.964
2024-08-29 07:00:00,144.74,144.98,144.46,144.66,27115.463
2024-08-29 08:00:00,144.66,145.23,144.38,145.08,35774.2
2024-08-29 09:00:00,145.08,145.96,144.87,145.28,30448.046
2024-08-29 10:00:00,145.28,145.86,144.98,145.2,24407.12
2024-08-29 11:00:00,145.2,146.87,145.11,145.63,39487.472
2024-08-29 12:00:00,145.63,146.07,145.18,145.48,55243.413
2024-08-29 13:00:00,145.48,145.8,144.7,145.51,46106.291
2024-08-29 14:00:00,145.51,145.95,144.78,145.34,39518.713
2024-08-29 15:00:00,145.34,147.33,145.25,146.07,40672.841
2024-08-29 16:00:00,146.07,146.8,143.72,144.24,50195.598
2024-08-29 17:00:00,144.24,144.63,143.52,144.44,34604.799
2024-08-29 18:00:00,144.44,144.46,139.19,139.7,119458.182
2024-08-29 19:00:00,139.7,141.24,138.56,140.27,72731.897
2024-08-29 20:00:00,140.27,141.4,139.24,140.27,48077.417
2024-08-29 21:00:00,140.27,140.28,139.24,139.33,38329.928
2024-08-29 22:00:00,139.33,140.14,138.01,139.81,41383.773
2024-08-29 23:00:00,139.81,140.35,139.4,140.01,20632.179
2024-08-30 00:00:00,140.01,141.12,139.58,140.38,31701.688
2024-08-30 01:00:00,140.38,140.78,139.45,139.98,22272.209
2024-08-30 02:00:00,139.98,140.18,138.44,139.27,37411.744
2024-08-30 03:00:00,139.27,139.27,138.42,138.75,20774.988
2024-08-30 04:00:00,138.75,139.9,138.74,139.17,14444.54
2024-08-30 05:00:00,139.17,139.22,137.01,138.09,66963.597
2024-08-30 06:00:00,138.09,139.68,137.47,139.59,41219.72
2024-08-30 07:00:00,139.59,139.86,138.95,139.0,28823.849
2024-08-30 08:00:00,139.0,139.91,138.98,139.46,18217.9
2024-08-30 09:00:00,139.46,140.08,139.32,139.82,27278.94
2024-08-30 10:00:00,139.82,140.05,139.25,139.47,21791.457
2024-08-30 11:00:00,139.47,139.69,138.35,138.64,25109.771
2024-08-30 12:00:00,138.64,140.77,138.48,139.91,58616.513
2024-08-30 13:00:00,139.91,140.56,137.92,139.79,71564.114
2024-08-30 14:00:00,139.79,140.39,135.53,135.66,106444.06
2024-08-30 15:00:00,135.66,135.89,132.5,133.31,195319.884
2024-08-30 16:00:00,133.31,134.56,132.02,133.92,157124.108
2024-08-30 17:00:00,133.92,134.91,133.38,134.46,52569.793
2024-08-30 18:00:00,134.46,137.9,134.4,137.07,73396.286
2024-08-30 19:00:00,137.07,137.07,135.51,135.97,45818.402
2024-08-30 20:00:00,135.97,136.62,135.63,136.41,24469.544
2024-08-30 21:00:00,136.41,137.06,136.17,136.45,21236.077
2024-08-30 22:00:00,136.45,137.99,136.41,137.7,35810.392
2024-08-30 23:00:00,137.7,138.49,137.62,138.0,20349.075
2024-08-31 00:00:00,138.0,139.23,137.87,138.3,33517.783
2024-08-31 01:00:00,138.3,138.51,137.87,137.92,11079.296
2024-08-31 02:00:00,137.92,138.11,137.48,138.1,17750.713
2024-08-31 03:00:00,138.1,138.79,137.98,138.26,8189.815
2024-08-31 04:00:00,138.26,138.78,138.19,138.69,8638.839
2024-08-31 05:00:00,138.69,138.69,137.61,137.63,8210.158
2024-08-31 06:00:00,137.63,138.36,137.35,137.96,26337.747
2024-08-31 07:00:00,137.96,138.16,137.39,137.58,12629.576
2024-08-31 08:00:00,137.58,137.85,135.91,135.92,19122.375
2024-08-31 09:00:00,135.92,136.74,135.76,136.61,20556.691
2024-08-31 10:00:00,136.61,137.48,136.46,137.1,12729.555
2024-08-31 11:00:00,137.1,137.38,136.81,137.0,11884.301
2024-08-31 12:00:00,137.0,137.29,136.54,136.91,12395.947
2024-08-31 13:00:00,136.91,137.08,135.78,135.8,13953.032
2024-08-31 14:00:00,135.8,136.52,135.55,136.21,32674.086
2024-08-31 15:00:00,136.21,136.66,135.87,136.63,17824.816
2024-08-31 16:00:00,136.63,136.69,135.63,136.11,8029.203
2024-08-31 17:00:00,136.11,136.3,134.88,135.72,22914.208
2024-08-31 18:00:00,135.72,136.54,135.31,135.42,16674.413
2024-08-31 19:00:00,135.42,135.52,134.56,134.97,18913.447
2024-08-31 20:00:00,134.97,135.56,134.48,135.32,15163.145
2024-08-31 21:00:00,135.32,136.29,135.08,135.92,11993.067
2024-08-31 22:00:00,135.92,136.23,135.32,135.39,8590.166
2024-08-31 23:00:00,135.39,135.63,134.86,135.33,9510.305
2024-09-01 00:00:00,135.33,135.62,134.97,135.37,12317.581
2024-09-01 01:00:00,135.37,135.5,133.49,133.62,21432.007
2024-09-01 02:00:00,133.62,133.96,132.86,133.96,18644.846
2024-09-01 03:00:00,133.96,134.46,133.67,134.08,13742.492
2024-09-01 04:00:00,134.08,134.08,133.31,133.68,7495.543
2024-09-01 05:00:00,133.68,133.92,131.01,131.58,39036.212
2024-09-01 06:00:00,131.58,132.79,131.45,132.7,16031.349
2024-09-01 07:00:00,132.7,133.03,132.13,132.82,48615.749
2024-09-01 08:00:00,132.82,132.87,131.26,131.46,36489.915
2024-09-01 09:00:00,131.46,132.25,130.68,131.22,48689.187
2024-09-01 10:00:00,131.22,131.41,130.28,130.47,66002.75
2024-09-01 11:00:00,130.47,131.99,130.2,131.92,29507.042
2024-09-01 12:00:00,131.92,132.17,130.94,131.05,26609.989
2024-09-01 13:00:00,131.05,131.67,130.21,131.57,29162.869
2024-09-01 14:00:00,131.57,132.7,130.0,131.87,68377.299
2024-09-01 15:00:00,131.87,134.9,131.49,134.27,79073.029
2024-09-01 16:00:00,134.27,134.74,132.67,132.94,44359.685
2024-09-01 17:00:00,132.94,133.51,131.84,132.65,25538.642
2024-09-01 18:00:00,132.65,135.36,132.46,134.74,63845.851
2024-09-01 19:00:00,134.74,135.98,134.06,135.23,37997.631
2024-09-01 20:00:00,135.23,136.16,134.46,134.94,33012.676
2024-09-01 21:00:00,134.94,135.0,133.1,133.85,22840.939
2024-09-01 22:00:00,133.85,133.99,128.05,129.11,86549.805
2024-09-01 23:00:00,129.11,130.52,127.71,128.47,109491.239
2024-09-02 00:00:00,128.47,130.37,128.23,129.68,62824.833
2024-09-02 01:00:00,129.68,130.48,129.11,129.75,34119.045
2024-09-02 02:00:00,129.75,130.71,128.45,129.26,49090.805
2024-09-02 03:00:00,129.26,130.56,129.26,130.19,25664.17
2024-09-02 04:00:00,130.19,130.39,127.0,127.55,75649.519
2024-09-02 05:00:00,127.55,129.97,127.4,129.09,82316.001
2024-09-02 06:00:00,129.09,129.76,128.32,128.81,20809.676
2024-09-02 07:00:00,128.81,129.42,126.91,127.65,44311.587
2024-09-02 08:00:00,127.65,130.67,127.22,129.91,64167.332
2024-09-02 09:00:00,129.91,131.86,129.02,131.68,65530.559
2024-09-02 10:00:00,131.68,132.91,131.26,132.07,56391.496
2024-09-02 11:00:00,132.07,132.67,131.53,131.85,32749.45
2024-09-02 12:00:00,131.85,132.47,131.34,131.93,28673.883
2024-09-02 13:00:00,131.93,132.47,130.69,130.76,46413.662
2024-09-02 14:00:00,130.76,133.34,130.0,132.91,61567.373
2024-09-02 15:00:00,132.91,133.46,132.36,132.53,38909.792
2024-09-02 16:00:00,132.53,133.44,131.7,131.89,31295.991
2024-09-02 17:00:00,131.89,133.66,131.87,133.3,29110.792
2024-09-02 18:00:00,133.3,133.89,132.49,133.26,21945.257
2024-09-02 19:00:00,133.26,133.53,132.79,133.04,13408.43
2024-09-02 20:00:00,133.04,135.01,132.79,134.58,29885.252
2024-09-02 21:00:00,134.58,135.07,133.86,134.18,32777.522
2024-09-02 22:00:00,134.18,134.93,133.97,134.82,25823.339
2024-09-02 23:00:00,134.82,135.38,134.58,134.94,19594.708
2024-09-03 00:00:00,134.94,135.19,134.21,135.05,19092.602
2024-09-03 01:00:00,135.05,135.46,134.52,135.45,17223.375
2024-09-03 02:00:00,135.45,137.67,135.36,135.78,57801.293
2024-09-03 03:00:00,135.78,136.25,135.39,135.53,29225.847
2024-09-03 04:00:00,135.53,135.91,134.51,134.93,31236.851
2024-09-03 05:00:00,134.93,135.55,134.51,135.02,24490.821
2024-09-03 06:00:00,135.02,135.02,133.51,133.68,21149.395
2024-09-03 07:00:00,133.68,134.91,133.68,134.62,27340.235
2024-09-03 08:00:00,134.62,134.66,132.74,133.17,30554.555
2024-09-03 09:00:00,133.17,134.05,133.14,133.57,24915.08
2024-09-03 10:00:00,133.57,134.4,133.43,133.89,34516.655
2024-09-03 11:00:00,133.89,134.51,133.67,134.37,28677.869
2024-09-03 12:00:00,134.37,135.49,134.29,134.38,27353.942
2024-09-03 13:00:00,134.38,134.74,131.18,131.56,68152.759
2024-09-03 14:00:00,131.56,131.56,130.12,130.28,60992.811
2024-09-03 15:00:00,130.28,130.82,129.29,129.8,54794.167
2024-09-03 16:00:00,129.8,130.62,129.31,129.9,40881.625
2024-09-03 17:00:00,129.9,131.5,129.84,130.16,22623.909
2024-09-03 18:00:00,130.16,131.24,129.73,130.99,28513.283
2024-09-03 19:00:00,130.99,132.22,130.78,130.97,31950.067
2024-09-03 20:00:00,130.97,131.63,130.1,130.61,25733.198
2024-09-03 21:00:00,130.61,130.72,129.31,130.15,22018.35
2024-09-03 22:00:00,130.15,130.4,129.45,129.49,21088.386
2024-09-03 23:00:00,129.49,129.58,127.14,127.55,61389.913
2024-09-04 00:00:00,127.55,128.87,126.52,126.7,55077.182
2024-09-04 01:00:00,126.7,127.64,122.6,126.81,227290.06
2024-09-04 02:00:00,126.81,127.59,126.21,127.13,37396.65
2024-09-04 03:00:00,127.13,128.02,127.03,127.69,30252.379
2024-09-04 04:00:00,127.69,127.95,126.91,127.82,19925.967
2024-09-04 05:00:00,127.82,127.82,126.61,126.85,46399.121
2024-09-04 06:00:00,126.85,128.87,126.85,128.19,45047.035
2024-09-04 07:00:00,128.19,131.45,128.09,130.3,95110.45
2024-09-04 08:00:00,130.3,130.71,129.73,129.93,33888.323
2024-09-04 09:00:00,129.93,130.69,129.54,129.62,31004.406
2024-09-04 10:00:00,129.62,129.83,128.39,128.57,41864.454
2024-09-04 11:00:00,128.57,129.33,128.11,128.43,19140.516
2024-09-04 12:00:00,128.43,129.62,128.06,128.68,30992.237
2024-09-04 13:00:00,128.68,129.46,127.88,129.32,46813.269
2024-09-04 14:00:00,129.32,133.56,128.65,132.87,125135.735
2024-09-04 15:00:00,132.87,134.16,131.75,133.82,95846.133
2024-09-04 16:00:00,133.82,135.0,132.94,133.88,53663.776
2024-09-04 17:00:00,133.88,134.12,132.55,132.61,39638.452
2024-09-04 18:00:00,132.61,133.55,132.57,133.0,25998.351
2024-09-04 19:00:00,133.0,133.88,132.68,133.19,17307.174
2024-09-04 20:00:00,133.19,134.11,132.85,133.88,23970.975
2024-09-04 21:00:00,133.88,134.46,133.59,134.27,13597.445
2024-09-04 22:00:00,134.27,134.7,133.43,134.08,17732.607
2024-09-04 23:00:00,134.08,134.37,133.21,133.63,13092.492
2024-09-05 00:00:00,133.63,134.36,132.87,132.91,22958.095
2024-09-05 01:00:00,132.91,134.29,132.91,133.88,18278.961
2024-09-05 02:00:00,133.88,134.17,133.0,133.04,20896.421
2024-09-05 03:00:00,133.04,133.04,131.24,131.59,29586.061
2024-09-05 04:00:00,131.59,134.26,131.28,133.44,25026.854
2024-09-05 05:00:00,133.44,133.6,132.2,132.4,19862.453
2024-09-05 06:00:00,132.4,132.63,130.82,132.09,33004.054
2024-09-05 07:00:00,132.09,133.38,131.96,133.1,22425.616
2024-09-05 08:00:00,133.1,133.88,132.37,132.75,41864.893
2024-09-05 09:00:00,132.75,132.86,131.68,132.23,24245.222
2024-09-05 10:00:00,132.23,132.8,131.77,132.49,17885.763
2024-09-05 11:00:00,132.49,133.17,132.03,132.83,18653.982
2024-09-05 12:00:00,132.83,134.24,131.85,133.39,52475.972
2024-09-05 13:00:00,133.39,134.91,133.17,134.59,57864.221
2024-09-05 14:00:00,134.59,135.68,131.88,131.88,77103.649
2024-09-05 15:00:00,131.88,132.35,130.17,130.59,69516.838
2024-09-05 16:00:00,130.59,131.11,129.43,130.06,44179.785
2024-09-05 17:00:00,130.06,130.86,129.58,130.8,33488.82
2024-09-05 18:00:00,130.8,131.12,130.04,130.51,25634.569
2024-09-05 19:00:00,130.51,130.66,127.94,128.45,67495.757
2024-09-05 20:00:00,128.45,129.03,128.14,128.35,27462.466
2024-09-05 21:00:00,128.35,129.73,128.28,129.5,28932.864
2024-09-05 22:00:00,129.5,129.92,128.36,129.58,22680.289
2024-09-05 23:00:00,129.58,129.72,129.08,129.41,14746.315
2024-09-06 00:00:00,129.41,129.89,128.65,129.43,19780.831
2024-09-06 01:00:00,129.43,130.63,128.79,130.33,27473.949
2024-09-06 02:00:00,130.33,131.51,129.96,131.25,27183.578
2024-09-06 03:00:00,131.25,131.57,130.7,130.73,17326.563
2024-09-06 04:00:00,130.73,131.19,130.36,130.44,13993.007
2024-09-06 05:00:00,130.44,130.66,129.52,130.23,27659.944
2024-09-06 06:00:00,130.23,130.44,129.71,130.24,21401.181
2024-09-06 07:00:00,130.24,130.28,127.43,128.07,63222.648
2024-09-06 08:00:00,128.07,129.19,127.98,128.52,44188.093
2024-09-06 09:00:00,128.52,129.57,128.29,129.36,26015.809
2024-09-06 10:00:00,129.36,131.09,129.35,130.47,63966.244
2024-09-06 11:00:00,130.47,130.71,129.79,130.25,38935.155
2024-09-06 12:00:00,130.25,134.13,129.64,133.57,174156.375
2024-09-06 13:00:00,133.57,134.32,130.62,130.8,106551.181
2024-09-06 14:00:00,130.8,130.83,128.41,129.15,136536.635
2024-09-06 15:00:00,129.15,130.05,126.85,128.08,96347.663
2024-09-06 16:00:00,128.08,128.35,125.41,126.49,121038.263
2024-09-06 17:00:00,126.49,127.93,125.36,126.75,90754.986
2024-09-06 18:00:00,126.75,126.92,124.77,124.82,76803.547
2024-09-06 19:00:00,124.82,126.27,123.91,125.13,137292.77
2024-09-06 20:00:00,125.13,126.03,120.79,121.21,279649.871
2024-09-06 21:00:00,121.21,124.73,120.27,124.69,161688.981
2024-09-06 22:00:00,124.69,125.38,123.92,124.68,69531.53
2024-09-06 23:00:00,124.68,125.3,124.51,125.02,43856.143
2024-09-07 00:00:00,125.02,125.74,124.78,124.9,31458.24
2024-09-07 01:00:00,124.9,125.21,124.11,124.54,25116.549
2024-09-07 02:00:00,124.54,125.42,124.34,125.12,17810.891
2024-09-07 03:00:00,125.12,125.47,125.02,125.16,14217.891
2024-09-07 04:00:00,125.16,126.23,125.09,126.17,16609.311
2024-09-07 05:00:00,126.17,127.25,126.04,126.89,41876.372
2024-09-07 06:00:00,126.89,127.47,126.75,127.41,35023.639
2024-09-07 07:00:00,127.41,128.48,127.07,127.61,38443.57
2024-09-07 08:00:00,127.61,127.81,126.81,127.47,19786.093
2024-09-07 09:00:00,127.47,127.67,126.77,127.14,15089.931
2024-09-07 10:00:00,127.14,127.55,126.88,126.9,24793.471
2024-09-07 11:00:00,126.9,127.44,126.73,126.99,15936.33
2024-09-07 12:00:00,126.99,127.77,126.99,127.38,15748.607
2024-09-07 13:00:00,127.38,127.77,126.9,127.06,20655.224
2024-09-07 14:00:00,127.06,127.93,126.96,127.93,20729.04
2024-09-07 15:00:00,127.93,129.49,127.89,128.83,45994.802
2024-09-07 16:00:00,128.83,129.18,127.42,127.5,34623.416
2024-09-07 17:00:00,127.5,127.96,126.61,126.79,30113.616
2024-09-07 18:00:00,126.79,127.91,126.22,127.61,39646.51
2024-09-07 19:00:00,127.61,128.86,127.48,128.32,18859.809
2024-09-07 20:00:00,128.32,128.42,127.29,127.29,12571.084
2024-09-07 21:00:00,127.29,127.87,126.67,126.89,15705.491
2024-09-07 22:00:00,126.89,127.29,126.56,126.8,14592.563
2024-09-07 23:00:00,126.8,127.86,126.43,127.73,15483.622
2024-09-08 00:00:00,127.73,127.93,126.89,127.56,17831.207
2024-09-08 01:00:00,127.56,128.27,127.51,127.9,13199.246
2024-09-08 02:00:00,127.9,128.43,127.88,128.21,13643.101
2024-09-08 03:00:00,128.21,128.51,127.82,128.28,7843.43
2024-09-08 04:00:00,128.28,128.73,128.06,128.49,9814.52
2024-09-08 05:00:00,128.49,128.5,127.86,127.88,11928.711
2024-09-08 06:00:00,127.88,128.51,127.84,128.29,9876.015
2024-09-08 07:00:00,128.29,130.13,128.29,129.59,32521.186
2024-09-08 08:00:00,129.59,129.88,129.19,129.83,21607.478
2024-09-08 09:00:00,129.83,130.99,129.64,129.65,28803.363
2024-09-08 10:00:00,129.65,130.74,129.65,130.67,17300.308
2024-09-08 11:00:00,130.67,130.94,130.0,130.1,10697.01
2024-09-08 12:00:00,130.1,130.28,128.65,128.76,22496.036
2024-09-08 13:00:00,128.76,129.08,128.32,128.97,22125.424
2024-09-08 14:00:00,128.97,129.17,127.61,127.66,29480.879
2024-09-08 15:00:00,127.66,127.98,126.6,126.75,51768.818
2024-09-08 16:00:00,126.75,128.33,126.62,127.74,23835.113
2024-09-08 17:00:00,127.74,129.33,127.71,129.21,20725.299
2024-09-08 18:00:00,129.21,129.32,128.64,128.79,16222.741
2024-09-08 19:00:00,128.79,129.1,128.4,128.71,7917.347
2024-09-08 20:00:00,128.71,128.94,128.33,128.82,9098.93
2024-09-08 21:00:00,128.82,129.89,128.79,129.18,24283.561
2024-09-08 22:00:00,129.18,131.73,128.72,129.39,97081.779
2024-09-08 23:00:00,129.39,130.32,129.19,130.16,25829.582
2024-09-09 00:00:00,130.16,131.05,129.16,130.12,30040.077
2024-09-09 01:00:00,130.12,130.89,129.23,129.86,33245.501
2024-09-09 02:00:00,129.86,129.96,128.37,129.34,22713.82
2024-09-09 03:00:00,129.34,129.38,127.95,128.61,31330.579
2024-09-09 04:00:00,128.61,128.84,127.89,128.32,17798.495
2024-09-09 05:00:00,128.32,128.55,127.52,127.83,20571.663
2024-09-09 06:00:00,127.83,128.74,127.69,128.64,18434.4
2024-09-09 07:00:00,128.64,129.41,128.23,129.31,25915.27
2024-09-09 08:00:00,129.31,130.24,129.24,130.0,51730.594
2024-09-09 09:00:00,130.0,131.07,129.32,129.49,57497.292
2024-09-09 10:00:00,129.49,130.42,129.25,129.93,55130.345
2024-09-09 11:00:00,129.93,129.99,129.26,129.44,19257.562
2024-09-09 12:00:00,129.44,129.52,128.53,129.33,31519.939
2024-09-09 13:00:00,129.33,130.21,128.68,129.74,55788.219
2024-09-09 14:00:00,129.74,130.07,126.95,127.15,68055.821
2024-09-09 15:00:00,127.15,128.65,127.05,128.4,31731.865
2024-09-09 16:00:00,128.4,133.23,128.26,132.67,167940.666
2024-09-09 17:00:00,132.67,133.86,132.46,132.9,87797.973
2024-09-09 18:00:00,132.9,133.51,132.19,133.24,79647.738
2024-09-09 19:00:00,133.24,135.0,133.05,134.98,54165.008
2024-09-09 20:00:00,134.98,135.31,133.7,134.72,34541.54
2024-09-09 21:00:00,134.72,137.12,134.46,135.09,80022.363
2024-09-09 22:00:00,135.09,135.68,133.96,134.45,36414.245
2024-09-09 23:00:00,134.45,135.25,134.08,135.04,26420.814
2024-09-10 00:00:00,135.04,135.21,133.45,134.02,36234.266
2024-09-10 01:00:00,134.02,134.22,132.97,133.4,19478.918
2024-09-10 02:00:00,133.4,133.62,132.85,133.39,18712.035
2024-09-10 03:00:00,133.39,133.56,132.81,132.94,13564.077
2024-09-10 04:00:00,132.94,133.52,132.53,133.0,13100.382
2024-09-10 05:00:00,133.0,134.61,132.86,134.61,26698.39
2024-09-10 06:00:00,134.61,134.61,133.75,133.93,31909.89
2024-09-10 07:00:00,133.93,135.32,133.72,135.0,41574.811
2024-09-10 08:00:00,135.0,135.55,134.38,134.68,49659.642
2024-09-10 09:00:00,134.68,135.05,134.25,134.55,22215.096
2024-09-10 10:00:00,134.55,135.18,134.04,134.95,27613.569
2024-09-10 11:00:00,134.95,135.37,134.59,135.23,14487.746
2024-09-10 12:00:00,135.23,135.6,134.32,134.46,18177.692
2024-09-10 13:00:00,134.46,134.53,133.34,134.03,37654.275
2024-09-10 14:00:00,134.03,136.09,133.69,135.16,63509.878
2024-09-10 15:00:00,135.16,136.38,134.09,134.1,51828.069
2024-09-10 16:00:00,134.1,134.91,133.75,134.49,37239.613
2024-09-10 17:00:00,134.49,136.64,134.37,135.77,57902.935
2024-09-10 18:00:00,135.77,138.0,135.77,136.75,61868.182
2024-09-10 19:00:00,136.75,137.04,135.81,136.66,28866.661
2024-09-10 20:00:00,136.66,136.84,135.67,135.67,13421.158
2024-09-10 21:00:00,135.67,136.11,135.15,135.41,18293.018
2024-09-10 22:00:00,135.41,136.1,135.17,135.97,18610.044
2024-09-10 23:00:00,135.97,136.11,135.37,135.64,24958.225
2024-09-11 00:00:00,135.64,135.91,135.08,135.55,13304.198
2024-09-11 01:00:00,135.55,135.58,133.23,133.4,53932.101
2024-09-11 02:00:00,133.4,134.49,133.35,133.99,32013.044
2024-09-11 03:00:00,133.99,134.12,133.32,133.64,24567.804
2024-09-11 04:00:00,133.64,133.64,131.58,132.25,92894.053
2024-09-11 05:00:00,132.25,132.28,131.19,131.36,65599.987
2024-09-11 06:00:00,131.36,132.24,131.04,131.62,46245.968
2024-09-11 07:00:00,131.62,132.55,131.53,132.41,40170.82
2024-09-11 08:00:00,132.41,132.42,130.88,131.32,59396.783
2024-09-11 09:00:00,131.32,131.78,131.15,131.52,14593.232
2024-09-11 10:00:00,131.52,131.53,130.36,130.96,24115.397
2024-09-11 11:00:00,130.96,132.23,130.96,131.97,23807.775
2024-09-11 12:00:00,131.97,132.69,130.68,131.97,63816.369
2024-09-11 13:00:00,131.97,133.35,129.41,129.61,71529.904
2024-09-11 14:00:00,129.61,130.08,128.17,129.77,77690.95
2024-09-11 15:00:00,129.77,132.36,129.1,131.18,87353.377
2024-09-11 16:00:00,131.18,132.46,131.05,131.99,30033.854
2024-09-11 17:00:00,131.99,133.49,131.92,133.07,54769.036
2024-09-11 18:00:00,133.07,133.58,131.82,132.25,51378.585
2024-09-11 19:00:00,132.25,132.91,131.64,132.68,21956.256
2024-09-11 20:00:00,132.68,133.1,132.33,132.61,18281.305
2024-09-11 21:00:00,132.61,132.89,132.02,132.36,8626.549
2024-09-11 22:00:00,132.36,132.61,132.09,132.59,7174.668
2024-09-11 23:00:00,132.59,132.81,132.22,132.41,13128.832
2024-09-12 00:00:00,132.41,134.23,132.37,133.58,46461.734
2024-09-12 01:00:00,133.58,134.96,133.58,134.78,45910.112
2024-09-12 02:00:00,134.78,136.0,134.72,135.42,60306.101
2024-09-12 03:00:00,135.42,136.01,135.08,135.66,38557.298
2024-09-12 04:00:00,135.66,136.29,135.1,135.22,36016.906
2024-09-12 05:00:00,135.22,135.52,134.48,134.9,28222.779
2024-09-12 06:00:00,134.9,135.47,134.31,134.58,14153.607
2024-09-12 07:00:00,134.58,135.27,134.45,134.91,11103.881
2024-09-12 08:00:00,134.91,135.39,134.76,134.92,16785.117
2024-09-12 09:00:00,134.92,135.09,134.4,134.46,14703.13
2024-09-12 10:00:00,134.46,134.82,134.19,134.32,8967.472
2024-09-12 11:00:00,134.32,135.07,134.17,134.8,12283.519
2024-09-12 12:00:00,134.8,135.23,134.07,134.17,33581.516
2024-09-12 13:00:00,134.17,135.13,133.91,134.51,35843.868
2024-09-12 14:00:00,134.51,136.8,134.29,134.32,58479.072
2024-09-12 15:00:00,134.32,135.51,133.42,133.55,37400.008
2024-09-12 16:00:00,133.55,134.84,133.5,134.76,19235.857
2024-09-12 17:00:00,134.76,135.6,134.43,135.27,44649.524
2024-09-12 18:00:00,135.27,135.75,134.63,135.11,45890.728
2024-09-12 19:00:00,135.11,135.77,135.0,135.75,23402.993
2024-09-12 20:00:00,135.75,136.21,135.05,135.88,23601.23
2024-09-12 21:00:00,135.88,136.44,135.23,135.52,33046.121
2024-09-12 22:00:00,135.52,136.76,135.47,136.37,25147.837
2024-09-12 23:00:00,136.37,136.46,136.01,136.05,14010.257
2024-09-13 00:00:00,136.05,136.22,135.42,135.5,15044.584
2024-09-13 01:00:00,135.5,135.64,134.36,134.85,17769.299
2024-09-13 02:00:00,134.85,135.05,134.43,134.67,10279.261
2024-09-13 03:00:00,134.67,134.96,134.37,134.44,7681.154
2024-09-13 04:00:00,134.44,134.78,134.11,134.28,8916.904
2024-09-13 05:00:00,134.28,134.85,134.27,134.68,7552.156
2024-09-13 06:00:00,134.68,134.7,133.77,133.8,12702.969
2024-09-13 07:00:00,133.8,134.61,133.74,134.58,21792.362
2024-09-13 08:00:00,134.58,134.67,133.81,133.86,7671.362
2024-09-13 09:00:00,133.86,134.41,133.58,133.6,11789.279
2024-09-13 10:00:00,133.6,134.34,133.11,134.14,25909.65
2024-09-13 11:00:00,134.14,134.17,132.49,132.57,31518.571
2024-09-13 12:00:00,132.57,132.82,131.66,132.44,59268.772
2024-09-13 13:00:00,132.44,132.84,131.8,132.68,19539.292
2024-09-13 14:00:00,132.68,133.91,132.02,133.87,27414.549
2024-09-13 15:00:00,133.87,136.75,133.73,136.62,95029.523
2024-09-13 16:00:00,136.62,137.62,135.95,136.46,65336.621
2024-09-13 17:00:00,136.46,137.85,136.46,136.72,51009.214
2024-09-13 18:00:00,136.72,138.24,136.57,137.73,48853.054
2024-09-13 19:00:00,137.73,138.22,137.51,138.08,31479.116
2024-09-13 20:00:00,138.08,138.84,137.93,138.17,30751.788
2024-09-13 21:00:00,138.17,139.68,138.14,138.76,34674.553
2024-09-13 22:00:00,138.76,139.85,138.76,139.39,26431.261
2024-09-13 23:00:00,139.39,139.43,138.36,138.99,22764.779
2024-09-14 00:00:00,138.99,139.34,138.46,138.54,10184.728
2024-09-14 01:00:00,138.54,139.55,138.51,139.19,13285.411
2024-09-14 02:00:00,139.19,139.61,138.9,138.94,8863.636
2024-09-14 03:00:00,138.94,139.77,138.93,139.4,11168.279
2024-09-14 04:00:00,139.4,139.58,139.06,139.11,18280.403
2024-09-14 05:00:00,139.11,139.32,137.92,138.0,15354.015
2024-09-14 06:00:00,138.0,138.3,137.49,137.9,21214.29
2024-09-14 07:00:00,137.9,137.91,137.37,137.5,12428.222
2024-09-14 08:00:00,137.5,137.56,136.66,137.01,10896.339
2024-09-14 09:00:00,137.01,137.55,136.86,137.53,28519.951
2024-09-14 10:00:00,137.53,137.53,136.82,137.13,13491.726
2024-09-14 11:00:00,137.13,137.13,136.5,136.79,13325.499
2024-09-14 12:00:00,136.79,137.34,136.56,137.04,7847.084
2024-09-14 13:00:00,137.04,137.21,136.63,137.14,8555.115
2024-09-14 14:00:00,137.14,138.16,136.87,137.88,13113.161
2024-09-14 15:00:00,137.88,137.94,137.09,137.37,7148.222
2024-09-14 16:00:00,137.37,137.87,137.19,137.41,11930.569
2024-09-14 17:00:00,137.41,137.41,136.87,136.97,6106.515
2024-09-14 18:00:00,136.97,137.11,135.6,136.96,41399.358
2024-09-14 19:00:00,136.96,136.96,136.48,136.57,10217.975
2024-09-14 20:00:00,136.57,137.31,136.57,137.01,13699.515
2024-09-14 21:00:00,137.01,137.3,136.88,136.98,8163.256
2024-09-14 22:00:00,136.98,137.34,136.79,137.15,7385.09
2024-09-14 23:00:00,137.15,137.36,136.95,137.13,3622.851
2024-09-15 00:00:00,137.13,137.96,137.06,137.47,19105.322
2024-09-15 01:00:00,137.47,137.91,137.23,137.88,8875.377
2024-09-15 02:00:00,137.88,137.97,137.4,137.74,5973.863
2024-09-15 03:00:00,137.74,137.83,137.43,137.44,4196.521
2024-09-15 04:00:00,137.44,137.56,136.94,137.0,5884.176
2024-09-15 05:00:00,137.0,137.32,136.83,137.09,5773.599
2024-09-15 06:00:00,137.09,137.48,137.09,137.4,4800.138
2024-09-15 07:00:00,137.4,137.44,136.91,137.16,8162.118
2024-09-15 08:00:00,137.16,137.18,136.55,136.75,9175.654
2024-09-15 09:00:00,136.75,136.87,136.35,136.47,5553.299
2024-09-15 10:00:00,136.47,136.56,135.86,135.93,10949.49
2024-09-15 11:00:00,135.93,135.93,135.17,135.59,15129.061
2024-09-15 12:00:00,135.59,135.94,135.12,135.94,9831.51
2024-09-15 13:00:00,135.94,136.38,135.51,135.76,13563.195
2024-09-15 14:00:00,135.76,136.0,134.64,135.78,25502.984
2024-09-15 15:00:00,135.78,135.97,134.84,135.73,31620.88
2024-09-15 16:00:00,135.73,135.79,133.62,133.86,39304.284
2024-09-15 17:00:00,133.86,134.16,132.95,133.39,57510.775
2024-09-15 18:00:00,133.39,134.42,133.26,133.69,31419.008
2024-09-15 19:00:00,133.69,134.18,133.4,133.47,15900.004
2024-09-15 20:00:00,133.47,133.48,132.78,133.15,29049.88
2024-09-15 21:00:00,133.15,133.16,131.76,132.13,32520.445
2024-09-15 22:00:00,132.13,132.19,131.18,131.87,21362.781
2024-09-15 23:00:00,131.87,132.3,130.37,131.39,49541.467
2024-09-16 00:00:00,131.39,131.85,130.9,131.06,26095.956
2024-09-16 01:00:00,131.06,131.08,129.76,130.17,24291.851
2024-09-16 02:00:00,130.17,130.51,129.24,129.67,26034.344
2024-09-16 03:00:00,129.67,130.68,129.57,130.6,16050.538
2024-09-16 04:00:00,130.6,131.02,130.52,130.61,20320.184
2024-09-16 05:00:00,130.61,131.35,130.56,131.28,13714.177
2024-09-16 06:00:00,131.28,131.41,130.4,130.63,19226.166
2024-09-16 07:00:00,130.63,131.39,130.49,131.25,12317.128
2024-09-16 08:00:00,131.25,132.41,131.08,131.73,17382.796
2024-09-16 09:00:00,131.73,132.32,130.84,130.91,19621.434
2024-09-16 10:00:00,130.91,132.31,130.69,132.01,20924.124
2024-09-16 11:00:00,132.01,132.21,131.72,131.88,13976.105
2024-09-16 12:00:00,131.88,132.34,131.46,131.71,15468.939
2024-09-16 13:00:00,131.71,132.26,131.12,132.24,21783.246
2024-09-16 14:00:00,132.24,132.38,129.93,130.4,33698.998
2024-09-16 15:00:00,130.4,131.97,130.29,131.49,39841.189
2024-09-16 16:00:00,131.49,131.74,130.43,130.52,25302.326
2024-09-16 17:00:00,130.52,131.79,128.92,131.46,79940.036
2024-09-16 18:00:00,131.46,131.61,129.96,130.53,32804.079
2024-09-16 19:00:00,130.53,131.33,130.2,131.12,35644.044
2024-09-16 20:00:00,131.12,131.63,130.1,130.12,25114.443
2024-09-16 21:00:00,130.12,131.53,129.92,131.48,16740.829
2024-09-16 22:00:00,131.48,131.53,130.44,130.72,29737.043
2024-09-16 23:00:00,130.72,131.93,130.72,131.47,12734.394
2024-09-17 00:00:00,131.47,131.96,130.66,130.68,17043.757
2024-09-17 01:00:00,130.68,131.21,130.31,130.57,15133.872
2024-09-17 02:00:00,130.57,131.51,130.17,130.81,27450.012
2024-09-17 03:00:00,130.81,131.45,130.7,131.15,14938.546
2024-09-17 04:00:00,131.15,131.5,130.75,131.3,8014.191
2024-09-17 05:00:00,131.3,132.87,131.28,132.6,16929.586
2024-09-17 06:00:00,132.6,132.73,131.93,132.0,23616.486
2024-09-17 07:00:00,132.0,132.43,131.85,132.27,8053.614
2024-09-17 08:00:00,132.27,132.82,132.26,132.48,12051.855
2024-09-17 09:00:00,132.48,132.85,131.75,132.48,19637.614
2024-09-17 10:00:00,132.48,133.38,132.13,132.71,32690.605
2024-09-17 11:00:00,132.71,133.1,131.78,131.94,17368.511
2024-09-17 12:00:00,131.94,132.48,131.44,132.37,41225.167
2024-09-17 13:00:00,132.37,132.68,130.91,131.13,20941.536
2024-09-17 14:00:00,131.13,134.92,130.99,133.52,98090.345
2024-09-17 15:00:00,133.52,135.56,133.42,134.67,64655.52
2024-09-17 16:00:00,134.67,134.95,132.02,132.38,68173.104
2024-09-17 17:00:00,132.38,133.69,132.19,133.13,32560.339
2024-09-17 18:00:00,133.13,133.48,131.97,132.46,23357.499
2024-09-17 19:00:00,132.46,132.82,131.06,132.24,40242.421
2024-09-17 20:00:00,132.24,132.65,131.71,131.98,30444.484
2024-09-17 21:00:00,131.98,132.72,131.94,132.51,10176.674
2024-09-17 22:00:00,132.51,132.52,131.68,131.73,10519.702
2024-09-17 23:00:00,131.73,131.73,131.19,131.53,13356.194
2024-09-18 00:00:00,131.53,131.66,130.22,131.31,25954.22
2024-09-18 01:00:00,131.31,131.61,130.66,130.9,11150.322
2024-09-18 02:00:00,130.9,131.7,130.78,131.68,7303.769
2024-09-18 03:00:00,131.68,132.14,131.63,131.67,14210.997
2024-09-18 04:00:00,131.67,131.85,130.61,131.09,12014.355
2024-09-18 05:00:00,131.09,131.2,130.62,130.96,12674.067
2024-09-18 06:00:00,130.96,131.35,130.76,131.28,15043.735
2024-09-18 07:00:00,131.28,131.54,131.13,131.32,6811.241
2024-09-18 08:00:00,131.32,131.34,130.57,130.78,12185.292
2024-09-18 09:00:00,130.78,130.82,129.18,129.19,28909.124
2024-09-18 10:00:00,129.19,129.58,128.11,129.42,49721.817
2024-09-18 11:00:00,129.42,129.87,128.86,129.41,21604.043
2024-09-18 12:00:00,129.41,130.06,128.78,129.98,31113.372
2024-09-18 13:00:00,129.98,130.34,128.15,128.68,45345.242
2024-09-18 14:00:00,128.68,128.95,127.74,128.05,45418.881
2024-09-18 15:00:00,128.05,128.55,127.12,127.67,49655.062
2024-09-18 16:00:00,127.67,129.03,127.26,128.95,31576.605
2024-09-18 17:00:00,128.95,129.76,127.85,129.22,30756.198
2024-09-18 18:00:00,129.22,133.11,128.88,131.34,274014.18
2024-09-18 19:00:00,131.34,131.38,128.85,129.49,110323.292
2024-09-18 20:00:00,129.49,130.9,128.43,130.79,36013.868
2024-09-18 21:00:00,130.79,131.75,130.65,131.17,27884.473
2024-09-18 22:00:00,131.17,131.71,130.73,131.45,20311.509
2024-09-18 23:00:00,131.45,134.43,131.45,134.35,38972.381
2024-09-19 00:00:00,134.35,136.52,134.29,135.81,120082.746
2024-09-19 01:00:00,135.81,136.06,134.75,135.45,60668.812
2024-09-19 02:00:00,135.45,137.33,135.03,137.17,51268.96
2024-09-19 03:00:00,137.17,138.69,137.17,138.02,48230.064
2024-09-19 04:00:00,138.02,139.15,137.77,138.92,42294.299
2024-09-19 05:00:00,138.92,139.13,138.2,138.37,44431.271
2024-09-19 06:00:00,138.37,139.0,137.63,138.49,28173.441
2024-09-19 07:00:00,138.49,138.97,138.04,138.58,39809.867
2024-09-19 08:00:00,138.58,139.02,138.4,138.44,25075.447
2024-09-19 09:00:00,138.44,139.23,138.26,138.65,23756.863
2024-09-19 10:00:00,138.65,139.52,138.51,138.61,25331.783
2024-09-19 11:00:00,138.61,139.64,138.54,139.47,22756.581
2024-09-19 12:00:00,139.47,140.94,139.44,140.59,51695.168
2024-09-19 13:00:00,140.59,141.75,140.09,140.48,65317.377
2024-09-19 14:00:00,140.48,142.0,140.39,140.88,54965.836
2024-09-19 15:00:00,140.88,143.04,140.72,142.97,55944.767
2024-09-19 16:00:00,142.97,143.99,142.47,143.23,73998.67
2024-09-19 17:00:00,143.23,143.8,142.61,143.12,37593.088
2024-09-19 18:00:00,143.12,143.87,143.05,143.73,29222.638
2024-09-19 19:00:00,143.73,144.06,142.96,143.01,25638.026
2024-09-19 20:00:00,143.01,143.8,143.01,143.65,21552.947
2024-09-19 21:00:00,143.65,143.75,141.66,141.71,27441.976
2024-09-19 22:00:00,141.71,142.83,141.06,142.44,68585.926
2024-09-19 23:00:00,142.44,142.93,142.14,142.89,19441.815
2024-09-20 00:00:00,142.89,143.42,141.77,141.8,29895.632
2024-09-20 01:00:00,141.8,142.58,141.19,142.14,35145.836
2024-09-20 02:00:00,142.14,142.55,141.33,142.48,24425.328
2024-09-20 03:00:00,142.48,144.7,142.35,144.66,29711.588
2024-09-20 04:00:00,144.66,148.84,144.44,148.16,158685.072
2024-09-20 05:00:00,148.16,149.64,147.32,148.42,52561.873
2024-09-20 06:00:00,148.42,152.44,147.79,151.39,88837.425
2024-09-20 07:00:00,151.39,151.52,149.32,151.01,80817.896
2024-09-20 08:00:00,151.01,151.78,150.0,150.79,52490.273
2024-09-20 09:00:00,150.79,151.75,150.52,150.95,30270.729
2024-09-20 10:00:00,150.95,151.64,150.21,151.59,30327.622
2024-09-20 11:00:00,151.59,151.65,150.14,150.58,34833.366
2024-09-20 12:00:00,150.58,151.15,150.24,150.43,30815.996
2024-09-20 13:00:00,150.43,150.61,146.83,147.25,96472.839
2024-09-20 14:00:00,147.25,149.32,145.93,147.81,105182.06
2024-09-20 15:00:00,147.81,148.72,146.72,147.85,48395.721
2024-09-20 16:00:00,147.85,148.42,147.15,147.67,26780.4
2024-09-20 17:00:00,147.67,147.99,145.75,145.86,35441.487
2024-09-20 18:00:00,145.86,146.39,144.79,146.24,54104.825
2024-09-20 19:00:00,146.24,147.35,145.9,146.69,22885.462
2024-09-20 20:00:00,146.69,147.27,146.33,146.63,13000.022
2024-09-20 21:00:00,146.63,148.03,146.59,147.25,28833.123
2024-09-20 22:00:00,147.25,147.73,146.82,147.17,9770.187
2024-09-20 23:00:00,147.17,147.17,146.27,146.68,11910.476
2024-09-21 00:00:00,146.68,148.02,145.77,147.17,23080.726
2024-09-21 01:00:00,147.17,147.39,145.31,145.36,17549.639
2024-09-21 02:00:00,145.36,145.91,145.01,145.58,14206.904
2024-09-21 03:00:00,145.58,146.61,145.38,145.96,13555.423
2024-09-21 04:00:00,145.96,146.2,144.57,145.37,30070.649
2024-09-21 05:00:00,145.37,146.09,145.16,145.93,20018.736
2024-09-21 06:00:00,145.93,147.21,145.72,146.8,16005.738
2024-09-21 07:00:00,146.8,147.77,146.71,147.43,13443.819
2024-09-21 08:00:00,147.43,147.94,146.95,147.08,14240.245
2024-09-21 09:00:00,147.08,147.76,146.99,147.5,28344.898
2024-09-21 10:00:00,147.5,147.53,146.43,146.83,9235.195
2024-09-21 11:00:00,146.83,147.33,146.71,147.2,11204.13
2024-09-21 12:00:00,147.2,147.47,146.67,147.46,8575.433
2024-09-21 13:00:00,147.46,148.63,146.96,148.52,27780.431
2024-09-21 14:00:00,148.52,149.47,148.24,149.05,46006.192
2024-09-21 15:00:00,149.05,149.06,147.42,147.62,23241.011
2024-09-21 16:00:00,147.62,148.15,147.17,147.83,15178.34
2024-09-21 17:00:00,147.83,148.51,147.54,148.09,14664.479
2024-09-21 18:00:00,148.09,148.76,147.76,147.8,23127.217
2024-09-21 19:00:00,147.8,148.17,147.25,147.38,11621.944
2024-09-21 20:00:00,147.38,147.83,147.19,147.6,5878.472
2024-09-21 21:00:00,147.6,148.18,147.35,147.8,7984.72
2024-09-21 22:00:00,147.8,148.58,147.79,148.58,8979.223
2024-09-21 23:00:00,148.58,149.86,148.27,149.43,26768.257
2024-09-22 00:00:00,149.43,149.92,148.17,148.84,19771.384
2024-09-22 01:00:00,148.84,148.95,147.72,147.87,9061.931
2024-09-22 02:00:00,147.87,148.08,147.11,147.66,19005.858
2024-09-22 03:00:00,147.66,148.27,147.46,148.11,21281.514
2024-09-22 04:00:00,148.11,149.0,148.07,148.41,14245.612
2024-09-22 05:00:00,148.41,148.51,147.16,147.25,16892.765
2024-09-22 06:00:00,147.25,147.57,146.35,146.53,18369.916
2024-09-22 07:00:00,146.53,147.19,146.42,147.19,13014.566
2024-09-22 08:00:00,147.19,147.58,146.87,147.31,8847.068
2024-09-22 09:00:00,147.31,147.32,144.92,144.99,45782.755
2024-09-22 10:00:00,144.99,145.53,144.37,145.04,22075.891
2024-09-22 11:00:00,145.04,145.13,144.15,144.85,24214.729
2024-09-22 12:00:00,144.85,145.18,144.41,144.82,15189.053
2024-09-22 13:00:00,144.82,144.98,143.31,143.61,27319.245
2024-09-22 14:00:00,143.61,144.1,142.6,143.34,24049.751
2024-09-22 15:00:00,143.34,143.87,143.03,143.13,18355.965
2024-09-22 16:00:00,143.13,143.84,142.41,143.59,38383.167
2024-09-22 17:00:00,143.59,145.44,143.51,145.03,31887.685
2024-09-22 18:00:00,145.03,145.05,143.72,144.19,19368.35
2024-09-22 19:00:00,144.19,144.91,143.26,144.64,13668.831
2024-09-22 20:00:00,144.64,145.2,144.31,144.44,23290.501
2024-09-22 21:00:00,144.44,144.97,141.73,141.9,36919.345
2024-09-22 22:00:00,141.9,145.76,141.11,145.48,83024.616
2024-09-22 23:00:00,145.48,145.78,144.22,144.64,25113.987
2024-09-23 00:00:00,144.64,146.47,142.11,145.6,67724.541
2024-09-23 01:00:00,145.6,147.53,145.34,146.69,45681.177
2024-09-23 02:00:00,146.69,146.99,145.9,146.75,33974.906
2024-09-23 03:00:00,146.75,149.08,146.62,147.76,76965.491
2024-09-23 04:00:00,147.76,148.26,146.54,147.02,30817.768
2024-09-23 05:00:00,147.02,147.19,146.1,146.68,19662.591
2024-09-23 06:00:00,146.68,147.36,146.45,146.92,17286.441
2024-09-23 07:00:00,146.92,147.06,145.18,145.52,26328.61
2024-09-23 08:00:00,145.52,145.64,143.44,143.73,42410.55
2024-09-23 09:00:00,143.73,145.05,143.62,144.74,28594.157
2024-09-23 10:00:00,144.74,144.87,143.43,143.92,33409.815
2024-09-23 11:00:00,143.92,144.03,143.09,143.57,34422.54
2024-09-23 12:00:00,143.57,143.66,142.63,143.13,34523.108
2024-09-23 13:00:00,143.13,143.81,142.58,143.1,27588.054
2024-09-23 14:00:00,143.1,145.5,142.84,143.75,85111.025
2024-09-23 15:00:00,143.75,144.95,142.72,144.26,46437.375
2024-09-23 16:00:00,144.26,145.04,143.03,143.19,42108.531
2024-09-23 17:00:00,143.19,143.71,142.76,143.5,20467.269
2024-09-23 18:00:00,143.5,144.33,143.4,143.91,20778.529
2024-09-23 19:00:00,143.91,144.21,143.2,143.33,14374.985
2024-09-23 20:00:00,143.33,143.71,143.06,143.38,11721.358
2024-09-23 21:00:00,143.38,144.35,142.4,144.12,62934.999
2024-09-23 22:00:00,144.12,144.51,143.68,144.39,15601.535
2024-09-23 23:00:00,144.39,145.22,144.03,144.78,18980.212
2024-09-24 00:00:00,144.78,145.23,143.08,143.97,56532.18
2024-09-24 01:00:00,143.97,145.22,143.15,144.37,37371.508
2024-09-24 02:00:00,144.37,146.78,143.33,146.66,56169.124
2024-09-24 03:00:00,146.66,146.88,145.78,146.64,31650.012
2024-09-24 04:00:00,146.64,146.93,145.36,145.54,31018.661
2024-09-24 05:00:00,145.54,146.55,145.47,146.24,24041.178
2024-09-24 06:00:00,146.24,146.73,145.78,146.25,22033.302
2024-09-24 07:00:00,146.25,147.35,146.09,147.2,25860.729
2024-09-24 08:00:00,147.2,148.8,147.05,148.32,60600.426
2024-09-24 09:00:00,148.32,148.52,146.49,146.55,32594.405
2024-09-24 10:00:00,146.55,147.17,146.34,146.68,20748.786
2024-09-24 11:00:00,146.68,146.77,145.98,146.46,22552.254
2024-09-24 12:00:00,146.46,147.87,146.46,147.35,33354.265
2024-09-24 13:00:00,147.35,148.53,146.99,147.45,42816.469
2024-09-24 14:00:00,147.45,147.48,144.17,145.74,111035.878
2024-09-24 15:00:00,145.74,146.18,144.94,145.55,37597.677
2024-09-24 16:00:00,145.55,146.69,145.32,146.49,32391.693
2024-09-24 17:00:00,146.49,148.48,146.32,147.41,61734.548
2024-09-24 18:00:00,147.41,147.89,146.54,147.08,35430.915
2024-09-24 19:00:00,147.08,148.47,146.63,148.27,32364.382
2024-09-24 20:00:00,148.27,149.8,148.01,148.48,82241.487
2024-09-24 21:00:00,148.48,148.98,148.1,148.76,18992.095
2024-09-24 22:00:00,148.76,154.0,148.76,153.35,157361.51
2024-09-24 23:00:00,153.35,153.8,152.42,152.72,63320.949
2024-09-25 00:00:00,152.72,153.79,151.69,151.98,93445.449
2024-09-25 01:00:00,151.98,153.95,151.79,152.52,52690.97
2024-09-25 02:00:00,152.52,152.72,151.41,151.61,25792.55
2024-09-25 03:00:00,151.61,152.47,151.05,152.0,24196.216
2024-09-25 04:00:00,152.0,152.24,150.65,150.69,24446.74
2024-09-25 05:00:00,150.69,151.31,150.18,150.29,33920.801
2024-09-25 06:00:00,150.29,150.56,149.51,149.81,40701.96
2024-09-25 07:00:00,149.81,149.99,148.98,149.78,27558.527
2024-09-25 08:00:00,149.78,150.41,149.67,150.3,20127.858
2024-09-25 09:00:00,150.3,150.64,149.78,149.84,23441.0
2024-09-25 10:00:00,149.84,150.45,149.43,150.03,24429.736
2024-09-25 11:00:00,150.03,151.01,149.92,150.96,28506.591
2024-09-25 12:00:00,150.96,151.04,149.84,149.96,18856.671
2024-09-25 13:00:00,149.96,150.98,149.7,150.79,29368.906
2024-09-25 14:00:00,150.79,151.94,150.63,151.81,31914.782
2024-09-25 15:00:00,151.81,153.01,150.32,150.43,46808.311
2024-09-25 16:00:00,150.43,151.97,150.23,151.5,28148.215
2024-09-25 17:00:00,151.5,151.79,148.87,149.46,47289.599
2024-09-25 18:00:00,149.46,150.58,149.27,150.55,33696.289
2024-09-25 19:00:00,150.55,151.24,149.83,149.98,30371.552
2024-09-25 20:00:00,149.98,150.9,149.98,150.36,18139.527
2024-09-25 21:00:00,150.36,150.41,149.44,149.57,10903.376
2024-09-25 22:00:00,149.57,149.74,148.48,149.17,26028.129
2024-09-25 23:00:00,149.17,149.23,147.3,147.96,31793.648
2024-09-26 00:00:00,147.96,148.68,146.59,147.28,28942.688
2024-09-26 01:00:00,147.28,148.44,146.99,148.42,29337.073
2024-09-26 02:00:00,148.42,149.33,148.22,149.25,19358.613
2024-09-26 03:00:00,149.25,149.59,148.77,149.24,17813.912
2024-09-26 04:00:00,149.24,149.48,148.72,149.02,10392.888
2024-09-26 05:00:00,149.02,150.33,148.87,150.03,15331.283
2024-09-26 06:00:00,150.03,151.32,149.9,150.65,30354.696
2024-09-26 07:00:00,150.65,151.91,150.58,151.87,41712.729
2024-09-26 08:00:00,151.87,152.02,150.84,150.97,46977.804
2024-09-26 09:00:00,150.97,151.51,150.53,150.76,36528.689
2024-09-26 10:00:00,150.76,152.93,150.69,152.8,54328.655
2024-09-26 11:00:00,152.8,153.25,152.13,152.95,69494.762
2024-09-26 12:00:00,152.95,153.72,152.21,152.33,48107.745
2024-09-26 13:00:00,152.33,152.74,151.35,152.11,45375.093
2024-09-26 14:00:00,152.11,155.92,152.05,153.35,155885.79
2024-09-26 15:00:00,153.35,158.17,152.9,157.12,205492.25
2024-09-26 16:00:00,157.12,158.07,156.56,156.59,82696.006
2024-09-26 17:00:00,156.59,157.87,155.55,155.57,74313.175
2024-09-26 18:00:00,155.57,156.8,155.33,156.72,30207.499
2024-09-26 19:00:00,156.72,156.74,155.48,155.48,16970.907
2024-09-26 20:00:00,155.48,156.04,154.34,154.58,45511.957
2024-09-26 21:00:00,154.58,155.95,154.43,155.47,19516.016
2024-09-26 22:00:00,155.47,156.43,155.37,156.34,20999.045
2024-09-26 23:00:00,156.34,156.34,153.88,155.54,36820.232
2024-09-27 00:00:00,155.54,156.4,154.81,156.22,26937.98
2024-09-27 01:00:00,156.22,156.26,154.26,154.87,30184.934
2024-09-27 02:00:00,154.87,155.28,153.83,154.31,24518.328
2024-09-27 03:00:00,154.31,155.81,154.01,155.72,22979.05
2024-09-27 04:00:00,155.72,157.32,155.64,156.89,39586.15
2024-09-27 05:00:00,156.89,157.55,156.13,157.32,31737.784
2024-09-27 06:00:00,157.32,158.95,157.27,157.67,99438.101
2024-09-27 07:00:00,157.67,158.19,156.89,157.51,29740.593
2024-09-27 08:00:00,157.51,159.04,157.43,158.31,60021.324
2024-09-27 09:00:00,158.31,159.28,157.73,157.85,38883.162
2024-09-27 10:00:00,157.85,158.0,155.98,156.0,35132.425
2024-09-27 11:00:00,156.0,156.69,155.73,156.06,24479.42
2024-09-27 12:00:00,156.06,157.61,155.52,157.23,55667.218
2024-09-27 13:00:00,157.23,157.35,155.64,156.99,43058.754
2024-09-27 14:00:00,156.99,160.99,156.63,159.91,124786.722
2024-09-27 15:00:00,159.91,161.59,158.96,159.03,102225.334
2024-09-27 16:00:00,159.03,159.65,158.03,159.34,59178.256
2024-09-27 17:00:00,159.34,159.39,157.03,157.85,70279.067
2024-09-27 18:00:00,157.85,158.51,157.07,158.46,31522.694
2024-09-27 19:00:00,158.46,158.78,157.21,157.58,34724.804
2024-09-27 20:00:00,157.58,158.53,157.28,157.97,17484.78
2024-09-27 21:00:00,157.97,158.3,157.47,157.66,15784.012
2024-09-27 22:00:00,157.66,158.29,157.42,158.04,10318.578
2024-09-27 23:00:00,158.04,158.26,157.42,157.64,8613.102
2024-09-28 00:00:00,157.64,158.29,157.6,158.16,9704.466
2024-09-28 01:00:00,158.16,158.57,157.74,158.54,8514.534
2024-09-28 02:00:00,158.54,159.44,158.08,158.63,14019.996
2024-09-28 03:00:00,158.63,159.18,158.15,158.64,13586.158
2024-09-28 04:00:00,158.64,158.9,158.17,158.37,15340.854
2024-09-28 05:00:00,158.37,158.55,157.6,157.64,13814.247
2024-09-28 06:00:00,157.64,157.83,156.17,156.34,31244.956
2024-09-28 07:00:00,156.34,156.88,156.23,156.37,20888.196
2024-09-28 08:00:00,156.37,156.47,155.28,155.39,25844.524
2024-09-28 09:00:00,155.39,156.87,154.98,156.86,44380.009
2024-09-28 10:00:00,156.86,157.57,156.5,157.46,14330.381
2024-09-28 11:00:00,157.46,157.59,156.8,157.18,11048.277
2024-09-28 12:00:00,157.18,157.26,156.37,157.06,16011.77
2024-09-28 13:00:00,157.06,157.2,156.18,156.96,17100.465
2024-09-28 14:00:00,156.96,158.03,156.96,157.95,20995.994
2024-09-28 15:00:00,157.95,157.99,156.79,156.89,13234.511
2024-09-28 16:00:00,156.89,157.13,156.39,156.65,12343.33
2024-09-28 17:00:00,156.65,157.43,156.55,156.77,10800.455
2024-09-28 18:00:00,156.77,157.25,156.62,156.64,10624.919
2024-09-28 19:00:00,156.64,157.03,156.58,156.84,5960.868
2024-09-28 20:00:00,156.84,157.05,156.4,156.5,13024.586
2024-09-28 21:00:00,156.5,156.7,155.61,156.65,18636.782
2024-09-28 22:00:00,156.65,156.94,156.2,156.71,17270.585
2024-09-28 23:00:00,156.71,156.95,156.2,156.75,9737.21
2024-09-29 00:00:00,156.75,157.7,156.21,156.78,23810.058
2024-09-29 01:00:00,156.78,158.04,156.67,157.98,23873.56
2024-09-29 02:00:00,157.98,158.55,157.64,157.69,25088.506
2024-09-29 03:00:00,157.69,157.93,157.12,157.86,12386.232
2024-09-29 04:00:00,157.86,157.98,156.83,157.26,20235.935
2024-09-29 05:00:00,157.26,158.19,156.27,156.27,30118.559
2024-09-29 06:00:00,156.27,156.57,155.27,155.46,27333.979
2024-09-29 07:00:00,155.46,155.95,155.1,155.49,24976.606
2024-09-29 08:00:00,155.49,156.22,155.1,156.0,33592.741
2024-09-29 09:00:00,156.0,156.68,155.92,156.11,18546.633
2024-09-29 10:00:00,156.11,156.34,155.16,156.16,22523.97
2024-09-29 11:00:00,156.16,156.87,156.07,156.76,12011.811
2024-09-29 12:00:00,156.76,157.27,156.1,156.21,18773.101
2024-09-29 13:00:00,156.21,157.58,155.63,157.34,34726.731
2024-09-29 14:00:00,157.34,157.52,156.72,156.88,18236.849
2024-09-29 15:00:00,156.88,157.56,156.41,157.28,34048.729
2024-09-29 16:00:00,157.28,157.48,156.65,157.41,18764.532
2024-09-29 17:00:00,157.41,158.18,157.37,157.71,25469.762
2024-09-29 18:00:00,157.71,158.3,157.59,158.01,16031.626
2024-09-29 19:00:00,158.01,159.7,158.01,159.44,28555.426
2024-09-29 20:00:00,159.44,160.84,159.18,160.23,68036.984
2024-09-29 21:00:00,160.23,161.79,159.69,160.08,52226.615
2024-09-29 22:00:00,160.08,160.85,158.96,159.01,36374.588
2024-09-29 23:00:00,159.01,159.24,157.89,158.46,32200.661
2024-09-30 00:00:00,158.46,159.06,156.59,158.72,38872.606
2024-09-30 01:00:00,158.72,159.79,157.1,157.26,42515.163
2024-09-30 02:00:00,157.26,157.92,155.99,156.0,67922.998
2024-09-30 03:00:00,156.0,156.91,155.3,156.19,40769.75
2024-09-30 04:00:00,156.19,156.19,155.15,156.02,18210.487
2024-09-30 05:00:00,156.02,156.95,155.73,156.91,18865.968
2024-09-30 06:00:00,156.91,157.5,156.49,156.49,32837.494
2024-09-30 07:00:00,156.49,157.75,156.46,156.85,22971.02
2024-09-30 08:00:00,156.85,156.93,156.0,156.44,41760.668
2024-09-30 09:00:00,156.44,156.46,154.41,154.43,40303.435
2024-09-30 10:00:00,154.43,154.91,153.67,154.29,54355.353
2024-09-30 11:00:00,154.29,155.66,153.87,155.58,29774.746
2024-09-30 12:00:00,155.58,156.94,155.31,156.74,27795.855
2024-09-30 13:00:00,156.74,157.37,156.49,156.81,29269.274
2024-09-30 14:00:00,156.81,157.39,155.76,156.44,50950.323
2024-09-30 15:00:00,156.44,156.95,154.09,154.18,37340.534
2024-09-30 16:00:00,154.18,155.17,154.06,154.8,29195.204
2024-09-30 17:00:00,154.8,155.64,154.24,155.61,24596.257
2024-09-30 18:00:00,155.61,155.78,153.93,154.93,38097.334
2024-09-30 19:00:00,154.93,155.3,154.35,155.07,23243.998
2024-09-30 20:00:00,155.07,156.94,154.91,156.75,57978.382
2024-09-30 21:00:00,156.75,156.98,155.74,155.8,19903.09
2024-09-30 22:00:00,155.8,156.19,154.39,154.43,46979.225
2024-09-30 23:00:00,154.43,154.59,151.73,152.53,72103.571
2024-10-01 00:00:00,152.53,154.33,151.48,154.19,47033.883
2024-10-01 01:00:00,154.19,154.76,153.98,154.35,28579.728
2024-10-01 02:00:00,154.35,154.35,153.01,153.9,17238.076
2024-10-01 03:00:00,153.9,155.27,153.72,155.1,22087.2
2024-10-01 04:00:00,155.1,155.89,154.82,155.75,24582.627
2024-10-01 05:00:00,155.75,155.83,155.04,155.52,18657.712
2024-10-01 06:00:00,155.52,157.17,155.47,156.87,33143.57
2024-10-01 07:00:00,156.87,156.99,156.18,156.83,22417.969
2024-10-01 08:00:00,156.83,156.97,156.0,156.37,22470.656
2024-10-01 09:00:00,156.37,157.35,156.23,156.84,26371.007
2024-10-01 10:00:00,156.84,157.3,156.49,157.11,21474.988
2024-10-01 11:00:00,157.11,157.36,156.47,156.5,27620.407
2024-10-01 12:00:00,156.5,156.73,155.79,156.07,30984.683
2024-10-01 13:00:00,156.07,156.19,152.39,153.72,105622.744
2024-10-01 14:00:00,153.72,154.54,150.33,150.77,173352.175
2024-10-01 15:00:00,150.77,150.98,146.17,149.61,308073.014
2024-10-01 16:00:00,149.61,150.02,146.5,148.5,123694.051
2024-10-01 17:00:00,148.5,148.5,142.47,147.67,241686.034
2024-10-01 18:00:00,147.67,149.44,146.73,147.36,76123.979
2024-10-01 19:00:00,147.36,147.8,145.21,145.43,50566.855
2024-10-01 20:00:00,145.43,146.01,142.24,145.07,163978.06
2024-10-01 21:00:00,145.07,146.42,144.22,146.27,45664.277
2024-10-01 22:00:00,146.27,146.28,143.79,144.67,35509.292
2024-10-01 23:00:00,144.67,145.49,144.13,145.13,21703.988
2024-10-02 00:00:00,145.13,145.61,143.41,144.51,85008.995
2024-10-02 01:00:00,144.51,146.31,144.29,146.21,37269.846
2024-10-02 02:00:00,146.21,147.42,145.73,147.32,31593.129
2024-10-02 03:00:00,147.32,148.04,147.08,147.21,25915.445
2024-10-02 04:00:00,147.21,147.24,146.5,146.68,15317.378
2024-10-02 05:00:00,146.68,147.17,146.23,146.68,18932.87
2024-10-02 06:00:00,146.68,148.96,146.32,148.39,36999.887
2024-10-02 07:00:00,148.39,148.76,147.65,147.79,25885.45
2024-10-02 08:00:00,147.79,148.47,147.18,148.03,21794.257
2024-10-02 09:00:00,148.03,148.18,145.74,146.03,33432.586
2024-10-02 10:00:00,146.03,147.28,145.66,145.8,68628.24
2024-10-02 11:00:00,145.8,146.73,145.18,146.12,30734.638
2024-10-02 12:00:00,146.12,146.25,143.61,143.94,60768.041
2024-10-02 13:00:00,143.94,146.32,142.71,145.96,78723.417
2024-10-02 14:00:00,145.96,147.02,145.14,145.27,48469.359
2024-10-02 15:00:00,145.27,147.7,145.19,147.47,38999.759
2024-10-02 16:00:00,147.47,148.45,145.97,146.02,45355.554
2024-10-02 17:00:00,146.02,146.37,144.79,145.72,32206.8
2024-10-02 18:00:00,145.72,145.89,142.01,142.25,53271.264
2024-10-02 19:00:00,142.25,142.81,138.57,140.0,180110.092
2024-10-02 20:00:00,140.0,141.55,138.61,140.82,68963.626
2024-10-02 21:00:00,140.82,141.51,139.73,140.85,26221.208
2024-10-02 22:00:00,140.85,141.6,139.35,141.57,23460.634
2024-10-02 23:00:00,141.57,141.72,140.18,140.18,21081.145
2024-10-03 00:00:00,140.18,141.42,138.65,140.66,92401.088
2024-10-03 01:00:00,140.66,142.14,140.57,141.38,47076.506
2024-10-03 02:00:00,141.38,142.4,141.06,142.03,27373.128
2024-10-03 03:00:00,142.03,142.99,141.68,142.9,23740.254
2024-10-03 04:00:00,142.9,142.9,141.81,142.1,16372.278
2024-10-03 05:00:00,142.1,142.34,140.95,141.3,20795.878
2024-10-03 06:00:00,141.3,142.24,141.01,141.67,16332.497
2024-10-03 07:00:00,141.67,142.12,139.87,139.89,35316.616
2024-10-03 08:00:00,139.89,140.07,135.78,136.12,93579.455
2024-10-03 09:00:00,136.12,137.69,135.21,137.28,77805.184
2024-10-03 10:00:00,137.28,138.28,136.7,138.25,40335.256
2024-10-03 11:00:00,138.25,138.51,136.79,136.85,31292.289
2024-10-03 12:00:00,136.85,136.98,135.33,136.12,69366.072
2024-10-03 13:00:00,136.12,137.38,134.44,136.95,81723.537
2024-10-03 14:00:00,136.95,138.55,134.61,134.81,116503.885
2024-10-03 15:00:00,134.81,136.13,133.06,135.57,98060.801
2024-10-03 16:00:00,135.57,136.66,133.65,135.02,68104.921
2024-10-03 17:00:00,135.02,136.72,134.05,135.95,52364.615
2024-10-03 18:00:00,135.95,136.96,135.14,136.07,37351.401
2024-10-03 19:00:00,136.07,137.46,135.42,137.33,34701.305
2024-10-03 20:00:00,137.33,137.89,135.94,136.08,37089.154
2024-10-03 21:00:00,136.08,137.26,135.22,137.12,25547.907
2024-10-03 22:00:00,137.12,137.47,136.38,136.96,19243.12
2024-10-03 23:00:00,136.96,137.47,135.91,136.82,22593.98
2024-10-04 00:00:00,136.82,137.41,135.92,135.98,32098.553
2024-10-04 01:00:00,135.98,138.69,135.93,138.15,50653.1
2024-10-04 02:00:00,138.15,138.43,137.23,137.59,21374.278
2024-10-04 03:00:00,137.59,137.7,136.75,137.32,21337.608
2024-10-04 04:00:00,137.32,138.38,137.26,137.72,17267.796
2024-10-04 05:00:00,137.72,139.52,137.57,139.26,23756.951
2024-10-04 06:00:00,139.26,139.72,138.33,138.47,26705.543
2024-10-04 07:00:00,138.47,139.77,138.27,139.55,19191.865
2024-10-04 08:00:00,139.55,141.11,139.22,140.01,44203.088
2024-10-04 09:00:00,140.01,140.57,139.58,139.77,41685.031
2024-10-04 10:00:00,139.77,140.36,139.16,139.45,15178.358
2024-10-04 11:00:00,139.45,140.26,139.41,140.12,18924.939
2024-10-04 12:00:00,140.12,142.33,139.21,142.29,78121.914
2024-10-04 13:00:00,142.29,142.68,140.41,141.17,76780.486
2024-10-04 14:00:00,141.17,141.24,138.09,139.86,76372.849
2024-10-04 15:00:00,139.86,142.62,139.83,142.45,69064.627
2024-10-04 16:00:00,142.45,144.44,141.82,143.85,63521.811
2024-10-04 17:00:00,143.85,144.06,142.56,142.83,42155.722
2024-10-04 18:00:00,142.83,143.93,142.34,143.92,31695.065
2024-10-04 19:00:00,143.92,144.55,143.53,143.9,26512.891
2024-10-04 20:00:00,143.9,143.98,142.82,143.7,19543.625
2024-10-04 21:00:00,143.7,144.58,143.29,143.59,18863.434
2024-10-04 22:00:00,143.59,143.78,142.6,142.94,17647.911
2024-10-04 23:00:00,142.94,143.28,142.6,143.23,11855.328
2024-10-05 00:00:00,143.23,144.04,143.11,144.03,9978.755
2024-10-05 01:00:00,144.03,144.05,142.9,143.57,20076.908
2024-10-05 02:00:00,143.57,143.74,142.29,142.37,15182.373
2024-10-05 03:00:00,142.37,142.39,141.72,141.83,19736.999
2024-10-05 04:00:00,141.83,142.77,141.54,142.38,19072.899
2024-10-05 05:00:00,142.38,143.6,142.28,143.54,18271.501
2024-10-05 06:00:00,143.54,144.45,143.04,144.36,18145.094
2024-10-05 07:00:00,144.36,144.54,143.75,143.8,17575.694
2024-10-05 08:00:00,143.8,144.93,143.72,144.49,27674.823
2024-10-05 09:00:00,144.49,144.88,144.4,144.71,11991.667
2024-10-05 10:00:00,144.71,144.71,143.89,144.02,12529.934
2024-10-05 11:00:00,144.02,144.27,143.3,143.42,13240.095
2024-10-05 12:00:00,143.42,144.1,143.37,144.09,15747.676
2024-10-05 13:00:00,144.09,144.15,142.69,142.78,22918.532
2024-10-05 14:00:00,142.78,143.51,142.48,143.12,19564.344
2024-10-05 15:00:00,143.12,143.32,142.55,142.88,11767.368
2024-10-05 16:00:00,142.88,143.0,142.12,142.19,31315.014
2024-10-05 17:00:00,142.19,142.86,142.08,142.71,10970.399
2024-10-05 18:00:00,142.71,142.92,142.05,142.27,17886.763
2024-10-05 19:00:00,142.27,142.46,141.97,142.17,12748.2
2024-10-05 20:00:00,142.17,142.26,141.02,141.1,29726.82
2024-10-05 21:00:00,141.1,142.26,141.1,141.66,10624.825
2024-10-05 22:00:00,141.66,142.98,141.61,142.96,12792.093
2024-10-05 23:00:00,142.96,142.96,142.32,142.61,8784.663
2024-10-06 00:00:00,142.61,142.66,141.98,142.28,8713.136
2024-10-06 01:00:00,142.28,143.5,142.13,143.5,13502.291
2024-10-06 02:00:00,143.5,143.56,142.88,143.17,9923.61
2024-10-06 03:00:00,143.17,143.68,142.61,142.68,12877.804
2024-10-06 04:00:00,142.68,143.15,142.1,142.4,9224.85
2024-10-06 05:00:00,142.4,142.95,142.12,142.62,9813.429
2024-10-06 06:00:00,142.62,143.37,142.54,143.03,7617.275
2024-10-06 07:00:00,143.03,143.44,142.79,142.96,9029.599
2024-10-06 08:00:00,142.96,143.48,142.61,143.31,9639.578
2024-10-06 09:00:00,143.31,144.22,143.27,143.77,12425.176
2024-10-06 10:00:00,143.77,144.04,143.36,143.57,9172.29
2024-10-06 11:00:00,143.57,144.33,143.41,144.01,13046.866
2024-10-06 12:00:00,144.01,144.63,143.95,144.51,16743.083
2024-10-06 13:00:00,144.51,144.93,144.37,144.39,19429.269
2024-10-06 14:00:00,144.39,146.61,144.1,146.39,29712.861
2024-10-06 15:00:00,146.39,146.68,145.19,145.97,24802.692
2024-10-06 16:00:00,145.97,146.5,144.87,144.9,28186.421
2024-10-06 17:00:00,144.9,145.62,144.87,145.1,10850.498
2024-10-06 18:00:00,145.1,145.99,145.1,145.95,8980.539
2024-10-06 19:00:00,145.95,146.5,145.25,145.41,33128.891
2024-10-06 20:00:00,145.41,145.58,145.14,145.41,13722.778
2024-10-06 21:00:00,145.41,145.95,144.29,144.42,23872.553
2024-10-06 22:00:00,144.42,145.44,144.42,145.35,11501.398
2024-10-06 23:00:00,145.35,146.77,145.35,146.47,27225.896
2024-10-07 00:00:00,146.47,149.45,145.88,149.27,51225.577
2024-10-07 01:00:00,149.27,150.46,148.63,150.44,56421.475
2024-10-07 02:00:00,150.44,151.0,149.22,149.48,25497.72
2024-10-07 03:00:00,149.48,150.1,149.06,149.93,27694.33
2024-10-07 04:00:00,149.93,150.52,149.53,149.57,16913.021
2024-10-07 05:00:00,149.57,150.07,148.72,148.89,22465.821
2024-10-07 06:00:00,148.89,149.52,148.7,149.48,17164.634
2024-10-07 07:00:00,149.48,149.48,147.92,148.03,37280.167
2024-10-07 08:00:00,148.03,149.52,147.96,148.45,51205.6
2024-10-07 09:00:00,148.45,148.6,146.75,147.38,29019.545
2024-10-07 10:00:00,147.38,147.38,146.09,146.66,25305.539
2024-10-07 11:00:00,146.66,147.49,145.64,147.46,43320.846
2024-10-07 12:00:00,147.46,147.49,146.49,146.58,17771.401
2024-10-07 13:00:00,146.58,147.97,146.4,147.87,34061.328
2024-10-07 14:00:00,147.87,152.35,147.75,150.51,134542.768
2024-10-07 15:00:00,150.51,150.54,148.29,148.7,56818.239
2024-10-07 16:00:00,148.7,149.44,147.74,149.17,38440.095
2024-10-07 17:00:00,149.17,149.34,148.33,149.1,23240.954
2024-10-07 18:00:00,149.1,149.1,145.48,145.72,66598.69
2024-10-07 19:00:00,145.72,147.35,145.57,147.1,35515.568
2024-10-07 20:00:00,147.1,147.28,145.65,145.69,17809.696
2024-10-07 21:00:00,145.69,147.05,145.69,146.87,13601.19
2024-10-07 22:00:00,146.87,146.89,144.32,144.45,39889.883
2024-10-07 23:00:00,144.45,146.01,143.47,143.97,83191.723
2024-10-08 00:00:00,143.97,145.1,143.46,144.81,48298.384
2024-10-08 01:00:00,144.81,145.43,143.93,145.07,24926.433
2024-10-08 02:00:00,145.07,145.62,144.06,145.32,24275.242
2024-10-08 03:00:00,145.32,145.33,144.54,144.71,12125.985
2024-10-08 04:00:00,144.71,145.05,143.68,144.27,15628.857
2024-10-08 05:00:00,144.27,144.37,142.88,143.75,31394.905
2024-10-08 06:00:00,143.75,144.33,142.74,144.07,21160.906
2024-10-08 07:00:00,144.07,144.08,142.14,143.08,26071.485
2024-10-08 08:00:00,143.08,143.71,142.71,143.58,21472.976
2024-10-08 09:00:00,143.58,143.98,142.88,143.65,17345.614
2024-10-08 10:00:00,143.65,144.37,143.29,144.13,20266.558
2024-10-08 11:00:00,144.13,144.65,143.93,144.49,16722.165
2024-10-08 12:00:00,144.49,144.59,143.23,143.3,19661.506
2024-10-08 13:00:00,143.3,145.05,142.7,145.03,35563.54
2024-10-08 14:00:00,145.03,145.53,142.4,144.12,51562.724
2024-10-08 15:00:00,144.12,144.36,141.14,142.8,48756.687
2024-10-08 16:00:00,142.8,143.93,141.74,143.8,24900.6
2024-10-08 17:00:00,143.8,143.96,142.39,143.36,25002.313
2024-10-08 18:00:00,143.36,143.88,142.34,142.91,16533.164
2024-10-08 19:00:00,142.91,144.07,142.24,143.74,21745.961
2024-10-08 20:00:00,143.74,144.48,143.35,144.46,15889.788
2024-10-08 21:00:00,144.46,144.71,144.02,144.22,9849.73
2024-10-08 22:00:00,144.22,144.28,143.16,143.22,12296.184
2024-10-08 23:00:00,143.22,143.63,142.67,143.48,8259.779
2024-10-09 00:00:00,143.48,144.25,143.09,144.25,12501.427
2024-10-09 01:00:00,144.25,145.34,144.0,144.83,25268.13
2024-10-09 02:00:00,144.83,144.88,143.89,143.91,14962.835
2024-10-09 03:00:00,143.91,144.61,143.51,143.95,17187.621
2024-10-09 04:00:00,143.95,144.11,143.18,143.34,8049.666
2024-10-09 05:00:00,143.34,144.33,143.03,144.21,12745.958
2024-10-09 06:00:00,144.21,144.3,143.3,143.55,9864.734
2024-10-09 07:00:00,143.55,143.55,142.71,143.18,16292.225
2024-10-09 08:00:00,143.18,143.5,142.47,142.93,14722.991
2024-10-09 09:00:00,142.93,143.34,142.65,143.27,8356.854
2024-10-09 10:00:00,143.27,143.42,142.45,142.62,24932.943
2024-10-09 11:00:00,142.62,143.31,142.56,143.2,6798.789
2024-10-09 12:00:00,143.2,143.35,141.23,141.85,28397.237
2024-10-09 13:00:00,141.85,142.22,140.18,141.12,58308.724
2024-10-09 14:00:00,141.12,142.08,140.67,141.31,24705.02
2024-10-09 15:00:00,141.31,143.11,141.3,142.81,28168.518
2024-10-09 16:00:00,142.81,142.88,140.66,140.83,36155.365
2024-10-09 17:00:00,140.83,141.44,140.38,141.17,13257.278
2024-10-09 18:00:00,141.17,141.45,139.62,140.54,40116.851
2024-10-09 19:00:00,140.54,141.15,140.02,141.12,20004.228
2024-10-09 20:00:00,141.12,141.12,138.71,138.8,34469.502
2024-10-09 21:00:00,138.8,140.08,138.66,139.86,18686.17
2024-10-09 22:00:00,139.86,139.87,139.14,139.21,12852.763
2024-10-09 23:00:00,139.21,139.7,139.05,139.33,11582.713
2024-10-10 00:00:00,139.33,139.37,137.68,138.48,22703.493
2024-10-10 01:00:00,138.48,139.82,138.45,139.31,12350.101
2024-10-10 02:00:00,139.31,139.92,139.27,139.73,14492.144
2024-10-10 03:00:00,139.73,140.4,139.58,139.91,6938.696
2024-10-10 04:00:00,139.91,140.31,139.69,139.88,6726.542
2024-10-10 05:00:00,139.88,140.92,139.45,140.56,16736.345
2024-10-10 06:00:00,140.56,140.73,140.13,140.5,9341.686
2024-10-10 07:00:00,140.5,140.51,139.65,139.71,7629.21
2024-10-10 08:00:00,139.71,140.15,138.55,138.66,27583.463
2024-10-10 09:00:00,138.66,138.83,137.43,138.42,51075.941
2024-10-10 10:00:00,138.42,139.69,138.33,139.47,21035.851
2024-10-10 11:00:00,139.47,140.49,139.31,140.44,18879.739
2024-10-10 12:00:00,140.44,140.83,138.28,138.96,55820.505
2024-10-10 13:00:00,138.96,140.19,137.27,138.07,52418.562
2024-10-10 14:00:00,138.07,138.66,136.16,137.52,95748.402
2024-10-10 15:00:00,137.52,138.68,137.02,138.68,33820.344
2024-10-10 16:00:00,138.68,139.09,137.74,138.04,23404.499
2024-10-10 17:00:00,138.04,138.51,136.52,136.62,36443.108
2024-10-10 18:00:00,136.62,137.34,135.5,137.32,67883.428
2024-10-10 19:00:00,137.32,138.18,136.95,138.12,23768.503
2024-10-10 20:00:00,138.12,138.79,137.19,137.62,41356.925
2024-10-10 21:00:00,137.62,138.68,137.35,138.68,12235.564
2024-10-10 22:00:00,138.68,138.87,137.83,138.58,17747.525
2024-10-10 23:00:00,138.58,139.09,138.58,139.05,13506.567
2024-10-11 00:00:00,139.05,139.85,138.86,139.35,23935.865
2024-10-11 01:00:00,139.35,140.54,138.71,140.26,21282.846
2024-10-11 02:00:00,140.26,141.07,139.68,140.91,18511.302
2024-10-11 03:00:00,140.91,141.53,140.84,140.86,15396.595
2024-10-11 04:00:00,140.86,141.17,140.65,141.08,10636.939
2024-10-11 05:00:00,141.08,141.4,140.86,140.94,11646.526
2024-10-11 06:00:00,140.94,141.95,140.94,141.52,12580.352
2024-10-11 07:00:00,141.52,142.08,141.09,141.18,26597.693
2024-10-11 08:00:00,141.18,141.69,140.99,141.44,13488.145
2024-10-11 09:00:00,141.44,142.33,141.42,142.15,19106.905
2024-10-11 10:00:00,142.15,142.73,141.71,142.01,31200.649
2024-10-11 11:00:00,142.01,142.31,141.58,141.98,10902.661
2024-10-11 12:00:00,141.98,143.14,141.87,143.0,45118.882
2024-10-11 13:00:00,143.0,143.93,142.24,143.64,36381.255
2024-10-11 14:00:00,143.64,144.36,143.5,143.86,42716.153
2024-10-11 15:00:00,143.86,145.54,143.67,144.39,55863.04
2024-10-11 16:00:00,144.39,144.83,143.89,144.75,34984.151
2024-10-11 17:00:00,144.75,146.21,144.66,145.9,33107.666
2024-10-11 18:00:00,145.9,146.21,145.14,145.83,29062.383
2024-10-11 19:00:00,145.83,146.56,145.2,145.44,35017.163
2024-10-11 20:00:00,145.44,146.2,145.13,146.13,11718.858
2024-10-11 21:00:00,146.13,146.43,145.8,145.89,14537.225
2024-10-11 22:00:00,145.89,146.12,145.34,145.88,17697.968
2024-10-11 23:00:00,145.88,145.96,145.18,145.55,11587.67
2024-10-12 00:00:00,145.55,146.61,145.51,146.26,17693.753
2024-10-12 01:00:00,146.26,146.51,145.71,145.89,14344.867
2024-10-12 02:00:00,145.89,145.92,144.88,145.06,11169.192
2024-10-12 03:00:00,145.06,145.27,144.7,145.13,7706.074
2024-10-12 04:00:00,145.13,145.94,145.13,145.37,13238.866
2024-10-12 05:00:00,145.37,145.95,145.34,145.89,6189.481
2024-10-12 06:00:00,145.89,145.98,145.6,145.75,7025.361
2024-10-12 07:00:00,145.75,145.93,145.42,145.57,11824.333
2024-10-12 08:00:00,145.57,145.89,145.47,145.72,5828.498
2024-10-12 09:00:00,145.72,145.87,145.47,145.85,4713.16
2024-10-12 10:00:00,145.85,146.96,145.68,146.8,19977.906
2024-10-12 11:00:00,146.8,147.22,146.2,146.26,21938.722
2024-10-12 12:00:00,146.26,147.21,145.84,147.02,16181.557
2024-10-12 13:00:00,147.02,147.31,146.24,146.54,15708.634
2024-10-12 14:00:00,146.54,147.27,146.2,146.92,15217.809
2024-10-12 15:00:00,146.92,147.24,145.72,146.09,20882.659
2024-10-12 16:00:00,146.09,146.94,146.09,146.43,14672.57
2024-10-12 17:00:00,146.43,147.06,146.33,146.99,13235.704
2024-10-12 18:00:00,146.99,147.2,146.25,146.46,8012.553
2024-10-12 19:00:00,146.46,146.97,146.22,146.79,9631.941
2024-10-12 20:00:00,146.79,146.96,146.6,146.73,5677.943
2024-10-12 21:00:00,146.73,147.21,146.46,146.75,10666.851
2024-10-12 22:00:00,146.75,147.2,146.44,147.05,11715.459
2024-10-12 23:00:00,147.05,147.15,146.33,146.39,7685.419
2024-10-13 00:00:00,146.39,147.07,146.39,146.69,8877.453
2024-10-13 01:00:00,146.69,146.69,145.74,145.95,19264.393
2024-10-13 02:00:00,145.95,146.13,145.76,146.13,8642.191
2024-10-13 03:00:00,146.13,146.13,145.14,145.31,16033.283
2024-10-13 04:00:00,145.31,146.0,145.27,145.92,7310.336
2024-10-13 05:00:00,145.92,146.74,145.85,146.55,8962.782
2024-10-13 06:00:00,146.55,147.0,146.29,146.43,6928.793
2024-10-13 07:00:00,146.43,146.59,146.02,146.43,7726.296
2024-10-13 08:00:00,146.43,147.06,146.41,146.64,16402.49
2024-10-13 09:00:00,146.64,147.92,146.6,147.68,26921.566
2024-10-13 10:00:00,147.68,148.39,147.15,147.15,20445.336
2024-10-13 11:00:00,147.15,147.59,146.42,146.48,20816.68
2024-10-13 12:00:00,146.48,147.66,146.44,147.3,18625.818
2024-10-13 13:00:00,147.3,148.06,147.2,147.23,17730.318
2024-10-13 14:00:00,147.23,147.32,145.31,145.46,33789.018
2024-10-13 15:00:00,145.46,146.0,144.47,145.32,34823.202
2024-10-13 16:00:00,145.32,146.13,144.91,145.98,16103.163
2024-10-13 17:00:00,145.98,146.53,145.22,145.44,16590.312
2024-10-13 18:00:00,145.44,145.87,144.69,145.36,30537.254
2024-10-13 19:00:00,145.36,146.13,145.36,146.03,9023.938
2024-10-13 20:00:00,146.03,146.36,145.65,146.33,7102.844
2024-10-13 21:00:00,146.33,148.02,146.0,147.91,17870.178
2024-10-13 22:00:00,147.91,148.86,147.42,147.82,24625.862
2024-10-13 23:00:00,147.82,147.82,146.94,147.73,13453.506
2024-10-14 00:00:00,147.73,147.99,146.78,147.22,15590.299
2024-10-14 01:00:00,147.22,148.3,147.2,147.79,17322.745
2024-10-14 02:00:00,147.79,148.84,147.13,148.42,27767.473
2024-10-14 03:00:00,148.42,152.56,148.38,152.5,79995.961
2024-10-14 04:00:00,152.5,153.32,152.11,152.22,49706.523
2024-10-14 05:00:00,152.22,152.47,150.9,151.44,29227.878
2024-10-14 06:00:00,151.44,152.42,151.01,151.97,22110.274
2024-10-14 07:00:00,151.97,153.14,151.6,153.03,42092.446
2024-10-14 08:00:00,153.03,153.37,152.34,152.53,53495.727
2024-10-14 09:00:00,152.53,153.68,152.03,152.99,32143.377
2024-10-14 10:00:00,152.99,153.95,152.64,153.12,26831.184
2024-10-14 11:00:00,153.12,153.31,152.71,153.14,16128.549
2024-10-14 12:00:00,153.14,153.53,152.6,153.15,24103.631
2024-10-14 13:00:00,153.15,154.2,152.6,153.68,38615.01
2024-10-14 14:00:00,153.68,155.99,153.61,155.01,88289.871
2024-10-14 15:00:00,155.01,158.1,154.98,156.73,89951.484
2024-10-14 16:00:00,156.73,156.91,154.68,155.09,57110.053
2024-10-14 17:00:00,155.09,156.09,154.98,155.62,23097.838
2024-10-14 18:00:00,155.62,156.29,155.34,155.85,17795.756
2024-10-14 19:00:00,155.85,156.29,155.51,155.66,18664.632
2024-10-14 20:00:00,155.66,156.5,155.43,156.14,31372.316
2024-10-14 21:00:00,156.14,156.51,155.48,155.77,19140.254
2024-10-14 22:00:00,155.77,158.12,155.72,157.98,36846.229
2024-10-14 23:00:00,157.98,158.01,156.83,157.58,27552.059
2024-10-15 00:00:00,157.58,158.28,156.82,157.46,35636.913
2024-10-15 01:00:00,157.46,158.16,156.73,157.19,26114.441
2024-10-15 02:00:00,157.19,158.07,156.83,157.45,17523.41
2024-10-15 03:00:00,157.45,157.5,155.19,155.5,39227.076
2024-10-15 04:00:00,155.5,156.34,155.06,156.05,23946.642
2024-10-15 05:00:00,156.05,156.12,154.02,154.37,50310.036
2024-10-15 06:00:00,154.37,154.98,153.77,154.86,43178.354
2024-10-15 07:00:00,154.86,155.43,154.74,155.14,22752.149
2024-10-15 08:00:00,155.14,155.5,154.72,154.87,21892.515
2024-10-15 09:00:00,154.87,154.95,154.11,154.4,20349.045
2024-10-15 10:00:00,154.4,155.23,154.04,154.92,23476.02
2024-10-15 11:00:00,154.92,154.96,151.76,152.38,57016.6
2024-10-15 12:00:00,152.38,153.95,152.04,153.5,45742.24
2024-10-15 13:00:00,153.5,158.94,152.94,158.57,104232.77
2024-10-15 14:00:00,158.57,159.68,151.44,152.38,242241.671
2024-10-15 15:00:00,152.38,154.85,150.3,153.3,145026.742
2024-10-15 16:00:00,153.3,156.31,153.07,154.98,72158.546
2024-10-15 17:00:00,154.98,155.64,153.94,154.78,36891.64
2024-10-15 18:00:00,154.78,156.35,154.58,155.04,32930.231
2024-10-15 19:00:00,155.04,155.52,154.18,155.16,32675.209
2024-10-15 20:00:00,155.16,155.28,152.33,152.79,54690.837
2024-10-15 21:00:00,152.79,153.6,152.32,153.57,19202.055
2024-10-15 22:00:00,153.57,154.06,152.95,153.0,19893.905
2024-10-15 23:00:00,153.0,155.05,152.96,154.75,29070.062
2024-10-16 00:00:00,154.75,154.99,153.37,153.8,18211.461
2024-10-16 01:00:00,153.8,155.02,153.01,154.76,31876.099
2024-10-16 02:00:00,154.76,156.11,154.4,154.5,27362.681
2024-10-16 03:00:00,154.5,154.73,153.78,154.19,20937.234
2024-10-16 04:00:00,154.19,154.76,153.16,153.88,24238.353
2024-10-16 05:00:00,153.88,154.62,153.73,154.21,18687.077
2024-10-16 06:00:00,154.21,154.91,153.28,154.05,23192.463
2024-10-16 07:00:00,154.05,154.05,153.0,153.67,32548.874
2024-10-16 08:00:00,153.67,154.92,153.4,154.48,35745.022
2024-10-16 09:00:00,154.48,155.82,154.43,155.32,28225.09
2024-10-16 10:00:00,155.32,156.38,154.99,155.93,39743.519
2024-10-16 11:00:00,155.93,158.42,155.25,155.87,81098.163
2024-10-16 12:00:00,155.87,156.49,155.16,155.44,48661.669
2024-10-16 13:00:00,155.44,155.93,153.77,154.42,63978.303
2024-10-16 14:00:00,154.42,156.89,154.09,155.18,69318.33
2024-10-16 15:00:00,155.18,155.98,154.02,155.72,34972.633
2024-10-16 16:00:00,155.72,155.99,154.18,155.33,32455.348
2024-10-16 17:00:00,155.33,155.7,154.82,155.1,29505.196
2024-10-16 18:00:00,155.1,155.28,154.35,154.44,21851.592
2024-10-16 19:00:00,154.44,154.73,154.06,154.36,19118.986
2024-10-16 20:00:00,154.36,155.14,153.99,154.39,29817.339
2024-10-16 21:00:00,154.39,154.75,153.66,153.92,20306.072
2024-10-16 22:00:00,153.92,155.06,153.92,154.83,28056.513
2024-10-16 23:00:00,154.83,154.92,154.09,154.29,12130.35
2024-10-17 00:00:00,154.29,155.57,154.29,154.9,18030.327
2024-10-17 01:00:00,154.9,155.73,154.11,155.62,27435.59
2024-10-17 02:00:00,155.62,155.75,153.85,153.94,20207.694
2024-10-17 03:00:00,153.94,154.79,153.76,154.62,14100.811
2024-10-17 04:00:00,154.62,154.79,153.07,153.27,22578.706
2024-10-17 05:00:00,153.27,153.66,152.38,152.68,31646.29
2024-10-17 06:00:00,152.68,153.3,152.24,152.35,26488.778
2024-10-17 07:00:00,152.35,152.68,151.6,152.6,27180.94
2024-10-17 08:00:00,152.6,153.3,152.07,153.22,28050.624
2024-10-17 09:00:00,153.22,153.48,152.81,153.06,16551.96
2024-10-17 10:00:00,153.06,153.31,151.24,152.4,22581.791
2024-10-17 11:00:00,152.4,152.59,151.11,151.3,20078.79
2024-10-17 12:00:00,151.3,152.54,151.02,152.52,23661.172
2024-10-17 13:00:00,152.52,153.27,151.39,152.15,34689.254
2024-10-17 14:00:00,152.15,152.34,150.8,151.99,46594.81
2024-10-17 15:00:00,151.99,153.14,151.19,152.9,40329.323
2024-10-17 16:00:00,152.9,152.91,150.7,151.28,29592.688
2024-10-17 17:00:00,151.28,151.5,149.22,149.46,46789.229
2024-10-17 18:00:00,149.46,149.55,147.68,148.51,52928.469
2024-10-17 19:00:00,148.51,149.68,148.33,149.38,17028.772
2024-10-17 20:00:00,149.38,150.44,149.27,149.63,18955.519
2024-10-17 21:00:00,149.63,150.26,149.6,150.1,11398.793
2024-10-17 22:00:00,150.1,150.96,150.1,150.91,15926.874
2024-10-17 23:00:00,150.91,150.92,150.21,150.48,8469.231
2024-10-18 00:00:00,150.48,150.78,149.68,149.73,12619.726
2024-10-18 01:00:00,149.73,152.78,149.64,152.4,28170.848
2024-10-18 02:00:00,152.4,153.25,152.04,153.18,19566.442
2024-10-18 03:00:00,153.18,153.24,151.77,151.9,15847.596
2024-10-18 04:00:00,151.9,152.72,151.9,152.42,8930.594
2024-10-18 05:00:00,152.42,153.06,152.23,153.01,8765.239
2024-10-18 06:00:00,153.01,154.05,152.88,153.7,19803.121
2024-10-18 07:00:00,153.7,154.25,153.36,153.89,16565.936
2024-10-18 08:00:00,153.89,154.34,153.53,153.72,12441.438
2024-10-18 09:00:00,153.72,154.13,153.27,153.53,11635.085
2024-10-18 10:00:00,153.53,153.96,153.41,153.7,9594.674
2024-10-18 11:00:00,153.7,154.03,152.86,153.01,10918.276
2024-10-18 12:00:00,153.01,153.32,152.17,152.4,14775.471
2024-10-18 13:00:00,152.4,153.91,152.26,153.81,28841.629
2024-10-18 14:00:00,153.81,154.79,152.99,154.45,60204.457
2024-10-18 15:00:00,154.45,155.27,153.93,154.73,43947.162
2024-10-18 16:00:00,154.73,156.08,153.67,155.72,36634.491
2024-10-18 17:00:00,155.72,156.26,155.35,155.5,42896.379
2024-10-18 18:00:00,155.5,156.67,155.21,156.12,20213.587
2024-10-18 19:00:00,156.12,156.18,154.52,154.81,20507.507
2024-10-18 20:00:00,154.81,154.94,154.18,154.62,12387.421
2024-10-18 21:00:00,154.62,154.79,153.77,154.37,9740.915
2024-10-18 22:00:00,154.37,154.39,153.85,154.32,10460.793
2024-10-18 23:00:00,154.32,155.2,154.26,154.96,9470.744
2024-10-19 00:00:00,154.96,155.1,154.43,154.55,10213.787
2024-10-19 01:00:00,154.55,155.02,154.38,154.4,7545.448
2024-10-19 02:00:00,154.4,155.05,154.22,155.01,11956.366
2024-10-19 03:00:00,155.01,156.0,154.56,154.56,16775.07
2024-10-19 04:00:00,154.56,154.97,154.18,154.21,8615.933
2024-10-19 05:00:00,154.21,155.01,154.17,154.96,6648.639
2024-10-19 06:00:00,154.96,155.15,154.52,154.58,6413.131
2024-10-19 07:00:00,154.58,154.68,154.09,154.57,10614.415
2024-10-19 08:00:00,154.57,154.99,154.56,154.79,9133.453
2024-10-19 09:00:00,154.79,154.96,154.58,154.84,6811.022
2024-10-19 10:00:00,154.84,155.06,154.26,154.4,8271.206
2024-10-19 11:00:00,154.4,154.77,153.63,153.86,23906.481
2024-10-19 12:00:00,153.86,154.79,153.82,154.6,10774.565
2024-10-19 13:00:00,154.6,154.95,154.26,154.8,13098.086
2024-10-19 14:00:00,154.8,156.99,154.8,156.95,34386.944
2024-10-19 15:00:00,156.95,157.49,155.96,156.49,23990.447
2024-10-19 16:00:00,156.49,156.97,155.78,156.09,21319.869
2024-10-19 17:00:00,156.09,156.31,155.35,155.66,15603.554
2024-10-19 18:00:00,155.66,156.26,155.62,155.84,6646.683
2024-10-19 19:00:00,155.84,156.88,155.78,156.36,12021.443
2024-10-19 20:00:00,156.36,156.9,156.14,156.8,9101.212
2024-10-19 21:00:00,156.8,157.89,156.74,157.02,20785.693
2024-10-19 22:00:00,157.02,158.92,156.9,158.89,31079.984
2024-10-19 23:00:00,158.89,159.84,158.65,159.78,38724.171
2024-10-20 00:00:00,159.78,160.59,158.77,158.78,40207.997
2024-10-20 01:00:00,158.78,159.37,158.48,158.77,20753.889
2024-10-20 02:00:00,158.77,159.29,158.35,158.6,19383.306
2024-10-20 03:00:00,158.6,159.08,158.17,159.04,19088.078
2024-10-20 04:00:00,159.04,160.0,158.7,159.49,16416.71
2024-10-20 05:00:00,159.49,160.58,159.27,159.34,32990.31
2024-10-20 06:00:00,159.34,159.41,158.58,159.26,26411.367
2024-10-20 07:00:00,159.26,159.46,158.69,158.78,10543.721
2024-10-20 08:00:00,158.78,159.34,158.38,158.79,11286.061
2024-10-20 09:00:00,158.79,159.44,158.58,159.16,9891.072
2024-10-20 10:00:00,159.16,159.42,158.49,158.78,9911.22
2024-10-20 11:00:00,158.78,159.29,158.78,159.18,10348.115
2024-10-20 12:00:00,159.18,159.32,158.29,158.32,17605.665
2024-10-20 13:00:00,158.32,158.73,157.61,158.14,34287.758
2024-10-20 14:00:00,158.14,161.5,158.11,160.81,72552.407
2024-10-20 15:00:00,160.81,160.97,158.87,160.03,61897.187
2024-10-20 16:00:00,160.03,160.34,159.38,159.89,21384.949
2024-10-20 17:00:00,159.89,160.66,159.32,160.21,19641.048
2024-10-20 18:00:00,160.21,161.23,160.11,160.46,17746.053
2024-10-20 19:00:00,160.46,160.59,159.54,160.38,12503.749
2024-10-20 20:00:00,160.38,163.27,160.15,162.74,61947.849
2024-10-20 21:00:00,162.74,163.86,162.74,163.77,56686.261
2024-10-20 22:00:00,163.77,167.33,163.5,166.69,129725.298
2024-10-20 23:00:00,166.69,167.97,166.43,167.4,57060.721
2024-10-21 00:00:00,167.4,169.99,167.19,168.74,72574.762
2024-10-21 01:00:00,168.74,169.93,168.42,169.8,34582.675
2024-10-21 02:00:00,169.8,170.11,168.2,168.47,69559.876
2024-10-21 03:00:00,168.47,169.55,168.28,169.51,46585.503
2024-10-21 04:00:00,169.51,170.87,168.64,170.57,36518.673
2024-10-21 05:00:00,170.57,171.72,169.51,169.61,53123.062
2024-10-21 06:00:00,169.61,171.1,168.73,169.11,30561.885
2024-10-21 07:00:00,169.11,169.85,168.58,168.66,47182.071
2024-10-21 08:00:00,168.66,169.63,166.59,166.59,84055.881
2024-10-21 09:00:00,166.59,167.66,165.74,166.93,51585.382
2024-10-21 10:00:00,166.93,167.36,165.87,166.11,45444.259
2024-10-21 11:00:00,166.11,166.91,165.72,166.4,28473.195
2024-10-21 12:00:00,166.4,167.08,165.39,165.66,30262.299
2024-10-21 13:00:00,165.66,166.17,161.4,162.61,93962.927
2024-10-21 14:00:00,162.61,164.92,162.48,164.27,58195.268
2024-10-21 15:00:00,164.27,165.33,163.09,165.31,46334.435
2024-10-21 16:00:00,165.31,165.36,163.07,164.6,36876.213
2024-10-21 17:00:00,164.6,166.16,164.46,165.71,36394.014
2024-10-21 18:00:00,165.71,166.12,164.84,165.77,30207.299
2024-10-21 19:00:00,165.77,168.11,165.76,167.79,35755.295
2024-10-21 20:00:00,167.79,167.82,166.12,166.53,28813.794
2024-10-21 21:00:00,166.53,168.15,166.45,167.47,29939.813
2024-10-21 22:00:00,167.47,168.11,166.9,167.78,18645.176
2024-10-21 23:00:00,167.78,167.79,166.05,166.17,24765.883
2024-10-22 00:00:00,166.17,166.54,162.97,165.4,61651.976
2024-10-22 01:00:00,165.4,167.33,164.89,167.06,37155.832
2024-10-22 02:00:00,167.06,167.89,165.9,165.99,26507.931
2024-10-22 03:00:00,165.99,166.55,165.5,166.45,20074.092
2024-10-22 04:00:00,166.45,167.52,166.18,167.43,22321.79
2024-10-22 05:00:00,167.43,168.96,167.13,168.5,35203.571
2024-10-22 06:00:00,168.5,168.99,168.28,168.28,25359.65
2024-10-22 07:00:00,168.28,168.59,166.94,167.09,17335.165
2024-10-22 08:00:00,167.09,167.23,165.0,165.66,45402.247
2024-10-22 09:00:00,165.66,165.83,163.5,165.0,59400.23
2024-10-22 10:00:00,165.0,166.86,164.12,166.42,37296.509
2024-10-22 11:00:00,166.42,169.2,166.32,167.89,52875.932
2024-10-22 12:00:00,167.89,169.33,165.61,166.14,80469.08
2024-10-22 13:00:00,166.14,167.09,164.83,166.13,72171.259
2024-10-22 14:00:00,166.13,170.62,165.58,170.14,147880.488
2024-10-22 15:00:00,170.14,170.95,167.36,167.78,63987.862
2024-10-22 16:00:00,167.78,168.18,166.01,166.13,51617.872
2024-10-22 17:00:00,166.13,167.69,166.02,167.24,46171.66
2024-10-22 18:00:00,167.24,168.71,167.15,167.92,25681.11
2024-10-22 19:00:00,167.92,169.17,167.82,168.48,28869.725
2024-10-22 20:00:00,168.48,168.87,167.81,168.29,16146.4
2024-10-22 21:00:00,168.29,168.37,167.12,167.56,14125.502
2024-10-22 22:00:00,167.56,169.22,167.35,168.97,21510.489
2024-10-22 23:00:00,168.97,169.13,166.91,167.6,18474.849
2024-10-23 00:00:00,167.6,167.98,165.91,166.14,32767.509
2024-10-23 01:00:00,166.14,167.53,166.12,167.38,17437.97
2024-10-23 02:00:00,167.38,167.52,165.98,166.01,16614.693
2024-10-23 03:00:00,166.01,166.46,164.56,165.53,33311.642
2024-10-23 04:00:00,165.53,166.22,164.96,165.89,22896.311
2024-10-23 05:00:00,165.89,166.03,164.23,165.06,32572.752
2024-10-23 06:00:00,165.06,166.49,164.79,165.26,51087.732
2024-10-23 07:00:00,165.26,165.74,164.68,165.7,25152.815
2024-10-23 08:00:00,165.7,166.39,164.48,164.88,46365.713
2024-10-23 09:00:00,164.88,166.05,164.15,165.75,32527.709
2024-10-23 10:00:00,165.75,166.86,165.45,165.61,31045.01
2024-10-23 11:00:00,165.61,166.94,165.52,166.42,24805.683
2024-10-23 12:00:00,166.42,167.14,164.96,166.49,48274.285
2024-10-23 13:00:00,166.49,169.45,166.2,169.06,54117.871
2024-10-23 14:00:00,169.06,169.25,167.28,167.78,42760.396
2024-10-23 15:00:00,167.78,168.49,166.33,168.15,64424.293
2024-10-23 16:00:00,168.15,168.67,165.45,165.55,65974.035
2024-10-23 17:00:00,165.55,167.3,165.33,166.27,63503.48
2024-10-23 18:00:00,166.27,170.33,164.71,169.73,165104.461
2024-10-23 19:00:00,169.73,173.92,168.94,173.0,161952.474
2024-10-23 20:00:00,173.0,174.28,172.28,173.59,61266.562
2024-10-23 21:00:00,173.59,173.72,171.19,171.5,44397.746
2024-10-23 22:00:00,171.5,172.0,170.04,170.96,37829.312
2024-10-23 23:00:00,170.96,171.93,170.66,170.85,28159.169
2024-10-24 00:00:00,170.85,172.93,170.51,172.87,34541.861
2024-10-24 01:00:00,172.87,173.89,172.21,172.94,57704.879
2024-10-24 02:00:00,172.94,174.96,172.7,174.54,57490.583
2024-10-24 03:00:00,174.54,175.0,174.16,174.17,31929.168
2024-10-24 04:00:00,174.17,175.26,173.46,173.55,54841.755
2024-10-24 05:00:00,173.55,173.87,172.78,173.18,14903.725
2024-10-24 06:00:00,173.18,174.16,172.87,173.42,27087.91
2024-10-24 07:00:00,173.42,174.0,173.12,173.53,34534.808
2024-10-24 08:00:00,173.53,174.38,172.03,172.09,24430.51
2024-10-24 09:00:00,172.09,172.65,170.96,171.74,48090.395
2024-10-24 10:00:00,171.74,173.32,171.66,172.98,33728.651
2024-10-24 11:00:00,172.98,174.08,172.45,173.87,49507.696
2024-10-24 12:00:00,173.87,175.44,173.71,174.99,48141.444
2024-10-24 13:00:00,174.99,176.35,174.12,175.81,83720.856
2024-10-24 14:00:00,175.81,177.19,174.46,175.79,52781.886
2024-10-24 15:00:00,175.79,177.17,175.15,175.44,55757.395
2024-10-24 16:00:00,175.44,177.3,174.66,176.69,39018.335
2024-10-24 17:00:00,176.69,177.05,175.22,175.45,26292.159
2024-10-24 18:00:00,175.45,176.38,175.29,176.24,19855.32
2024-10-24 19:00:00,176.24,177.8,176.01,177.4,50418.069
2024-10-24 20:00:00,177.4,177.48,176.47,177.36,32478.349
2024-10-24 21:00:00,177.36,178.71,177.14,177.96,37380.655
2024-10-24 22:00:00,177.96,179.28,177.91,178.73,32012.902
2024-10-24 23:00:00,178.73,178.8,176.76,177.18,24591.725
2024-10-25 00:00:00,177.18,177.46,176.2,176.68,25529.44
2024-10-25 01:00:00,176.68,176.69,175.35,175.69,19265.194
2024-10-25 02:00:00,175.69,176.51,175.17,175.73,42042.346
2024-10-25 03:00:00,175.73,176.42,174.32,174.67,55674.059
2024-10-25 04:00:00,174.67,175.05,172.87,173.27,46757.901
2024-10-25 05:00:00,173.27,174.15,172.38,173.85,27739.243
2024-10-25 06:00:00,173.85,174.55,173.3,173.52,35549.029
2024-10-25 07:00:00,173.52,173.94,171.55,171.9,43500.719
2024-10-25 08:00:00,171.9,172.92,170.9,172.33,48993.919
2024-10-25 09:00:00,172.33,173.31,170.82,173.25,38048.4
2024-10-25 10:00:00,173.25,174.01,172.39,173.58,47974.732
2024-10-25 11:00:00,173.58,174.15,173.17,173.62,25979.059
2024-10-25 12:00:00,173.62,174.49,173.26,173.45,21620.333
2024-10-25 13:00:00,173.45,175.43,172.6,175.28,53259.37
2024-10-25 14:00:00,175.28,177.58,174.44,175.58,88449.128
2024-10-25 15:00:00,175.58,176.74,171.24,172.45,59569.561
2024-10-25 16:00:00,172.45,173.01,170.67,172.0,85443.342
2024-10-25 17:00:00,172.0,172.33,166.94,167.93,98785.969
2024-10-25 18:00:00,167.93,171.76,165.13,169.32,320107.72
2024-10-25 19:00:00,169.32,169.74,167.23,168.0,126374.983
2024-10-25 20:00:00,168.0,168.84,166.5,167.16,41849.593
2024-10-25 21:00:00,167.16,168.67,167.12,168.21,23350.743
2024-10-25 22:00:00,168.21,168.24,163.55,163.78,54475.542
2024-10-25 23:00:00,163.78,165.4,158.93,164.9,364863.717
2024-10-26 00:00:00,164.9,165.96,163.79,164.91,86336.955
2024-10-26 01:00:00,164.91,165.34,163.34,163.34,29399.511
2024-10-26 02:00:00,163.34,166.0,162.48,164.87,53655.565
2024-10-26 03:00:00,164.87,165.91,164.17,165.66,31462.881
2024-10-26 04:00:00,165.66,166.6,165.36,166.53,29637.252
2024-10-26 05:00:00,166.53,167.72,166.24,166.84,38144.808
2024-10-26 06:00:00,166.84,168.61,166.4,168.47,30790.164
2024-10-26 07:00:00,168.47,170.0,167.29,167.35,56524.477
2024-10-26 08:00:00,167.35,168.64,167.32,168.42,15952.167
2024-10-26 09:00:00,168.42,169.57,168.1,169.11,30430.556
2024-10-26 10:00:00,169.11,170.33,169.02,169.25,43427.821
2024-10-26 11:00:00,169.25,169.63,168.29,168.69,21957.743
2024-10-26 12:00:00,168.69,169.47,168.38,169.03,20223.147
2024-10-26 13:00:00,169.03,169.27,168.0,168.06,33167.431
2024-10-26 14:00:00,168.06,168.65,167.2,167.68,47119.746
2024-10-26 15:00:00,167.68,169.33,167.35,168.62,32551.887
2024-10-26 16:00:00,168.62,169.78,168.36,169.23,20099.55
2024-10-26 17:00:00,169.23,170.44,168.88,170.1,29965.528
2024-10-26 18:00:00,170.1,170.42,169.54,169.91,29905.853
2024-10-26 19:00:00,169.91,172.37,169.9,171.53,59164.315
2024-10-26 20:00:00,171.53,173.14,171.43,172.57,26782.155
2024-10-26 21:00:00,172.57,173.28,170.94,171.29,28184.103
2024-10-26 22:00:00,171.29,171.83,170.84,171.38,18365.407
2024-10-26 23:00:00,171.38,171.55,170.65,170.86,11298.728
2024-10-27 00:00:00,170.86,171.25,170.27,170.65,12291.124
2024-10-27 01:00:00,170.65,172.5,170.3,172.38,13447.266
2024-10-27 02:00:00,172.38,173.19,171.33,171.57,19040.205
2024-10-27 03:00:00,171.57,172.4,171.11,172.14,14546.199
2024-10-27 04:00:00,172.14,172.7,171.66,172.52,11961.217
2024-10-27 05:00:00,172.52,173.08,172.36,172.56,9983.43
2024-10-27 06:00:00,172.56,173.42,172.17,173.35,13647.479
2024-10-27 07:00:00,173.35,173.52,172.83,173.25,16142.936
2024-10-27 08:00:00,173.25,175.52,173.16,175.27,27866.835
2024-10-27 09:00:00,175.27,175.53,173.69,174.6,27573.764
2024-10-27 10:00:00,174.6,174.72,173.51,173.65,12839.467
2024-10-27 11:00:00,173.65,175.0,173.42,174.02,11659.252
2024-10-27 12:00:00,174.02,176.1,174.02,175.75,34369.731
2024-10-27 13:00:00,175.75,176.74,175.51,175.94,35893.182
2024-10-27 14:00:00,175.94,177.04,175.65,176.45,27207.598
2024-10-27 15:00:00,176.45,176.92,175.65,175.79,16130.147
2024-10-27 16:00:00,175.79,176.7,174.75,176.67,37114.445
2024-10-27 17:00:00,176.67,177.74,176.08,176.13,74674.242
2024-10-27 18:00:00,176.13,177.34,175.72,175.81,26176.409
2024-10-27 19:00:00,175.81,177.36,175.6,177.19,23395.749
2024-10-27 20:00:00,177.19,177.49,176.59,176.85,22988.552
2024-10-27 21:00:00,176.85,178.13,176.54,177.08,18411.66
2024-10-27 22:00:00,177.08,178.15,177.08,177.74,25051.03
2024-10-27 23:00:00,177.74,178.28,176.58,176.62,20638.604
2024-10-28 00:00:00,176.62,177.19,175.77,176.06,22490.165
2024-10-28 01:00:00,176.06,176.61,175.46,175.65,16811.405
2024-10-28 02:00:00,175.65,176.1,174.78,175.14,22075.079
2024-10-28 03:00:00,175.14,176.7,175.03,175.68,38004.104
2024-10-28 04:00:00,175.68,175.68,173.8,175.26,43454.1
2024-10-28 05:00:00,175.26,175.26,173.01,174.38,30188.471
2024-10-28 06:00:00,174.38,174.86,173.38,174.54,20870.058
2024-10-28 07:00:00,174.54,176.74,174.36,175.7,30480.785
2024-10-28 08:00:00,175.7,177.55,175.61,176.85,35739.958
2024-10-28 09:00:00,176.85,177.88,176.43,177.79,19717.079
2024-10-28 10:00:00,177.79,178.56,177.17,177.28,39396.322
2024-10-28 11:00:00,177.28,177.83,176.76,176.97,21202.594
2024-10-28 12:00:00,176.97,177.96,176.34,177.54,37978.866
2024-10-28 13:00:00,177.54,177.9,175.03,175.15,55794.603
2024-10-28 14:00:00,175.15,175.69,173.32,174.99,93825.794
2024-10-28 15:00:00,174.99,175.01,173.32,173.38,41925.813
2024-10-28 16:00:00,173.38,175.16,173.0,173.78,32577.131
2024-10-28 17:00:00,173.78,175.94,172.42,174.8,45204.1
2024-10-28 18:00:00,174.8,175.94,174.56,175.39,38317.903
2024-10-28 19:00:00,175.39,178.08,175.23,176.36,84307.188
2024-10-28 20:00:00,176.36,176.59,175.71,176.58,25598.196
2024-10-28 21:00:00,176.58,177.97,176.28,177.63,21430.778
2024-10-28 22:00:00,177.63,179.8,177.59,178.65,89956.04
2024-10-28 23:00:00,178.65,179.6,177.85,178.28,39021.33
2024-10-29 00:00:00,178.28,179.0,177.36,178.67,26314.907
2024-10-29 01:00:00,178.67,178.75,177.14,178.3,23455.792
2024-10-29 02:00:00,178.3,182.29,177.95,180.86,137461.204
2024-10-29 03:00:00,180.86,181.92,180.44,181.81,73776.989
2024-10-29 04:00:00,181.81,182.73,181.56,181.97,60331.35
2024-10-29 05:00:00,181.97,181.99,180.21,180.9,39425.534
2024-10-29 06:00:00,180.9,181.29,180.06,180.33,25244.943
2024-10-29 07:00:00,180.33,180.6,179.51,180.15,21258.671
2024-10-29 08:00:00,180.15,181.67,180.0,181.05,17428.844
2024-10-29 09:00:00,181.05,181.5,180.67,181.09,18175.864
2024-10-29 10:00:00,181.09,181.41,180.64,181.07,16450.732
2024-10-29 11:00:00,181.07,181.89,180.33,180.82,27833.081
2024-10-29 12:00:00,180.82,180.95,179.23,179.3,27564.733
2024-10-29 13:00:00,179.3,180.13,178.24,179.84,40183.717
2024-10-29 14:00:00,179.84,180.76,178.37,179.41,41468.881
2024-10-29 15:00:00,179.41,181.02,178.96,180.65,45925.71
2024-10-29 16:00:00,180.65,183.43,180.55,182.49,96868.08
2024-10-29 17:00:00,182.49,183.23,180.23,180.89,62870.691
2024-10-29 18:00:00,180.89,182.12,180.51,181.3,38338.39
2024-10-29 19:00:00,181.3,181.92,178.1,178.18,88626.677
2024-10-29 20:00:00,178.18,178.91,176.38,178.4,78246.178
2024-10-29 21:00:00,178.4,179.3,177.89,178.8,19136.172
2024-10-29 22:00:00,178.8,180.29,178.6,179.55,26865.155
2024-10-29 23:00:00,179.55,179.88,178.76,179.44,12786.903
2024-10-30 00:00:00,179.44,179.51,177.94,178.32,22217.515
2024-10-30 01:00:00,178.32,180.1,177.0,179.91,28798.072
2024-10-30 02:00:00,179.91,180.88,179.34,179.69,29144.97
2024-10-30 03:00:00,179.69,180.48,179.68,180.15,14684.926
2024-10-30 04:00:00,180.15,180.86,179.86,180.7,19089.485
2024-10-30 05:00:00,180.7,181.34,179.72,179.99,18576.686
2024-10-30 06:00:00,179.99,180.63,178.71,178.76,19303.256
2024-10-30 07:00:00,178.76,178.94,178.17,178.69,19245.4
2024-10-30 08:00:00,178.69,179.34,177.81,177.9,18427.576
2024-10-30 09:00:00,177.9,178.74,177.62,178.12,16814.183
2024-10-30 10:00:00,178.12,178.26,177.07,177.2,38795.776
2024-10-30 11:00:00,177.2,177.43,175.28,175.68,55630.87
2024-10-30 12:00:00,175.68,175.97,174.62,175.48,43862.717
2024-10-30 13:00:00,175.48,176.64,174.15,176.42,41831.372
2024-10-30 14:00:00,176.42,177.26,175.44,175.83,59103.174
2024-10-30 15:00:00,175.83,175.99,173.16,173.94,50705.469
2024-10-30 16:00:00,173.94,175.28,173.27,175.02,39364.195
2024-10-30 17:00:00,175.02,175.55,174.44,175.38,31855.116
2024-10-30 18:00:00,175.38,175.8,173.65,174.0,43984.206
2024-10-30 19:00:00,174.0,174.76,173.49,174.27,18977.383
2024-10-30 20:00:00,174.27,176.67,173.06,176.65,56207.385
2024-10-30 21:00:00,176.65,177.09,174.03,175.14,29993.546
2024-10-30 22:00:00,175.14,175.6,174.72,175.36,12655.677
2024-10-30 23:00:00,175.36,176.11,174.81,174.88,19828.847
2024-10-31 00:00:00,174.88,175.5,174.85,175.33,15003.963
2024-10-31 01:00:00,175.33,176.15,174.36,175.6,16722.319
2024-10-31 02:00:00,175.6,176.56,175.05,175.87,14940.497
2024-10-31 03:00:00,175.87,176.13,174.15,174.36,18980.793
2024-10-31 04:00:00,174.36,175.33,174.2,175.1,14468.3
2024-10-31 05:00:00,175.1,176.0,174.97,175.15,11977.413
2024-10-31 06:00:00,175.15,175.33,173.53,173.71,31992.845
2024-10-31 07:00:00,173.71,174.88,173.14,174.48,15873.958
2024-10-31 08:00:00,174.48,174.58,173.29,174.19,14716.438
2024-10-31 09:00:00,174.19,175.45,174.04,175.21,18585.646
2024-10-31 10:00:00,175.21,176.32,174.65,176.29,18383.582
2024-10-31 11:00:00,176.29,176.35,174.76,175.02,18803.694
2024-10-31 12:00:00,175.02,175.44,174.1,174.23,22559.616
2024-10-31 13:00:00,174.23,174.46,171.32,171.91,51523.685
2024-10-31 14:00:00,171.91,172.07,169.3,170.42,104958.355
2024-10-31 15:00:00,170.42,172.03,170.26,170.64,58149.072
2024-10-31 16:00:00,170.64,170.74,169.34,169.8,67541.328
2024-10-31 17:00:00,169.8,170.75,169.38,170.32,36309.146
2024-10-31 18:00:00,170.32,170.34,168.59,169.63,37253.748
2024-10-31 19:00:00,169.63,170.39,168.52,168.69,32738.214
2024-10-31 20:00:00,168.69,170.28,168.38,169.6,36598.14
2024-10-31 21:00:00,169.6,169.95,169.06,169.13,13581.954
2024-10-31 22:00:00,169.13,169.72,167.57,169.5,25307.55
2024-10-31 23:00:00,169.5,169.87,168.46,168.67,14194.817
2024-11-01 00:00:00,168.67,169.26,168.36,169.07,14407.258
2024-11-01 01:00:00,169.07,169.42,166.5,167.17,34405.129
2024-11-01 02:00:00,167.17,167.9,165.4,167.66,50878.592
2024-11-01 03:00:00,167.66,168.08,166.86,167.16,15488.755
2024-11-01 04:00:00,167.16,167.52,166.73,167.4,11686.645
2024-11-01 05:00:00,167.4,167.62,166.79,166.93,9286.213
2024-11-01 06:00:00,166.93,167.11,165.31,165.46,34080.216
2024-11-01 07:00:00,165.46,166.27,165.04,165.95,18605.116
2024-11-01 08:00:00,165.95,166.57,165.54,165.8,17035.517
2024-11-01 09:00:00,165.8,167.01,165.0,166.99,23888.933
2024-11-01 10:00:00,166.99,168.84,166.91,168.19,37431.577
2024-11-01 11:00:00,168.19,168.68,167.67,167.88,25361.415
2024-11-01 12:00:00,167.88,169.78,167.72,169.68,31177.228
2024-11-01 13:00:00,169.68,173.0,169.2,172.96,54084.307
2024-11-01 14:00:00,172.96,174.06,170.53,171.48,73719.423
2024-11-01 15:00:00,171.48,171.74,163.49,164.14,118660.653
2024-11-01 16:00:00,164.14,167.69,163.68,166.32,73797.065
2024-11-01 17:00:00,166.32,167.82,165.9,166.51,34514.197
2024-11-01 18:00:00,166.51,167.11,165.95,166.16,28786.933
2024-11-01 19:00:00,166.16,166.82,165.38,166.6,31944.587
2024-11-01 20:00:00,166.6,167.13,165.61,165.68,17502.243
2024-11-01 21:00:00,165.68,165.68,163.91,165.25,19895.539
2024-11-01 22:00:00,165.25,165.92,164.71,165.85,15752.841
2024-11-01 23:00:00,165.85,166.41,165.57,166.1,10101.631
2024-11-02 00:00:00,166.1,167.35,166.03,166.85,13713.259
2024-11-02 01:00:00,166.85,167.74,166.77,167.38,10141.441
2024-11-02 02:00:00,167.38,168.62,167.2,167.47,23706.326
2024-11-02 03:00:00,167.47,167.72,166.71,167.01,9230.239
2024-11-02 04:00:00,167.01,167.13,166.26,166.3,9253.62
2024-11-02 05:00:00,166.3,166.99,165.6,166.89,15810.568
2024-11-02 06:00:00,166.89,166.99,166.24,166.9,6585.416
2024-11-02 07:00:00,166.9,167.68,166.45,167.63,14332.356
2024-11-02 08:00:00,167.63,167.87,166.5,166.62,9754.264
2024-11-02 09:00:00,166.62,167.12,166.22,166.37,8947.581
2024-11-02 10:00:00,166.37,166.58,165.93,166.41,9428.934
2024-11-02 11:00:00,166.41,166.55,165.86,166.02,12084.748
2024-11-02 12:00:00,166.02,166.46,164.78,164.96,28679.016
2024-11-02 13:00:00,164.96,165.91,164.12,164.24,27460.308
2024-11-02 14:00:00,164.24,164.65,162.57,163.46,64279.834
2024-11-02 15:00:00,163.46,163.92,162.1,163.81,44029.704
2024-11-02 16:00:00,163.81,165.42,163.57,164.81,21482.883
2024-11-02 17:00:00,164.81,164.83,163.6,163.99,15719.23
2024-11-02 18:00:00,163.99,164.28,162.99,163.97,18885.349
2024-11-02 19:00:00,163.97,165.35,163.84,165.17,12263.042
2024-11-02 20:00:00,165.17,166.88,164.94,166.66,25596.483
2024-11-02 21:00:00,166.66,166.93,166.19,166.21,8167.263
2024-11-02 22:00:00,166.21,166.68,165.68,165.89,10130.899
2024-11-02 23:00:00,165.89,166.16,165.19,166.15,10335.097
2024-11-03 00:00:00,166.15,166.61,165.13,165.13,15654.932
2024-11-03 01:00:00,165.13,165.44,163.86,163.87,30059.689
2024-11-03 02:00:00,163.87,164.36,161.02,162.2,73545.286
2024-11-03 03:00:00,162.2,162.53,160.85,161.94,87405.392
2024-11-03 04:00:00,161.94,163.63,161.8,163.1,25883.613
2024-11-03 05:00:00,163.1,163.43,162.0,162.02,12486.276
2024-11-03 06:00:00,162.02,163.62,161.8,163.18,18293.789
2024-11-03 07:00:00,163.18,164.1,163.0,163.54,17601.999
2024-11-03 08:00:00,163.54,164.04,163.12,163.8,24185.189
2024-11-03 09:00:00,163.8,164.11,162.66,162.89,15815.5
2024-11-03 10:00:00,162.89,164.54,162.89,164.13,18648.656
2024-11-03 11:00:00,164.13,164.85,162.98,163.6,44671.604
2024-11-03 12:00:00,163.6,164.59,163.19,163.54,15837.143
2024-11-03 13:00:00,163.54,163.8,160.69,161.04,44061.202
2024-11-03 14:00:00,161.04,161.6,158.74,159.32,87552.166
2024-11-03 15:00:00,159.32,160.25,157.85,159.98,75263.823
2024-11-03 16:00:00,159.98,161.35,159.37,159.51,64558.443
2024-11-03 17:00:00,159.51,161.84,159.5,161.02,22959.414
2024-11-03 18:00:00,161.02,161.34,158.06,158.91,37787.108
2024-11-03 19:00:00,158.91,161.29,158.81,161.07,31282.35
2024-11-03 20:00:00,161.07,162.85,160.5,162.75,37459.645
2024-11-03 21:00:00,162.75,163.86,162.51,163.27,33556.803
2024-11-03 22:00:00,163.27,163.79,162.33,162.83,20456.52
2024-11-03 23:00:00,162.83,163.13,161.76,162.52,20299.912
2024-11-04 00:00:00,162.52,162.53,160.44,161.62,24919.383
2024-11-04 01:00:00,161.62,163.63,161.21,162.91,28308.012
2024-11-04 02:00:00,162.91,164.47,162.43,164.44,26937.79
2024-11-04 03:00:00,164.44,165.02,162.73,162.83,25614.324
2024-11-04 04:00:00,162.83,163.87,162.77,163.01,11861.659
2024-11-04 05:00:00,163.01,163.15,161.37,161.51,16422.379
2024-11-04 06:00:00,161.51,162.75,161.47,162.62,16338.864
2024-11-04 07:00:00,162.62,162.76,161.35,161.39,20117.522
2024-11-04 08:00:00,161.39,161.95,160.07,160.66,28198.327
2024-11-04 09:00:00,160.66,162.02,160.63,161.85,24498.671
2024-11-04 10:00:00,161.85,163.82,161.61,163.42,32245.012
2024-11-04 11:00:00,163.42,164.82,163.0,164.08,42696.913
2024-11-04 12:00:00,164.08,164.99,163.53,164.19,30991.905
2024-11-04 13:00:00,164.19,165.0,163.29,163.35,26548.162
2024-11-04 14:00:00,163.35,164.42,162.01,162.54,44991.857
2024-11-04 15:00:00,162.54,163.55,161.6,163.03,34405.722
2024-11-04 16:00:00,163.03,163.44,159.85,160.17,57797.767
2024-11-04 17:00:00,160.17,161.7,159.76,160.58,39345.021
2024-11-04 18:00:00,160.58,161.36,159.13,159.19,32297.471
2024-11-04 19:00:00,159.19,160.24,159.15,159.59,24257.694
2024-11-04 20:00:00,159.59,160.05,158.21,158.36,30047.49
2024-11-04 21:00:00,158.36,159.17,155.11,155.36,81648.711
2024-11-04 22:00:00,155.36,158.83,155.1,158.03,47139.931
2024-11-04 23:00:00,158.03,158.35,157.15,157.94,28680.213
2024-11-05 00:00:00,157.94,159.15,157.83,158.58,27118.933
2024-11-05 01:00:00,158.58,158.83,156.88,158.27,29274.915
2024-11-05 02:00:00,158.27,159.16,157.97,158.28,18381.914
2024-11-05 03:00:00,158.28,159.72,158.23,159.67,22256.423
2024-11-05 04:00:00,159.67,160.4,159.36,159.99,18953.574
2024-11-05 05:00:00,159.99,161.06,159.72,160.81,16476.31
2024-11-05 06:00:00,160.81,161.1,159.97,160.95,12729.149
2024-11-05 07:00:00,160.95,162.42,160.69,162.03,23155.665
2024-11-05 08:00:00,162.03,162.54,161.68,162.52,27806.358
2024-11-05 09:00:00,162.52,163.06,161.77,161.79,23341.673
2024-11-05 10:00:00,161.79,161.96,161.01,161.71,22960.386
2024-11-05 11:00:00,161.71,162.81,161.71,162.37,18730.883
2024-11-05 12:00:00,162.37,164.42,161.82,163.41,45271.069
2024-11-05 13:00:00,163.41,163.89,162.8,163.7,24972.264
2024-11-05 14:00:00,163.7,167.88,163.38,166.9,86001.67
2024-11-05 15:00:00,166.9,167.53,164.68,165.88,73217.71
2024-11-05 16:00:00,165.88,168.88,165.66,168.52,56159.263
2024-11-05 17:00:00,168.52,169.31,166.64,166.7,39314.296
2024-11-05 18:00:00,166.7,167.35,165.96,166.84,30934.549
2024-11-05 19:00:00,166.84,167.4,163.38,164.06,73529.097
2024-11-05 20:00:00,164.06,166.94,163.29,166.81,58167.448
2024-11-05 21:00:00,166.81,166.95,165.09,165.38,23596.206
2024-11-05 22:00:00,165.38,167.45,164.47,167.41,26187.975
2024-11-05 23:00:00,167.41,167.71,166.35,166.63,25342.127
2024-11-06 00:00:00,166.63,173.06,166.39,172.48,105092.368
2024-11-06 01:00:00,172.48,174.69,171.59,173.31,96787.756
2024-11-06 02:00:00,173.31,180.07,172.57,179.64,130209.212
2024-11-06 03:00:00,179.64,184.99,179.22,184.93,263712.988
2024-11-06 04:00:00,184.93,188.48,182.52,185.1,202222.579
2024-11-06 05:00:00,185.1,185.87,183.62,185.22,99268.685
2024-11-06 06:00:00,185.22,188.11,184.9,185.2,92957.692
2024-11-06 07:00:00,185.2,188.22,183.09,183.83,178894.875
2024-11-06 08:00:00,183.83,184.47,180.19,183.15,182725.291
2024-11-06 09:00:00,183.15,185.05,183.15,184.28,43712.49
2024-11-06 10:00:00,184.28,185.47,183.34,185.14,39676.395
2024-11-06 11:00:00,185.14,186.85,184.63,186.74,45241.2
2024-11-06 12:00:00,186.74,188.75,186.08,186.32,62363.17
2024-11-06 13:00:00,186.32,187.56,185.48,186.95,53175.587
2024-11-06 14:00:00,186.95,188.56,184.52,184.95,76304.083
2024-11-06 15:00:00,184.95,187.8,184.27,185.49,58867.852
2024-11-06 16:00:00,185.49,186.22,184.72,186.18,35996.385
2024-11-06 17:00:00,186.18,186.76,185.02,185.68,46776.971
2024-11-06 18:00:00,185.68,187.62,185.57,187.58,43633.179
2024-11-06 19:00:00,187.58,188.42,186.52,188.42,45097.857
2024-11-06 20:00:00,188.42,188.62,186.43,187.45,38078.839
2024-11-06 21:00:00,187.45,190.0,186.52,188.88,78748.717
2024-11-06 22:00:00,188.88,190.08,188.31,189.02,30530.091
2024-11-06 23:00:00,189.02,189.19,186.51,186.53,32057.621
2024-11-07 00:00:00,186.53,187.46,185.83,187.26,28095.666
2024-11-07 01:00:00,187.26,191.88,186.81,189.47,63302.982
2024-11-07 02:00:00,189.47,191.98,189.36,191.47,37739.83
2024-11-07 03:00:00,191.47,191.49,188.6,189.09,31761.724
2024-11-07 04:00:00,189.09,190.05,188.12,188.46,34246.297
2024-11-07 05:00:00,188.46,188.92,187.76,188.85,30199.584
2024-11-07 06:00:00,188.85,188.98,186.01,187.44,35059.082
2024-11-07 07:00:00,187.44,188.42,186.98,187.99,18363.919
2024-11-07 08:00:00,187.99,189.34,187.88,188.98,22120.845
2024-11-07 09:00:00,188.98,188.99,187.62,188.4,15786.109
2024-11-07 10:00:00,188.4,188.46,186.63,187.56,23059.366
2024-11-07 11:00:00,187.56,187.87,186.0,186.05,22962.926
2024-11-07 12:00:00,186.05,187.93,186.0,187.59,22434.83
2024-11-07 13:00:00,187.59,188.47,186.0,186.09,27365.091
2024-11-07 14:00:00,186.09,188.35,186.0,187.66,33913.059
2024-11-07 15:00:00,187.66,192.76,187.36,192.67,94267.917
2024-11-07 16:00:00,192.67,194.44,191.05,193.93,81160.949
2024-11-07 17:00:00,193.93,196.16,192.62,195.93,64636.267
2024-11-07 18:00:00,195.93,197.97,194.66,196.83,91190.16
2024-11-07 19:00:00,196.83,197.25,194.34,197.0,52784.098
2024-11-07 20:00:00,197.0,197.61,195.83,197.08,49377.121
2024-11-07 21:00:00,197.08,197.81,196.24,196.24,29431.927
2024-11-07 22:00:00,196.24,196.83,194.51,195.28,21245.823
2024-11-07 23:00:00,195.28,196.54,194.13,196.33,20969.51
2024-11-08 00:00:00,196.33,201.12,196.33,198.91,90848.987
2024-11-08 01:00:00,198.91,200.36,197.48,198.29,40933.0
2024-11-08 02:00:00,198.29,198.55,195.64,195.93,27478.368
2024-11-08 03:00:00,195.93,198.6,195.73,198.18,25326.653
2024-11-08 04:00:00,198.18,198.93,197.61,197.78,12849.399
2024-11-08 05:00:00,197.78,200.23,197.72,199.19,28694.485
2024-11-08 06:00:00,199.19,199.79,198.0,198.78,27209.364
2024-11-08 07:00:00,198.78,200.81,197.36,200.36,46791.649
2024-11-08 08:00:00,200.36,200.52,198.14,199.26,55665.521
2024-11-08 09:00:00,199.26,202.94,198.9,202.28,41254.891
2024-11-08 10:00:00,202.28,204.22,201.03,203.61,40158.439
2024-11-08 11:00:00,203.61,204.84,202.94,203.04,44376.396
2024-11-08 12:00:00,203.04,204.08,202.32,202.62,30455.744
2024-11-08 13:00:00,202.62,205.12,202.16,204.55,44828.684
2024-11-08 14:00:00,204.55,205.0,199.43,199.63,67288.331
2024-11-08 15:00:00,199.63,202.06,198.39,200.95,84940.328
2024-11-08 16:00:00,200.95,201.56,196.96,197.09,56248.495
2024-11-08 17:00:00,197.09,199.58,196.22,199.16,47526.888
2024-11-08 18:00:00,199.16,202.12,198.53,199.62,52073.547
2024-11-08 19:00:00,199.62,201.6,199.56,199.57,30231.297
2024-11-08 20:00:00,199.57,200.19,197.64,198.46,27569.545
2024-11-08 21:00:00,198.46,199.16,197.12,198.84,23336.592
2024-11-08 22:00:00,198.84,199.73,198.27,198.92,21899.294
2024-11-08 23:00:00,198.92,200.0,198.18,199.87,17906.2
2024-11-09 00:00:00,199.87,200.14,198.64,199.67,22426.833
2024-11-09 01:00:00,199.67,200.12,198.71,199.38,27709.647
2024-11-09 02:00:00,199.38,199.87,197.2,199.54,29372.011
2024-11-09 03:00:00,199.54,200.27,198.2,198.99,29516.922
2024-11-09 04:00:00,198.99,200.14,198.99,199.66,18642.783
2024-11-09 05:00:00,199.66,201.83,199.48,200.92,56556.962
2024-11-09 06:00:00,200.92,202.44,200.43,200.85,35833.989
2024-11-09 07:00:00,200.85,200.96,199.67,200.28,18727.169
2024-11-09 08:00:00,200.28,202.59,199.91,201.42,33266.99
2024-11-09 09:00:00,201.42,202.63,201.36,201.76,24054.181
2024-11-09 10:00:00,201.76,203.43,201.36,203.01,23432.552
2024-11-09 11:00:00,203.01,203.14,201.4,202.18,31019.873
2024-11-09 12:00:00,202.18,202.59,199.99,200.01,21142.045
2024-11-09 13:00:00,200.01,201.02,199.38,199.58,23959.134
2024-11-09 14:00:00,199.58,199.62,197.44,198.23,107242.402
2024-11-09 15:00:00,198.23,198.75,197.37,198.4,27714.68
2024-11-09 16:00:00,198.4,198.7,196.55,196.78,30369.042
2024-11-09 17:00:00,196.78,198.07,195.01,198.02,51991.762
2024-11-09 18:00:00,198.02,198.96,197.79,198.82,19853.771
2024-11-09 19:00:00,198.82,199.61,197.47,197.74,40474.899
2024-11-09 20:00:00,197.74,198.66,197.39,198.52,22127.293
2024-11-09 21:00:00,198.52,199.43,198.02,198.33,20018.103
2024-11-09 22:00:00,198.33,200.08,198.11,200.04,20709.213
2024-11-09 23:00:00,200.04,202.0,199.62,199.88,49164.379
2024-11-10 00:00:00,199.88,201.79,198.59,200.47,52921.688
2024-11-10 01:00:00,200.47,200.7,198.75,200.08,24337.047
2024-11-10 02:00:00,200.08,204.98,199.97,202.42,145885.073
2024-11-10 03:00:00,202.42,203.31,201.38,201.41,33286.413
2024-11-10 04:00:00,201.41,205.51,200.92,205.03,81261.778
2024-11-10 05:00:00,205.03,209.0,204.4,206.74,131133.072
2024-11-10 06:00:00,206.74,207.28,204.74,205.7,95119.349
2024-11-10 07:00:00,205.7,206.7,204.94,204.98,63369.335
2024-11-10 08:00:00,204.98,205.56,203.98,205.27,44005.818
2024-11-10 09:00:00,205.27,206.25,204.67,205.25,34079.497
2024-11-10 10:00:00,205.25,206.2,204.5,205.36,42006.979
2024-11-10 11:00:00,205.36,207.46,204.74,206.62,52573.706
2024-11-10 12:00:00,206.62,207.71,203.46,205.45,70429.53
2024-11-10 13:00:00,205.45,206.83,204.79,206.65,28864.151
2024-11-10 14:00:00,206.65,209.49,204.32,206.5,72475.264
2024-11-10 15:00:00,206.5,213.33,205.54,212.21,169974.619
2024-11-10 16:00:00,212.21,212.73,208.99,210.98,76864.699
2024-11-10 17:00:00,210.98,215.4,210.49,212.77,94672.819
2024-11-10 18:00:00,212.77,214.86,211.84,212.22,90975.473
2024-11-10 19:00:00,212.22,213.05,206.18,208.46,95323.648
2024-11-10 20:00:00,208.46,209.49,202.37,202.5,82968.357
2024-11-10 21:00:00,202.5,208.22,199.66,207.29,108388.324
2024-11-10 22:00:00,207.29,214.05,206.66,210.53,85144.633
2024-11-10 23:00:00,210.53,211.25,208.55,210.07,36746.961
2024-11-11 00:00:00,210.07,211.18,209.45,210.7,53435.511
2024-11-11 01:00:00,210.7,212.5,209.4,210.46,52218.257
2024-11-11 02:00:00,210.46,211.68,209.44,211.5,39301.716
2024-11-11 03:00:00,211.5,211.57,208.13,210.0,38465.09
2024-11-11 04:00:00,210.0,210.26,206.44,207.88,46191.675
2024-11-11 05:00:00,207.88,208.16,204.08,206.1,74764.112
2024-11-11 06:00:00,206.1,208.15,204.98,207.01,55420.936
2024-11-11 07:00:00,207.01,208.66,206.44,207.97,34216.488
2024-11-11 08:00:00,207.97,209.42,206.55,208.76,40143.854
2024-11-11 09:00:00,208.76,211.21,208.02,211.07,52017.506
2024-11-11 10:00:00,211.07,216.8,210.94,215.67,109098.764
2024-11-11 11:00:00,215.67,217.69,214.67,217.63,92001.789
2024-11-11 12:00:00,217.63,219.44,215.31,215.99,115650.962
2024-11-11 13:00:00,215.99,217.2,214.46,217.04,54722.589
2024-11-11 14:00:00,217.04,221.17,216.36,218.86,127131.396
2024-11-11 15:00:00,218.86,220.76,217.41,219.07,124151.481
2024-11-11 16:00:00,219.07,222.28,217.65,217.99,123384.548
2024-11-11 17:00:00,217.99,220.54,217.44,219.07,64188.812
2024-11-11 18:00:00,219.07,219.71,216.55,219.29,73382.667
2024-11-11 19:00:00,219.29,221.08,216.22,217.78,105701.932
2024-11-11 20:00:00,217.78,223.0,217.49,218.7,109718.239
2024-11-11 21:00:00,218.7,221.22,217.73,218.84,96691.299
2024-11-11 22:00:00,218.84,220.42,216.6,220.26,70702.875
2024-11-11 23:00:00,220.26,224.1,219.55,222.11,123553.734
2024-11-12 00:00:00,222.11,222.56,215.17,220.48,133998.136
2024-11-12 01:00:00,220.48,221.44,218.31,218.9,83820.461
2024-11-12 02:00:00,218.9,219.88,215.28,217.53,68441.9
2024-11-12 03:00:00,217.53,220.89,216.37,220.63,49241.434
2024-11-12 04:00:00,220.63,221.56,218.37,218.41,58565.493
2024-11-12 05:00:00,218.41,220.25,216.13,217.75,51201.334
2024-11-12 06:00:00,217.75,221.03,217.4,219.86,46443.69
2024-11-12 07:00:00,219.86,221.87,218.53,221.78,55516.534
2024-11-12 08:00:00,221.78,225.0,220.62,224.86,73548.637
2024-11-12 09:00:00,224.86,225.25,215.65,215.69,127716.543
2024-11-12 10:00:00,215.69,217.49,208.71,213.26,235869.023
2024-11-12 11:00:00,213.26,215.86,210.92,211.18,95048.439
2024-11-12 12:00:00,211.18,214.02,207.43,208.93,99126.272
2024-11-12 13:00:00,208.93,210.26,204.72,209.62,115196.205
2024-11-12 14:00:00,209.62,213.42,206.91,213.32,92190.43
2024-11-12 15:00:00,213.32,213.66,209.89,210.54,80978.068
2024-11-12 16:00:00,210.54,212.62,206.72,211.6,98166.607
2024-11-12 17:00:00,211.6,212.7,209.58,209.63,34928.199
2024-11-12 18:00:00,209.63,214.48,209.56,213.3,56526.146
2024-11-12 19:00:00,213.3,215.37,212.85,213.2,45760.054
2024-11-12 20:00:00,213.2,213.85,211.6,212.86,37698.571
2024-11-12 21:00:00,212.86,213.62,210.03,212.93,58834.791
2024-11-12 22:00:00,212.93,215.52,211.82,215.13,35101.296
2024-11-12 23:00:00,215.13,215.13,211.41,211.63,37027.305
2024-11-13 00:00:00,211.63,213.25,210.35,210.52,52990.258
2024-11-13 01:00:00,210.52,211.97,208.05,210.41,58202.274
2024-11-13 02:00:00,210.41,210.73,204.37,207.41,67271.909
2024-11-13 03:00:00,207.41,208.16,203.09,203.2,70330.301
2024-11-13 04:00:00,203.2,205.69,200.75,205.3,103773.947
2024-11-13 05:00:00,205.3,207.32,203.83,204.56,106366.495
2024-11-13 06:00:00,204.56,206.51,201.74,202.34,114742.394
2024-11-13 07:00:00,202.34,205.77,201.54,205.24,113760.109
2024-11-13 08:00:00,205.24,207.14,203.87,205.9,60403.798
2024-11-13 09:00:00,205.9,208.07,205.22,206.35,69341.868
2024-11-13 10:00:00,206.35,208.52,205.71,207.3,47502.169
2024-11-13 11:00:00,207.3,209.41,206.85,207.69,50536.906
2024-11-13 12:00:00,207.69,208.5,206.01,207.48,44240.655
2024-11-13 13:00:00,207.48,215.33,206.4,212.46,200579.645
2024-11-13 14:00:00,212.46,217.32,209.92,216.7,216508.165
2024-11-13 15:00:00,216.7,217.08,211.51,216.36,176270.314
2024-11-13 16:00:00,216.36,218.29,212.59,217.21,112754.856
2024-11-13 17:00:00,217.21,220.49,215.93,219.01,122780.378
2024-11-13 18:00:00,219.01,220.16,216.75,219.66,109451.515
2024-11-13 19:00:00,219.66,220.27,210.22,210.83,200261.304
2024-11-13 20:00:00,210.83,214.36,208.04,211.7,109395.516
2024-11-13 21:00:00,211.7,212.05,205.86,210.12,115861.547
2024-11-13 22:00:00,210.12,214.5,209.48,213.04,46798.468
2024-11-13 23:00:00,213.04,215.5,211.91,215.14,43889.941
2024-11-14 00:00:00,215.14,215.76,213.05,213.22,48875.721
2024-11-14 01:00:00,213.22,216.14,212.04,216.04,53586.062
2024-11-14 02:00:00,216.04,216.35,213.14,214.89,44554.565
2024-11-14 03:00:00,214.89,219.52,212.74,219.45,64478.77
2024-11-14 04:00:00,219.45,220.51,216.96,220.02,50087.593
2024-11-14 05:00:00,220.02,220.12,217.15,218.93,105830.913
2024-11-14 06:00:00,218.93,220.75,215.81,215.84,56092.35
2024-11-14 07:00:00,215.84,219.05,215.16,218.12,54198.299
2024-11-14 08:00:00,218.12,220.99,217.63,219.36,58113.089
2024-11-14 09:00:00,219.36,222.91,219.31,221.77,78952.477
2024-11-14 10:00:00,221.77,222.21,217.02,217.43,55232.233
2024-11-14 11:00:00,217.43,217.9,213.49,216.03,80564.741
2024-11-14 12:00:00,216.03,217.5,215.05,216.38,40810.569
2024-11-14 13:00:00,216.38,217.86,213.53,214.3,55728.62
2024-11-14 14:00:00,214.3,218.0,210.22,210.44,127660.185
2024-11-14 15:00:00,210.44,213.55,209.07,210.87,126494.209
2024-11-14 16:00:00,210.87,217.17,209.84,217.11,96955.407
2024-11-14 17:00:00,217.11,217.12,214.4,215.41,46183.711
2024-11-14 18:00:00,215.41,216.82,213.94,214.45,41444.223
2024-11-14 19:00:00,214.45,216.2,214.28,215.62,45941.282
2024-11-14 20:00:00,215.62,215.62,212.01,213.67,55782.788
2024-11-14 21:00:00,213.67,215.33,212.14,214.56,55075.523
2024-11-14 22:00:00,214.56,214.83,210.01,212.04,52500.872
2024-11-14 23:00:00,212.04,212.69,206.71,209.57,67293.448
2024-11-15 00:00:00,209.57,213.06,209.15,209.79,49196.383
2024-11-15 01:00:00,209.79,211.08,208.31,209.99,50698.042
2024-11-15 02:00:00,209.99,210.76,208.02,210.24,22747.129
2024-11-15 03:00:00,210.24,210.72,208.74,209.07,24337.056
2024-11-15 04:00:00,209.07,209.2,204.42,205.83,68842.346
2024-11-15 05:00:00,205.83,208.69,204.86,208.48,37242.33
2024-11-15 06:00:00,208.48,210.6,208.46,209.89,26787.184
2024-11-15 07:00:00,209.89,210.69,209.14,209.19,19418.633
2024-11-15 08:00:00,209.19,211.38,207.81,211.34,34042.378
2024-11-15 09:00:00,211.34,213.44,211.01,213.03,41292.463
2024-11-15 10:00:00,213.03,213.93,212.4,213.41,25056.631
2024-11-15 11:00:00,213.41,213.77,212.25,213.59,27795.789
2024-11-15 12:00:00,213.59,215.17,212.74,214.03,46982.1
2024-11-15 13:00:00,214.03,215.02,213.21,214.76,35424.341
2024-11-15 14:00:00,214.76,215.35,210.2,211.28,60951.434
2024-11-15 15:00:00,211.28,211.28,206.68,208.36,101451.942
2024-11-15 16:00:00,208.36,211.35,208.04,209.58,51521.671
2024-11-15 17:00:00,209.58,212.46,209.28,210.75,47320.167
2024-11-15 18:00:00,210.75,211.41,208.94,210.62,34096.255
2024-11-15 19:00:00,210.62,213.56,210.36,212.35,40232.618
2024-11-15 20:00:00,212.35,216.09,212.23,216.04,67942.619
2024-11-15 21:00:00,216.04,219.49,215.33,218.84,86374.381
2024-11-15 22:00:00,218.84,219.72,217.58,218.26,51866.109
2024-11-15 23:00:00,218.26,220.58,218.15,218.46,64693.5
2024-11-16 00:00:00,218.46,218.56,215.86,217.11,38768.081
2024-11-16 01:00:00,217.11,218.96,216.95,218.43,21942.9
2024-11-16 02:00:00,218.43,219.94,218.1,218.84,16707.714
2024-11-16 03:00:00,218.84,221.62,218.63,221.34,30926.83
2024-11-16 04:00:00,221.34,221.82,219.73,219.92,21867.483
2024-11-16 05:00:00,219.92,221.86,219.47,220.9,18838.656
2024-11-16 06:00:00,220.9,220.96,218.45,218.59,29612.334
2024-11-16 07:00:00,218.59,220.16,218.54,218.88,17780.501
2024-11-16 08:00:00,218.88,219.6,217.98,219.34,22110.064
2024-11-16 09:00:00,219.34,219.8,217.44,217.6,28618.457
2024-11-16 10:00:00,217.6,219.06,217.27,218.36,21048.433
2024-11-16 11:00:00,218.36,218.92,216.59,218.87,22711.91
2024-11-16 12:00:00,218.87,221.79,216.17,219.2,84295.051
2024-11-16 13:00:00,219.2,221.18,217.73,217.85,31958.69
2024-11-16 14:00:00,217.85,219.16,216.51,217.18,43348.51
2024-11-16 15:00:00,217.18,217.42,213.7,214.98,76695.114
2024-11-16 16:00:00,214.98,215.99,213.39,214.42,39735.443
2024-11-16 17:00:00,214.42,216.3,213.05,215.53,49141.013
2024-11-16 18:00:00,215.53,216.92,215.0,216.46,25513.089
2024-11-16 19:00:00,216.46,216.99,215.79,216.26,21555.459
2024-11-16 20:00:00,216.26,216.91,214.71,215.32,20249.896
2024-11-16 21:00:00,215.32,217.11,215.03,216.98,16054.449
2024-11-16 22:00:00,216.98,217.34,214.13,214.21,20867.564
2024-11-16 23:00:00,214.21,216.24,213.98,215.73,19435.686
2024-11-17 00:00:00,215.73,218.57,215.53,217.7,24879.111
2024-11-17 01:00:00,217.7,219.56,214.22,216.13,59472.397
2024-11-17 02:00:00,216.13,217.29,212.08,216.18,77857.24
2024-11-17 03:00:00,216.18,221.47,215.02,221.39,60729.723
2024-11-17 04:00:00,221.39,236.22,221.39,235.07,325569.432
2024-11-17 05:00:00,235.07,239.38,234.33,236.62,128508.398
2024-11-17 06:00:00,236.62,239.82,235.65,239.4,68176.888
2024-11-17 07:00:00,239.4,239.78,236.48,237.25,49482.986
2024-11-17 08:00:00,237.25,242.1,237.24,237.76,91054.723
2024-11-17 09:00:00,237.76,238.76,235.77,238.12,57193.85
2024-11-17 10:00:00,238.12,241.33,237.46,240.66,53979.7
2024-11-17 11:00:00,240.66,241.74,234.35,234.85,83210.938
2024-11-17 12:00:00,234.85,236.07,231.62,234.8,70650.551
2024-11-17 13:00:00,234.8,234.87,229.56,231.5,95317.949
2024-11-17 14:00:00,231.5,233.97,231.04,233.39,39598.677
2024-11-17 15:00:00,233.39,235.19,232.32,233.97,32131.826
2024-11-17 16:00:00,233.97,234.8,232.3,233.54,36065.065
2024-11-17 17:00:00,233.54,234.88,231.6,233.88,40546.091
2024-11-17 18:00:00,233.88,234.41,231.19,232.78,43000.332
2024-11-17 19:00:00,232.78,235.58,231.62,235.35,40444.347
2024-11-17 20:00:00,235.35,237.28,233.78,235.88,48149.499
2024-11-17 21:00:00,235.88,236.77,232.78,233.03,47228.963
2024-11-17 22:00:00,233.03,235.89,231.59,234.7,53244.843
2024-11-17 23:00:00,234.7,238.43,233.33,237.48,50914.95
2024-11-18 00:00:00,237.48,238.54,234.01,235.12,46123.828
2024-11-18 01:00:00,235.12,239.83,234.39,237.6,51377.927
2024-11-18 02:00:00,237.6,240.07,237.24,239.66,36657.437
2024-11-18 03:00:00,239.66,244.24,237.22,244.15,65766.663
2024-11-18 04:00:00,244.15,245.25,240.6,242.56,66617.778
2024-11-18 05:00:00,242.56,244.57,241.51,243.18,60388.395
2024-11-18 06:00:00,243.18,243.84,241.3,242.04,50478.373
2024-11-18 07:00:00,242.04,243.4,239.51,242.04,66215.916
2024-11-18 08:00:00,242.04,243.14,239.74,242.68,44827.537
2024-11-18 09:00:00,242.68,245.6,241.18,244.67,48091.644
2024-11-18 10:00:00,244.67,248.56,243.6,247.37,82284.499
2024-11-18 11:00:00,247.37,247.48,241.37,242.5,82799.116
2024-11-18 12:00:00,242.5,244.26,241.31,243.0,45234.135
2024-11-18 13:00:00,243.0,243.85,238.39,238.7,114290.353
2024-11-18 14:00:00,238.7,245.18,238.06,241.7,92133.964
2024-11-18 15:00:00,241.7,245.09,240.38,243.42,79118.222
2024-11-18 16:00:00,243.42,243.98,238.24,239.95,93679.237
2024-11-18 17:00:00,239.95,242.31,237.2,239.73,108270.471
2024-11-18 18:00:00,239.73,241.69,237.09,238.47,82103.254
2024-11-18 19:00:00,238.47,238.81,234.2,236.3,126849.943
2024-11-18 20:00:00,236.3,240.5,235.7,238.65,81676.444
2024-11-18 21:00:00,238.65,240.89,238.12,238.3,46431.014
2024-11-18 22:00:00,238.3,240.66,238.28,239.41,23842.514
2024-11-18 23:00:00,239.41,240.28,237.71,239.78,39092.043
2024-11-19 00:00:00,239.78,241.0,237.28,239.62,47588.932
2024-11-19 01:00:00,239.62,240.73,238.42,238.63,33760.621
2024-11-19 02:00:00,238.63,241.38,238.0,241.36,40999.55
2024-11-19 03:00:00,241.36,243.46,240.47,240.61,43078.142
2024-11-19 04:00:00,240.61,241.16,238.73,239.88,34212.094
2024-11-19 05:00:00,239.88,242.26,239.33,240.97,40140.607
2024-11-19 06:00:00,240.97,243.26,240.64,243.26,44418.029
2024-11-19 07:00:00,243.26,244.45,242.49,243.3,47206.922
2024-11-19 08:00:00,243.3,245.41,242.93,244.49,46582.926
2024-11-19 09:00:00,244.49,246.21,241.9,244.92,62201.326
2024-11-19 10:00:00,244.92,246.07,244.32,246.0,37641.142
2024-11-19 11:00:00,246.0,247.07,245.47,246.03,35640.792
2024-11-19 12:00:00,246.03,247.53,244.57,245.26,39423.721
2024-11-19 13:00:00,245.26,245.47,239.79,239.96,92658.567
2024-11-19 14:00:00,239.96,240.75,238.35,239.54,78682.836
2024-11-19 15:00:00,239.54,241.25,238.4,240.61,83148.846
2024-11-19 16:00:00,240.61,242.47,240.05,242.06,52024.245
2024-11-19 17:00:00,242.06,243.33,240.67,243.02,92343.895
2024-11-19 18:00:00,243.02,244.69,242.04,243.55,71696.427
2024-11-19 19:00:00,243.55,244.55,242.2,243.53,40966.421
2024-11-19 20:00:00,243.53,244.24,238.48,239.65,60506.052
2024-11-19 21:00:00,239.65,240.46,234.32,236.45,138809.193
2024-11-19 22:00:00,236.45,237.22,233.42,235.45,43825.038
2024-11-19 23:00:00,235.45,237.93,234.77,237.62,37135.977
2024-11-20 00:00:00,237.62,237.73,235.47,236.92,25169.476
2024-11-20 01:00:00,236.92,237.9,234.26,234.84,36497.472
2024-11-20 02:00:00,234.84,235.08,232.33,232.88,59783.36
2024-11-20 03:00:00,232.88,233.87,230.42,233.77,50010.083
2024-11-20 04:00:00,233.77,234.0,231.49,233.61,42092.282
2024-11-20 05:00:00,233.61,235.09,232.56,234.96,39943.426
2024-11-20 06:00:00,234.96,235.7,234.3,234.68,39556.23
2024-11-20 07:00:00,234.68,236.39,234.13,235.92,26847.868
2024-11-20 08:00:00,235.92,238.85,235.51,237.59,35670.268
2024-11-20 09:00:00,237.59,238.46,236.62,237.52,29518.824
2024-11-20 10:00:00,237.52,238.38,236.47,236.74,28792.409
2024-11-20 11:00:00,236.74,238.28,234.78,237.56,39967.0
2024-11-20 12:00:00,237.56,238.65,235.5,236.39,31991.951
2024-11-20 13:00:00,236.39,238.83,235.47,238.48,62759.944
2024-11-20 14:00:00,238.48,242.5,238.03,240.04,85267.395
2024-11-20 15:00:00,240.04,240.61,235.87,238.41,82867.612
2024-11-20 16:00:00,238.41,239.13,232.41,234.7,103187.452
2024-11-20 17:00:00,234.7,235.6,231.7,231.75,60497.733
2024-11-20 18:00:00,231.75,234.23,231.0,233.12,75574.786
2024-11-20 19:00:00,233.12,233.33,230.87,232.99,56808.286
2024-11-20 20:00:00,232.99,235.47,231.73,234.99,39299.18
2024-11-20 21:00:00,234.99,238.11,234.14,236.58,73655.855
2024-11-20 22:00:00,236.58,238.02,235.14,236.42,32838.591
2024-11-20 23:00:00,236.42,237.34,234.84,235.45,26151.503
2024-11-21 00:00:00,235.45,238.37,234.87,237.73,28379.238
2024-11-21 01:00:00,237.73,238.77,236.34,236.36,26270.845
2024-11-21 02:00:00,236.36,236.56,229.6,232.19,65706.159
2024-11-21 03:00:00,232.19,236.92,231.72,235.85,72284.267
2024-11-21 04:00:00,235.85,241.77,235.63,240.46,118700.94
2024-11-21 05:00:00,240.46,242.04,238.23,239.12,75591.365
2024-11-21 06:00:00,239.12,239.34,236.81,238.08,40169.289
2024-11-21 07:00:00,238.08,242.82,238.07,241.47,61760.028
2024-11-21 08:00:00,241.47,242.69,240.8,242.12,31054.218
2024-11-21 09:00:00,242.12,243.48,241.48,241.77,52927.503
2024-11-21 10:00:00,241.77,242.8,240.34,241.85,34403.133
2024-11-21 11:00:00,241.85,242.69,239.92,240.03,39848.055
2024-11-21 12:00:00,240.03,246.14,240.0,242.48,107306.456
2024-11-21 13:00:00,242.48,248.69,242.42,245.33,88670.085
2024-11-21 14:00:00,245.33,253.25,242.62,251.76,161266.509
2024-11-21 15:00:00,251.76,252.62,243.44,248.86,201343.945
2024-11-21 16:00:00,248.86,255.39,248.32,254.81,137419.049
2024-11-21 17:00:00,254.81,258.99,253.29,257.31,122082.289
2024-11-21 18:00:00,257.31,259.27,256.04,258.34,105071.586
2024-11-21 19:00:00,258.34,259.86,253.39,253.9,117605.771
2024-11-21 20:00:00,253.9,256.9,252.64,254.19,76843.129
2024-11-21 21:00:00,254.19,255.48,252.74,253.08,84576.936
2024-11-21 22:00:00,253.08,255.29,253.08,254.93,52491.151
2024-11-21 23:00:00,254.93,257.52,254.85,256.42,41895.356
2024-11-22 00:00:00,256.42,258.84,253.97,254.46,75354.653
2024-11-22 01:00:00,254.46,257.23,252.35,255.04,37782.766
2024-11-22 02:00:00,255.04,259.66,254.98,257.93,50182.574
2024-11-22 03:00:00,257.93,264.5,257.02,262.5,125227.898
2024-11-22 04:00:00,262.5,262.85,260.04,260.84,48976.27
2024-11-22 05:00:00,260.84,262.85,259.57,260.53,45111.251
2024-11-22 06:00:00,260.53,261.2,257.87,259.19,46500.625
2024-11-22 07:00:00,259.19,260.87,258.37,259.24,65435.9
2024-11-22 08:00:00,259.24,260.91,258.55,259.84,41050.754
2024-11-22 09:00:00,259.84,260.0,258.2,258.43,31689.042
2024-11-22 10:00:00,258.43,259.02,256.52,257.18,41536.635
2024-11-22 11:00:00,257.18,259.54,256.17,259.24,48127.333
2024-11-22 12:00:00,259.24,260.39,258.48,259.94,32271.112
2024-11-22 13:00:00,259.94,259.99,252.9,254.93,128237.533
2024-11-22 14:00:00,254.93,257.01,252.45,253.34,65603.401
2024-11-22 15:00:00,253.34,256.65,252.87,256.36,65685.771
2024-11-22 16:00:00,256.36,256.38,253.88,255.16,48827.912
2024-11-22 17:00:00,255.16,256.04,253.85,254.35,36064.47
2024-11-22 18:00:00,254.35,255.07,251.37,252.82,79224.402
2024-11-22 19:00:00,252.82,255.22,251.39,254.02,64409.83
2024-11-22 20:00:00,254.02,255.43,253.24,255.14,41964.167
2024-11-22 21:00:00,255.14,257.99,253.53,257.35,53601.775
2024-11-22 22:00:00,257.35,257.46,254.62,254.82,27250.525
2024-11-22 23:00:00,254.82,256.95,254.43,256.95,20786.208
2024-11-23 00:00:00,256.95,257.74,255.29,255.42,22783.231
2024-11-23 01:00:00,255.42,257.74,254.5,256.58,29522.347
2024-11-23 02:00:00,256.58,256.7,253.3,254.23,31601.782
2024-11-23 03:00:00,254.23,257.32,253.42,257.21,29118.385
2024-11-23 04:00:00,257.21,263.99,256.91,262.09,125473.62
2024-11-23 05:00:00,262.09,263.44,258.12,259.91,91584.633
2024-11-23 06:00:00,259.91,260.27,258.56,259.15,31086.669
2024-11-23 07:00:00,259.15,260.47,257.47,258.23,30486.452
2024-11-23 08:00:00,258.23,259.63,257.4,257.96,32926.53
2024-11-23 09:00:00,257.96,259.05,257.4,258.09,15870.338
2024-11-23 10:00:00,258.09,258.84,256.43,256.73,35151.208
2024-11-23 11:00:00,256.73,257.33,255.72,256.04,38567.631
2024-11-23 12:00:00,256.04,258.27,255.74,257.53,43352.851
2024-11-23 13:00:00,257.53,260.3,257.51,259.72,36771.284
2024-11-23 14:00:00,259.72,263.19,258.69,262.86,77286.315
2024-11-23 15:00:00,262.86,263.6,259.36,259.66,51972.302
2024-11-23 16:00:00,259.66,260.32,254.65,256.62,84505.316
2024-11-23 17:00:00,256.62,258.21,254.78,257.19,52504.207
2024-11-23 18:00:00,257.19,257.19,255.33,256.11,21084.378
2024-11-23 19:00:00,256.11,256.74,254.1,254.39,30726.788
2024-11-23 20:00:00,254.39,255.45,252.7,255.45,37655.808
2024-11-23 21:00:00,255.45,255.75,254.18,255.35,35820.852
2024-11-23 22:00:00,255.35,256.07,254.37,254.91,15344.806
2024-11-23 23:00:00,254.91,255.35,252.86,254.9,35285.761
2024-11-24 00:00:00,254.9,258.34,254.42,258.08,26971.99
2024-11-24 01:00:00,258.08,259.76,257.8,258.64,32464.913
2024-11-24 02:00:00,258.64,259.48,257.69,258.38,22346.36
2024-11-24 03:00:00,258.38,259.1,257.26,258.57,18801.028
2024-11-24 04:00:00,258.57,259.33,255.55,256.87,25848.072
2024-11-24 05:00:00,256.87,257.25,254.02,255.11,48220.123
2024-11-24 06:00:00,255.11,256.56,254.11,256.14,20139.478
2024-11-24 07:00:00,256.14,256.71,255.44,256.63,11981.336
2024-11-24 08:00:00,256.63,256.79,253.71,253.98,23405.936
2024-11-24 09:00:00,253.98,255.21,253.02,254.39,23928.849
2024-11-24 10:00:00,254.39,254.57,250.83,251.97,42897.185
2024-11-24 11:00:00,251.97,252.32,247.6,248.38,76039.587
2024-11-24 12:00:00,248.38,250.19,240.66,244.79,157687.758
2024-11-24 13:00:00,244.79,248.4,243.37,247.63,61660.4
2024-11-24 14:00:00,247.63,247.78,244.48,247.29,40035.146
2024-11-24 15:00:00,247.29,247.69,244.05,244.15,43485.22
2024-11-24 16:00:00,244.15,248.64,243.65,246.83,57435.001
2024-11-24 17:00:00,246.83,248.1,245.34,247.52,22189.898
2024-11-24 18:00:00,247.52,250.36,247.08,249.73,27500.769
2024-11-24 19:00:00,249.73,249.88,247.6,248.57,16500.792
2024-11-24 20:00:00,248.57,250.87,248.15,250.75,26011.784
2024-11-24 21:00:00,250.75,251.39,249.47,250.99,16377.073
2024-11-24 22:00:00,250.99,253.46,250.7,253.45,21352.897
2024-11-24 23:00:00,253.45,254.74,252.32,252.71,29640.315
2024-11-25 00:00:00,252.71,253.19,250.44,251.05,22551.98
2024-11-25 01:00:00,251.05,251.39,245.65,248.55,38857.265
2024-11-25 02:00:00,248.55,251.53,248.38,249.94,18134.959
2024-11-25 03:00:00,249.94,252.72,249.69,252.44,18392.112
2024-11-25 04:00:00,252.44,253.8,251.87,252.37,24051.316
2024-11-25 05:00:00,252.37,254.05,252.34,253.18,15452.113
2024-11-25 06:00:00,253.18,254.05,251.53,251.81,79438.553
2024-11-25 07:00:00,251.81,254.09,251.55,253.3,17578.145
2024-11-25 08:00:00,253.3,255.16,253.02,254.71,24166.185
2024-11-25 09:00:00,254.71,256.66,254.61,254.81,30701.931
2024-11-25 10:00:00,254.81,255.66,252.88,253.86,31067.815
2024-11-25 11:00:00,253.86,253.93,251.16,252.13,38246.668
2024-11-25 12:00:00,252.13,252.55,250.21,251.07,26096.007
2024-11-25 13:00:00,251.07,251.86,246.62,247.97,57085.551
2024-11-25 14:00:00,247.97,248.98,242.0,242.07,81830.324
2024-11-25 15:00:00,242.07,247.34,235.12,244.99,203463.943
2024-11-25 16:00:00,244.99,246.13,241.4,243.02,86178.382
2024-11-25 17:00:00,243.02,243.07,237.35,239.91,64545.075
2024-11-25 18:00:00,239.91,242.14,238.75,239.94,34551.553
2024-11-25 19:00:00,239.94,241.04,237.61,239.65,35455.131
2024-11-25 20:00:00,239.65,241.12,238.44,239.86,33952.544
2024-11-25 21:00:00,239.86,240.78,235.38,238.65,53798.474
2024-11-25 22:00:00,238.65,238.65,231.13,236.75,105532.487
2024-11-25 23:00:00,236.75,237.86,233.71,234.15,44178.419
2024-11-26 00:00:00,234.15,238.69,233.54,235.42,52517.531
2024-11-26 01:00:00,235.42,237.96,235.33,237.51,23478.357
2024-11-26 02:00:00,237.51,239.52,237.14,238.74,26101.727
2024-11-26 03:00:00,238.74,238.88,236.06,237.5,18633.227
2024-11-26 04:00:00,237.5,237.9,235.92,237.19,20382.865
2024-11-26 05:00:00,237.19,238.84,236.46,238.73,19690.118
2024-11-26 06:00:00,238.73,239.68,237.73,238.3,34791.689
2024-11-26 07:00:00,238.3,238.34,234.93,235.7,36147.615
2024-11-26 08:00:00,235.7,235.91,230.84,232.65,98814.416
2024-11-26 09:00:00,232.65,236.57,232.29,233.95,43586.836
2024-11-26 10:00:00,233.95,234.84,226.89,227.03,90998.593
2024-11-26 11:00:00,227.03,228.47,221.77,227.77,152979.692
2024-11-26 12:00:00,227.77,229.69,225.87,227.66,76453.727
2024-11-26 13:00:00,227.66,229.64,226.08,227.91,66054.265
2024-11-26 14:00:00,227.91,232.57,225.79,230.8,103247.082
2024-11-26 15:00:00,230.8,231.7,227.34,227.4,42148.481
2024-11-26 16:00:00,227.4,232.55,226.81,231.76,58186.431
2024-11-26 17:00:00,231.76,231.87,229.73,230.2,25793.085
2024-11-26 18:00:00,230.2,230.36,223.28,225.9,79571.286
2024-11-26 19:00:00,225.9,229.08,225.36,229.02,56045.429
2024-11-26 20:00:00,229.02,231.78,227.38,230.68,62115.618
2024-11-26 21:00:00,230.68,231.62,229.0,230.26,33492.006
2024-11-26 22:00:00,230.26,232.18,229.74,229.92,23343.592
2024-11-26 23:00:00,229.92,231.27,229.49,230.71,20688.214
2024-11-27 00:00:00,230.71,232.75,229.31,229.61,27407.943
2024-11-27 01:00:00,229.61,232.3,228.13,232.11,27081.538
2024-11-27 02:00:00,232.11,233.77,230.0,233.7,22732.702
2024-11-27 03:00:00,233.7,233.76,231.26,231.5,28817.91
2024-11-27 04:00:00,231.5,233.77,229.7,230.04,31867.138
2024-11-27 05:00:00,230.04,230.11,227.57,228.81,22513.286
2024-11-27 06:00:00,228.81,231.91,228.81,230.69,24214.372
2024-11-27 07:00:00,230.69,234.98,230.46,234.35,44263.047
2024-11-27 08:00:00,234.35,234.46,233.01,233.42,35895.33
2024-11-27 09:00:00,233.42,233.88,232.03,233.62,25288.429
2024-11-27 10:00:00,233.62,237.13,232.76,235.93,36819.79
2024-11-27 11:00:00,235.93,236.39,234.1,235.02,38393.129
2024-11-27 12:00:00,235.02,235.27,232.61,234.64,44943.894
2024-11-27 13:00:00,234.64,237.85,234.01,237.84,50073.786
2024-11-27 14:00:00,237.84,239.83,236.51,239.39,57604.297
2024-11-27 15:00:00,239.39,240.93,237.58,240.57,50855.266
2024-11-27 16:00:00,240.57,241.14,238.26,238.74,66838.184
2024-11-27 17:00:00,238.74,240.1,237.72,239.78,37270.235
2024-11-27 18:00:00,239.78,240.56,239.01,239.51,35177.575
2024-11-27 19:00:00,239.51,240.42,238.58,239.08,38497.607
2024-11-27 20:00:00,239.08,242.98,238.78,241.65,54951.319
2024-11-27 21:00:00,241.65,242.47,239.27,240.05,35356.214
2024-11-27 22:00:00,240.05,242.13,239.75,240.68,24831.327
2024-11-27 23:00:00,240.68,243.31,240.26,241.97,30742.197
2024-11-28 00:00:00,241.97,245.26,240.39,245.08,55582.02
2024-11-28 01:00:00,245.08,245.1,242.09,243.6,24326.568
2024-11-28 02:00:00,243.6,244.96,241.81,242.15,22729.487
2024-11-28 03:00:00,242.15,242.87,238.06,239.98,46397.557
2024-11-28 04:00:00,239.98,241.15,239.2,240.18,23419.684
2024-11-28 05:00:00,240.18,240.86,237.67,238.33,30918.231
2024-11-28 06:00:00,238.33,238.92,236.66,238.47,34784.228
2024-11-28 07:00:00,238.47,239.59,237.36,238.05,17588.604
2024-11-28 08:00:00,238.05,239.16,236.61,238.68,26960.045
2024-11-28 09:00:00,238.68,238.87,235.66,235.74,23927.762
2024-11-28 10:00:00,235.74,236.79,234.37,235.63,25172.011
2024-11-28 11:00:00,235.63,237.6,234.51,236.89,26742.904
2024-11-28 12:00:00,236.89,237.3,234.78,235.88,39700.117
2024-11-28 13:00:00,235.88,236.85,234.04,236.48,35160.501
2024-11-28 14:00:00,236.48,237.74,234.74,235.26,34200.987
2024-11-28 15:00:00,235.26,236.02,232.82,233.05,66288.575
2024-11-28 16:00:00,233.05,235.76,233.05,234.73,23237.496
2024-11-28 17:00:00,234.73,236.41,234.73,235.18,18485.615
2024-11-28 18:00:00,235.18,237.05,235.18,236.68,19653.372
2024-11-28 19:00:00,236.68,236.73,234.56,235.47,16926.736
2024-11-28 20:00:00,235.47,236.16,234.83,235.76,19738.95
2024-11-28 21:00:00,235.76,236.67,235.49,235.78,16787.573
2024-11-28 22:00:00,235.78,237.99,235.61,237.94,15785.493
2024-11-28 23:00:00,237.94,238.38,236.86,237.59,20195.513
2024-11-29 00:00:00,237.59,238.76,236.68,236.87,19823.672
2024-11-29 01:00:00,236.87,238.32,236.47,237.99,32581.387
2024-11-29 02:00:00,237.99,241.54,237.96,241.52,36913.903
2024-11-29 03:00:00,241.52,243.1,241.13,241.95,32920.825
2024-11-29 04:00:00,241.95,242.14,240.18,240.5,27100.043
2024-11-29 05:00:00,240.5,242.18,240.11,240.54,19504.79
2024-11-29 06:00:00,240.54,241.28,239.81,240.71,21862.679
2024-11-29 07:00:00,240.71,241.58,237.56,237.64,32897.028
2024-11-29 08:00:00,237.64,239.19,237.64,238.99,16894.897
2024-11-29 09:00:00,238.99,240.89,238.74,240.44,24271.986
2024-11-29 10:00:00,240.44,241.82,240.24,241.76,24845.069
2024-11-29 11:00:00,241.76,245.5,241.43,245.25,46906.233
2024-11-29 12:00:00,245.25,246.8,242.0,243.07,64695.582
2024-11-29 13:00:00,243.07,243.84,242.38,243.46,35908.516
2024-11-29 14:00:00,243.46,245.02,242.56,245.02,37484.399
2024-11-29 15:00:00,245.02,246.61,242.48,243.46,59549.412
2024-11-29 16:00:00,243.46,244.53,241.89,241.97,37752.773
2024-11-29 17:00:00,241.97,242.32,240.21,240.26,35147.712
2024-11-29 18:00:00,240.26,242.43,239.97,241.95,42908.283
2024-11-29 19:00:00,241.95,241.95,240.09,241.15,25137.806
2024-11-29 20:00:00,241.15,242.83,240.94,242.5,15003.787
2024-11-29 21:00:00,242.5,244.31,242.26,244.3,18086.212
2024-11-29 22:00:00,244.3,245.31,243.82,243.82,24523.3
2024-11-29 23:00:00,243.82,244.84,243.14,243.3,13519.212
2024-11-30 00:00:00,243.3,243.32,240.17,240.54,23929.65
2024-11-30 01:00:00,240.54,241.3,239.1,240.25,33560.622
2024-11-30 02:00:00,240.25,242.11,239.99,241.92,23172.54
2024-11-30 03:00:00,241.92,243.18,241.07,242.78,41308.037
2024-11-30 04:00:00,242.78,243.17,241.94,242.23,16241.306
2024-11-30 05:00:00,242.23,243.89,241.58,243.65,15007.383
2024-11-30 06:00:00,243.65,244.82,242.08,242.68,34644.836
2024-11-30 07:00:00,242.68,245.1,242.05,244.21,30063.734
2024-11-30 08:00:00,244.21,245.39,243.35,244.15,26926.912
2024-11-30 09:00:00,244.15,244.93,243.15,243.7,19499.833
2024-11-30 10:00:00,243.7,243.88,240.14,240.34,44499.771
2024-11-30 11:00:00,240.34,242.16,240.0,241.44,26111.589
2024-11-30 12:00:00,241.44,243.1,241.13,242.43,26020.564
2024-11-30 13:00:00,242.43,242.69,240.41,240.5,29735.951
2024-11-30 14:00:00,240.5,241.63,238.89,239.13,31703.538
2024-11-30 15:00:00,239.13,240.19,238.64,239.85,32824.031
2024-11-30 16:00:00,239.85,240.55,239.06,240.11,20932.375
2024-11-30 17:00:00,240.11,240.12,238.81,239.84,20871.207
2024-11-30 18:00:00,239.84,240.2,238.84,239.72,21213.838
2024-11-30 19:00:00,239.72,240.39,238.97,239.91,17793.307
2024-11-30 20:00:00,239.91,241.01,239.6,240.9,14796.887
2024-11-30 21:00:00,240.9,241.17,240.23,240.55,18304.488
2024-11-30 22:00:00,240.55,240.57,237.84,238.38,28319.118
2024-11-30 23:00:00,238.38,239.27,237.47,237.6,19351.661
2024-12-01 00:00:00,237.6,239.88,237.16,237.59,33850.553
2024-12-01 01:00:00,237.59,239.72,236.51,236.91,29152.361
2024-12-01 02:00:00,236.91,237.4,234.06,234.55,59385.469
2024-12-01 03:00:00,234.55,236.43,234.48,235.65,23372.525
2024-12-01 04:00:00,235.65,236.9,234.99,236.71,17708.772
2024-12-01 05:00:00,236.71,236.75,235.24,235.32,20590.425
2024-12-01 06:00:00,235.32,236.47,235.06,235.59,19639.676
2024-12-01 07:00:00,235.59,236.41,235.21,235.49,16837.149
2024-12-01 08:00:00,235.49,238.74,235.35,238.48,26795.018
2024-12-01 09:00:00,238.48,238.65,236.93,237.55,14635.249
2024-12-01 10:00:00,237.55,237.64,235.48,236.16,26620.087
2024-12-01 11:00:00,236.16,237.3,236.06,237.08,9839.281
2024-12-01 12:00:00,237.08,237.36,236.48,236.95,16558.659
2024-12-01 13:00:00,236.95,238.44,236.12,237.85,35040.398
2024-12-01 14:00:00,237.85,238.75,236.84,238.12,22049.015
2024-12-01 15:00:00,238.12,239.35,237.15,238.51,25936.916
2024-12-01 16:00:00,238.51,239.46,237.96,238.09,19416.791
2024-12-01 17:00:00,238.09,238.1,236.33,237.01,24177.093
2024-12-01 18:00:00,237.01,237.66,235.9,236.16,14643.016
2024-12-01 19:00:00,236.16,236.99,234.96,236.27,34303.032
2024-12-01 20:00:00,236.27,236.59,234.27,235.69,26869.759
2024-12-01 21:00:00,235.69,237.55,235.11,237.22,27582.636
2024-12-01 22:00:00,237.22,238.77,236.4,238.27,20898.648
2024-12-01 23:00:00,238.27,239.08,236.43,236.77,30360.843
2024-12-02 00:00:00,236.77,237.04,234.43,234.97,40069.683
2024-12-02 01:00:00,234.97,237.93,234.54,237.75,45194.122
2024-12-02 02:00:00,237.75,238.21,233.35,234.02,82834.819
2024-12-02 03:00:00,234.02,234.65,227.99,228.41,112301.12
2024-12-02 04:00:00,228.41,230.23,226.25,229.34,123110.636
2024-12-02 05:00:00,229.34,230.31,227.84,228.47,41408.563
2024-12-02 06:00:00,228.47,228.71,225.73,228.37,67155.014
2024-12-02 07:00:00,228.37,229.15,226.84,228.58,46254.923
2024-12-02 08:00:00,228.58,228.82,223.11,225.74,129870.458
2024-12-02 09:00:00,225.74,227.91,225.25,227.83,65735.592
2024-12-02 10:00:00,227.83,227.89,222.88,223.57,63960.283
2024-12-02 11:00:00,223.57,225.33,222.96,224.77,68864.323
2024-12-02 12:00:00,224.77,225.45,221.68,222.12,78115.674
2024-12-02 13:00:00,222.12,225.83,221.68,225.83,65750.236
2024-12-02 14:00:00,225.83,227.73,224.5,225.68,60038.584
2024-12-02 15:00:00,225.68,229.61,224.43,229.23,88888.791
2024-12-02 16:00:00,229.23,229.97,224.45,226.26,79648.189
2024-12-02 17:00:00,226.26,227.16,220.08,220.56,83773.291
2024-12-02 18:00:00,220.56,224.34,220.43,223.53,60243.437
2024-12-02 19:00:00,223.53,224.0,220.56,224.0,54180.352
2024-12-02 20:00:00,224.0,225.15,222.07,222.94,47756.78
2024-12-02 21:00:00,222.94,223.62,221.21,222.16,61866.852
2024-12-02 22:00:00,222.16,224.73,221.62,224.4,34552.547
2024-12-02 23:00:00,224.4,226.04,224.03,225.72,45284.896
2024-12-03 00:00:00,225.72,226.58,224.39,225.69,52942.259
2024-12-03 01:00:00,225.69,226.6,223.92,224.0,53433.468
2024-12-03 02:00:00,224.0,229.34,223.06,228.2,64705.58
2024-12-03 03:00:00,228.2,228.54,227.09,227.96,32012.059
2024-12-03 04:00:00,227.96,229.3,227.36,228.43,30433.032
2024-12-03 05:00:00,228.43,228.61,227.16,228.11,19288.927
2024-12-03 06:00:00,228.11,230.96,226.41,227.23,58304.197
2024-12-03 07:00:00,227.23,227.98,225.13,226.92,78018.033
2024-12-03 08:00:00,226.92,228.54,225.75,226.94,41700.439
2024-12-03 09:00:00,226.94,226.96,224.03,224.93,46508.321
2024-12-03 10:00:00,224.93,226.06,222.93,223.27,32555.248
2024-12-03 11:00:00,223.27,225.98,222.99,225.58,41275.075
2024-12-03 12:00:00,225.58,225.7,223.86,224.3,39857.919
2024-12-03 13:00:00,224.3,224.74,215.78,218.3,180028.276
2024-12-03 14:00:00,218.3,224.6,214.98,224.32,250025.377
2024-12-03 15:00:00,224.32,226.37,222.06,223.26,127017.075
2024-12-03 16:00:00,223.26,225.14,221.54,223.05,87655.908
2024-12-03 17:00:00,223.05,224.74,220.32,224.61,63211.009
2024-12-03 18:00:00,224.61,227.6,223.81,227.06,55063.713
2024-12-03 19:00:00,227.06,228.46,224.64,228.16,52076.989
2024-12-03 20:00:00,228.16,230.17,227.72,228.64,54349.239
2024-12-03 21:00:00,228.64,239.64,227.82,237.5,251447.912
2024-12-03 22:00:00,237.5,237.83,234.44,236.82,70644.346
2024-12-03 23:00:00,236.82,236.9,233.23,233.94,73796.363
2024-12-04 00:00:00,233.94,239.59,233.94,237.45,68110.527
2024-12-04 01:00:00,237.45,239.58,235.78,239.11,81169.733
2024-12-04 02:00:00,239.11,240.52,235.08,235.89,71875.733
2024-12-04 03:00:00,235.89,239.0,235.66,237.65,31763.281
2024-12-04 04:00:00,237.65,238.29,236.57,237.73,21469.165
2024-12-04 05:00:00,237.73,240.89,237.53,237.93,40421.655
2024-12-04 06:00:00,237.93,238.36,235.85,237.73,34488.098
2024-12-04 07:00:00,237.73,237.86,236.22,236.62,28172.294
2024-12-04 08:00:00,236.62,237.3,235.0,235.67,62495.423
2024-12-04 09:00:00,235.67,237.3,235.36,235.6,44474.246
2024-12-04 10:00:00,235.6,237.9,235.27,236.68,32769.3
2024-12-04 11:00:00,236.68,237.36,235.48,235.94,36851.686
2024-12-04 12:00:00,235.94,236.14,231.67,232.7,73700.561
2024-12-04 13:00:00,232.7,233.5,230.58,231.22,61473.807
2024-12-04 14:00:00,231.22,233.83,229.84,232.27,63112.395
2024-12-04 15:00:00,232.27,235.14,230.44,233.74,84202.797
2024-12-04 16:00:00,233.74,234.04,224.79,225.71,145598.333
2024-12-04 17:00:00,225.71,229.35,224.65,229.08,70583.32
2024-12-04 18:00:00,229.08,231.0,228.2,229.97,57682.396
2024-12-04 19:00:00,229.97,232.86,229.49,232.67,54558.83
2024-12-04 20:00:00,232.67,236.27,230.15,232.7,90371.589
2024-12-04 21:00:00,232.7,234.48,229.41,229.59,74323.604
2024-12-04 22:00:00,229.59,231.7,228.84,229.03,44691.655
2024-12-04 23:00:00,229.03,229.48,225.82,229.14,102599.373
2024-12-05 00:00:00,229.14,229.69,226.03,226.26,62586.235
2024-12-05 01:00:00,226.26,226.76,222.92,225.73,86377.229
2024-12-05 02:00:00,225.73,235.23,225.36,231.49,208490.778
2024-12-05 03:00:00,231.49,238.51,231.45,232.9,170232.208
2024-12-05 04:00:00,232.9,238.24,232.7,236.7,96789.154
2024-12-05 05:00:00,236.7,237.26,233.14,234.88,73790.602
2024-12-05 06:00:00,234.88,235.42,231.38,233.52,71989.784
2024-12-05 07:00:00,233.52,235.0,233.21,233.9,54117.616
2024-12-05 08:00:00,233.9,236.48,233.48,235.65,84454.079
2024-12-05 09:00:00,235.65,237.69,234.6,237.56,79797.616
2024-12-05 10:00:00,237.56,239.4,236.74,236.88,91460.73
2024-12-05 11:00:00,236.88,242.5,236.57,241.85,93236.1
2024-12-05 12:00:00,241.85,244.8,241.13,241.34,130451.572
2024-12-05 13:00:00,241.34,242.23,239.45,240.19,69885.981
2024-12-05 14:00:00,240.19,241.4,238.07,240.94,70031.805
2024-12-05 15:00:00,240.94,241.8,236.23,239.08,123616.219
2024-12-05 16:00:00,239.08,243.0,237.51,239.56,106920.662
2024-12-05 17:00:00,239.56,240.76,238.75,239.98,43152.711
2024-12-05 18:00:00,239.98,240.23,236.09,236.36,62058.587
2024-12-05 19:00:00,236.36,237.06,232.36,233.08,80214.219
2024-12-05 20:00:00,233.08,233.87,229.46,233.06,138334.63
2024-12-05 21:00:00,233.06,234.24,232.1,233.85,46620.499
2024-12-05 22:00:00,233.85,235.13,224.63,235.13,159166.912
2024-12-05 23:00:00,235.13,240.88,232.97,235.92,170730.54
2024-12-06 00:00:00,235.92,242.85,234.46,242.66,115756.089
2024-12-06 01:00:00,242.66,247.01,239.56,243.83,164194.416
2024-12-06 02:00:00,243.83,244.14,241.92,242.78,60649.479
2024-12-06 03:00:00,242.78,242.79,238.23,242.0,98410.88
2024-12-06 04:00:00,242.0,242.91,240.07,241.04,47769.378
2024-12-06 05:00:00,241.04,241.92,238.47,238.63,48505.539
2024-12-06 06:00:00,238.63,239.64,237.68,238.8,49844.559
2024-12-06 07:00:00,238.8,239.38,237.9,239.32,30105.648
2024-12-06 08:00:00,239.32,240.5,237.86,237.86,64487.553
2024-12-06 09:00:00,237.86,237.96,235.1,235.59,91802.827
2024-12-06 10:00:00,235.59,236.13,234.0,235.69,60332.548
2024-12-06 11:00:00,235.69,236.19,233.55,234.08,62022.641
2024-12-06 12:00:00,234.08,235.4,230.89,231.23,69219.573
2024-12-06 13:00:00,231.23,235.03,230.86,234.55,95254.5
2024-12-06 14:00:00,234.55,238.01,233.4,237.96,129573.596
2024-12-06 15:00:00,237.96,239.85,236.15,238.04,138159.554
2024-12-06 16:00:00,238.04,239.0,237.04,238.8,71532.953
2024-12-06 17:00:00,238.8,240.48,238.25,239.1,84354.864
2024-12-06 18:00:00,239.1,240.27,238.5,238.94,73010.743
2024-12-06 19:00:00,238.94,240.07,238.6,239.72,39944.401
2024-12-06 20:00:00,239.72,240.73,237.55,238.25,46681.083
2024-12-06 21:00:00,238.25,239.27,237.55,237.61,34291.024
2024-12-06 22:00:00,237.61,238.59,237.03,237.43,29086.951
2024-12-06 23:00:00,237.43,238.07,235.32,236.85,38021.004
2024-12-07 00:00:00,236.85,237.45,235.45,236.41,38175.585
2024-12-07 01:00:00,236.41,237.06,234.76,235.47,29249.363
2024-12-07 02:00:00,235.47,236.59,235.0,235.76,24410.222
2024-12-07 03:00:00,235.76,236.1,234.07,234.86,29377.587
2024-12-07 04:00:00,234.86,235.56,234.3,235.31,17972.688
2024-12-07 05:00:00,235.31,236.08,234.8,235.37,17553.75
2024-12-07 06:00:00,235.37,236.06,234.64,235.98,15409.695
2024-12-07 07:00:00,235.98,236.56,235.29,236.19,18321.234
2024-12-07 08:00:00,236.19,236.46,234.97,235.94,19168.038
2024-12-07 09:00:00,235.94,238.81,235.81,238.72,39974.723
2024-12-07 10:00:00,238.72,239.4,237.12,238.41,41136.945
2024-12-07 11:00:00,238.41,239.26,238.0,238.18,24979.864
2024-12-07 12:00:00,238.18,238.74,237.3,238.24,20134.628
2024-12-07 13:00:00,238.24,239.52,237.5,239.32,24165.657
2024-12-07 14:00:00,239.32,242.88,237.61,242.64,67369.779
2024-12-07 15:00:00,242.64,243.22,239.7,240.84,54812.031
2024-12-07 16:00:00,240.84,242.23,238.83,241.96,60752.554
2024-12-07 17:00:00,241.96,242.17,239.76,241.02,37887.401
2024-12-07 18:00:00,241.02,242.43,240.15,241.88,41604.311
2024-12-07 19:00:00,241.88,242.56,240.33,241.68,29581.168
2024-12-07 20:00:00,241.68,243.06,240.52,241.17,49767.221
2024-12-07 21:00:00,241.17,243.03,240.0,241.54,37770.273
2024-12-07 22:00:00,241.54,243.62,238.34,238.63,32270.073
2024-12-07 23:00:00,238.63,240.18,237.83,238.11,33676.269
2024-12-08 00:00:00,238.11,239.5,237.6,239.09,26712.538
2024-12-08 01:00:00,239.09,240.09,238.35,239.25,19327.126
2024-12-08 02:00:00,239.25,241.39,239.18,241.16,19010.227
2024-12-08 03:00:00,241.16,241.51,240.18,240.67,21438.64
2024-12-08 04:00:00,240.67,241.08,238.38,238.4,22458.969
2024-12-08 05:00:00,238.4,239.09,236.59,237.25,27216.562
2024-12-08 06:00:00,237.25,238.57,236.57,238.13,26069.466
2024-12-08 07:00:00,238.13,238.92,237.4,237.61,15852.887
2024-12-08 08:00:00,237.61,237.81,234.9,234.94,45803.139
2024-12-08 09:00:00,234.94,236.05,233.23,233.92,42714.422
2024-12-08 10:00:00,233.92,235.6,233.86,235.21,24585.957
2024-12-08 11:00:00,235.21,236.54,234.74,235.98,21313.327
2024-12-08 12:00:00,235.98,236.72,234.69,236.09,27863.264
2024-12-08 13:00:00,236.09,237.68,235.38,237.34,28929.049
2024-12-08 14:00:00,237.34,237.53,235.73,235.8,23586.711
2024-12-08 15:00:00,235.8,237.56,234.51,237.35,36912.577
2024-12-08 16:00:00,237.35,237.7,235.55,235.86,30225.723
2024-12-08 17:00:00,235.86,236.73,235.01,236.67,23448.847
2024-12-08 18:00:00,236.67,236.81,235.03,235.15,16103.062
2024-12-08 19:00:00,235.15,236.79,234.05,236.56,26488.962
2024-12-08 20:00:00,236.56,236.7,235.21,235.33,12418.613
2024-12-08 21:00:00,235.33,235.91,234.59,235.68,16767.51
2024-12-08 22:00:00,235.68,236.74,235.34,236.68,14034.036
2024-12-08 23:00:00,236.68,237.8,235.88,237.03,37642.775
2024-12-09 00:00:00,237.03,237.31,232.96,233.65,75365.111
2024-12-09 01:00:00,233.65,234.83,231.73,232.29,49568.199
2024-12-09 02:00:00,232.29,232.98,231.0,231.94,45242.205
2024-12-09 03:00:00,231.94,232.83,230.18,231.84,35121.626
2024-12-09 04:00:00,231.84,232.62,230.62,232.56,26597.184
2024-12-09 05:00:00,232.56,232.81,231.77,232.56,24386.908
2024-12-09 06:00:00,232.56,232.61,230.21,230.48,35715.687
2024-12-09 07:00:00,230.48,232.34,228.24,231.58,79209.015
2024-12-09 08:00:00,231.58,231.81,225.88,226.59,100646.494
2024-12-09 09:00:00,226.59,228.05,225.44,226.84,53380.969
2024-12-09 10:00:00,226.84,228.1,226.36,227.92,46069.51
2024-12-09 11:00:00,227.92,227.92,225.36,225.98,49511.542
2024-12-09 12:00:00,225.98,227.82,224.96,227.67,45192.712
2024-12-09 13:00:00,227.67,229.78,226.71,229.05,65912.692
2024-12-09 14:00:00,229.05,231.75,228.14,230.71,66147.085
2024-12-09 15:00:00,230.71,231.63,222.94,224.32,190941.179
2024-12-09 16:00:00,224.32,226.13,223.3,224.5,72832.328
2024-12-09 17:00:00,224.5,225.6,223.08,223.1,40342.78
2024-12-09 18:00:00,223.1,225.16,223.1,224.38,42195.985
2024-12-09 19:00:00,224.38,224.38,221.77,222.01,66985.359
2024-12-09 20:00:00,222.01,225.53,218.39,219.42,268256.916
2024-12-09 21:00:00,219.42,220.6,201.33,217.93,719246.004
2024-12-09 22:00:00,217.93,218.71,205.0,217.85,434587.416
2024-12-09 23:00:00,217.85,219.68,216.04,216.59,115617.47
2024-12-10 00:00:00,216.59,221.01,213.57,217.73,150657.561
2024-12-10 01:00:00,217.73,219.4,215.84,218.91,78678.265
2024-12-10 02:00:00,218.91,218.96,212.82,212.9,109061.911
2024-12-10 03:00:00,212.9,215.87,206.96,215.85,294002.189
2024-12-10 04:00:00,215.85,216.4,212.19,216.14,103505.911
2024-12-10 05:00:00,216.14,216.91,214.47,216.4,53059.373
2024-12-10 06:00:00,216.4,218.74,215.53,218.17,51849.868
2024-12-10 07:00:00,218.17,218.19,215.81,217.33,42246.659
2024-12-10 08:00:00,217.33,217.84,215.47,217.17,47150.651
2024-12-10 09:00:00,217.17,218.62,215.98,217.03,94781.959
2024-12-10 10:00:00,217.03,218.46,216.92,217.18,56203.982
2024-12-10 11:00:00,217.18,217.39,215.13,216.21,33636.972
2024-12-10 12:00:00,216.21,216.74,210.18,211.38,105752.442
2024-12-10 13:00:00,211.38,215.37,211.14,214.41,94228.103
2024-12-10 14:00:00,214.41,218.62,214.36,216.6,123234.241
2024-12-10 15:00:00,216.6,217.88,206.23,206.48,246901.961
2024-12-10 16:00:00,206.48,211.39,205.02,210.82,322883.459
2024-12-10 17:00:00,210.82,211.24,203.66,203.73,250753.69
2024-12-10 18:00:00,203.73,210.95,203.18,209.3,146942.258
2024-12-10 19:00:00,209.3,212.76,209.0,212.09,61321.766
2024-12-10 20:00:00,212.09,213.78,211.28,213.52,53734.575
2024-12-10 21:00:00,213.52,216.31,212.93,213.2,73528.488
2024-12-10 22:00:00,213.2,214.86,212.63,214.49,34259.367
2024-12-10 23:00:00,214.49,215.2,212.97,213.6,41053.348
2024-12-11 00:00:00,213.6,215.51,211.49,215.01,96627.296
2024-12-11 01:00:00,215.01,216.47,211.72,212.03,122210.634
2024-12-11 02:00:00,212.03,217.08,211.65,215.97,75774.101
2024-12-11 03:00:00,215.97,219.43,215.81,219.41,68003.141
2024-12-11 04:00:00,219.41,219.96,217.91,218.77,42948.595
2024-12-11 05:00:00,218.77,219.11,216.75,218.37,30861.507
2024-12-11 06:00:00,218.37,220.45,217.94,219.82,33804.992
2024-12-11 07:00:00,219.82,220.28,218.3,218.47,34302.221
2024-12-11 08:00:00,218.47,223.01,218.29,221.97,70076.719
2024-12-11 09:00:00,221.97,222.84,220.56,222.65,39142.195
2024-12-11 10:00:00,222.65,224.05,222.55,223.98,61328.737
2024-12-11 11:00:00,223.98,225.56,223.31,224.82,66671.733
2024-12-11 12:00:00,224.82,226.66,224.27,224.86,54751.114
2024-12-11 13:00:00,224.86,227.5,224.05,226.52,100081.768
2024-12-11 14:00:00,226.52,227.6,224.96,227.37,92640.385
2024-12-11 15:00:00,227.37,230.44,227.29,228.44,153896.607
2024-12-11 16:00:00,228.44,230.59,228.4,229.39,93784.232
2024-12-11 17:00:00,229.39,230.38,227.46,228.07,76976.675
2024-12-11 18:00:00,228.07,228.97,227.3,228.44,77042.786
2024-12-11 19:00:00,228.44,229.96,227.94,229.8,36793.175
2024-12-11 20:00:00,229.8,230.66,228.41,229.0,57140.143
2024-12-11 21:00:00,229.0,229.4,228.25,228.99,26498.774
2024-12-11 22:00:00,228.99,229.47,228.06,228.26,28765.07
2024-12-11 23:00:00,228.26,228.62,226.8,227.3,30027.539
2024-12-12 00:00:00,227.3,227.83,226.43,227.28,39063.828
2024-12-12 01:00:00,227.28,227.81,225.69,226.1,41486.771
2024-12-12 02:00:00,226.1,229.5,226.06,229.2,35062.668
2024-12-12 03:00:00,229.2,232.06,227.69,230.38,77909.512
2024-12-12 04:00:00,230.38,231.47,228.91,229.89,43962.106
2024-12-12 05:00:00,229.89,232.98,229.52,231.34,71481.057
2024-12-12 06:00:00,231.34,231.8,229.2,230.22,50178.535
2024-12-12 07:00:00,230.22,231.57,229.82,230.06,46453.836
2024-12-12 08:00:00,230.06,232.66,230.01,232.31,53522.494
2024-12-12 09:00:00,232.31,233.52,231.73,231.8,55781.959
2024-12-12 10:00:00,231.8,231.91,229.21,230.03,55645.277
2024-12-12 11:00:00,230.03,230.34,228.32,229.64,57390.786
2024-12-12 12:00:00,229.64,231.7,229.62,231.35,36552.511
2024-12-12 13:00:00,231.35,232.59,228.62,229.95,93531.251
2024-12-12 14:00:00,229.95,233.32,229.23,232.57,105432.321
2024-12-12 15:00:00,232.57,232.67,230.13,231.3,75794.184
2024-12-12 16:00:00,231.3,233.47,230.56,230.77,76341.234
2024-12-12 17:00:00,230.77,234.34,230.7,234.04,44820.292
2024-12-12 18:00:00,234.04,234.73,231.15,231.39,53167.64
2024-12-12 19:00:00,231.39,231.75,226.6,227.22,105655.061
2024-12-12 20:00:00,227.22,229.77,227.12,228.78,39453.586
2024-12-12 21:00:00,228.78,228.86,226.81,227.58,44839.905
2024-12-12 22:00:00,227.58,228.43,225.66,228.21,38464.955
2024-12-12 23:00:00,228.21,228.37,226.48,226.93,26607.696
2024-12-13 00:00:00,226.93,228.4,226.55,227.11,22089.927
2024-12-13 01:00:00,227.11,227.16,224.26,226.2,62796.707
2024-12-13 02:00:00,226.2,228.47,225.82,227.43,39137.639
2024-12-13 03:00:00,227.43,227.98,226.65,227.17,24214.137
2024-12-13 04:00:00,227.17,227.51,225.47,225.95,32927.498
2024-12-13 05:00:00,225.95,226.88,225.58,225.64,32001.325
2024-12-13 06:00:00,225.64,226.7,224.09,224.1,30655.543
2024-12-13 07:00:00,224.1,225.21,223.15,224.82,60649.976
2024-12-13 08:00:00,224.82,226.3,223.86,226.18,34926.396
2024-12-13 09:00:00,226.18,226.56,224.28,225.37,27965.859
2024-12-13 10:00:00,225.37,226.57,224.12,226.13,43029.359
2024-12-13 11:00:00,226.13,227.26,225.55,225.59,38477.551
2024-12-13 12:00:00,225.59,226.69,224.98,225.51,40893.042
2024-12-13 13:00:00,225.51,225.58,222.55,223.51,65047.746
2024-12-13 14:00:00,223.51,224.44,222.08,223.96,59076.801
2024-12-13 15:00:00,223.96,226.18,220.66,221.13,100139.171
2024-12-13 16:00:00,221.13,222.99,220.59,221.01,78538.567
2024-12-13 17:00:00,221.01,223.9,220.89,223.34,50674.291
2024-12-13 18:00:00,223.34,223.59,221.44,222.11,49612.906
2024-12-13 19:00:00,222.11,223.54,221.77,223.28,29551.353
2024-12-13 20:00:00,223.28,224.65,223.13,223.95,24410.472
2024-12-13 21:00:00,223.95,224.26,223.08,223.76,25450.742
2024-12-13 22:00:00,223.76,224.36,223.08,223.66,25550.806
2024-12-13 23:00:00,223.66,224.93,223.26,224.79,20830.886
2024-12-14 00:00:00,224.79,225.25,223.66,224.42,26756.308
2024-12-14 01:00:00,224.42,227.04,224.35,225.64,36569.128
2024-12-14 02:00:00,225.64,226.23,224.93,225.9,22883.047
2024-12-14 03:00:00,225.9,226.52,225.56,226.23,15567.771
2024-12-14 04:00:00,226.23,226.33,225.21,225.45,11408.636
2024-12-14 05:00:00,225.45,226.24,225.14,226.2,10353.879
2024-12-14 06:00:00,226.2,227.49,226.02,226.68,15587.449
2024-12-14 07:00:00,226.68,227.06,225.83,225.96,11988.293
2024-12-14 08:00:00,225.96,226.79,225.59,226.42,19034.036
2024-12-14 09:00:00,226.42,226.64,225.47,225.94,20249.574
2024-12-14 10:00:00,225.94,226.09,224.69,224.95,19299.881
2024-12-14 11:00:00,224.95,225.34,224.14,224.36,16015.786
2024-12-14 12:00:00,224.36,224.64,222.08,222.4,34057.776
2024-12-14 13:00:00,222.4,222.68,220.46,220.89,38893.819
2024-12-14 14:00:00,220.89,222.41,220.72,221.82,31921.933
2024-12-14 15:00:00,221.82,223.45,221.48,222.55,35172.781
2024-12-14 16:00:00,222.55,222.55,220.39,221.6,41690.476
2024-12-14 17:00:00,221.6,222.08,218.15,218.34,65170.673
2024-12-14 18:00:00,218.34,219.25,217.46,217.79,42851.492
2024-12-14 19:00:00,217.79,218.48,216.76,218.05,38951.508
2024-12-14 20:00:00,218.05,218.61,215.18,215.64,46937.713
2024-12-14 21:00:00,215.64,217.79,215.53,217.41,35143.032
2024-12-14 22:00:00,217.41,218.59,216.6,218.03,14773.407
2024-12-14 23:00:00,218.03,220.91,217.77,219.95,29262.623
2024-12-15 00:00:00,219.95,220.58,218.88,219.79,17093.804
2024-12-15 01:00:00,219.79,221.53,219.66,221.24,25458.726
2024-12-15 02:00:00,221.24,221.79,220.9,220.99,19111.623
2024-12-15 03:00:00,220.99,221.2,219.41,219.45,20380.129
2024-12-15 04:00:00,219.45,221.93,219.35,220.31,37784.689
2024-12-15 05:00:00,220.31,221.36,220.07,220.17,14628.856
2024-12-15 06:00:00,220.17,220.34,218.24,218.29,19478.783
2024-12-15 07:00:00,218.29,218.82,215.68,217.29,40872.172
2024-12-15 08:00:00,217.29,218.72,216.48,218.59,22760.116
2024-12-15 09:00:00,218.59,219.48,217.98,219.28,20905.278
2024-12-15 10:00:00,219.28,220.17,218.13,218.13,26652.666
2024-12-15 11:00:00,218.13,218.69,217.7,218.43,27761.345
2024-12-15 12:00:00,218.43,219.97,217.37,219.64,43971.019
2024-12-15 13:00:00,219.64,220.62,218.17,219.44,36846.488
2024-12-15 14:00:00,219.44,221.55,219.33,221.37,33085.05
2024-12-15 15:00:00,221.37,221.47,219.99,220.91,33217.305
2024-12-15 16:00:00,220.91,222.49,220.58,222.11,36895.454
2024-12-15 17:00:00,222.11,222.21,220.95,221.36,22477.142
2024-12-15 18:00:00,221.36,221.49,220.42,220.98,20067.898
2024-12-15 19:00:00,220.98,222.1,220.95,221.26,18944.747
2024-12-15 20:00:00,221.26,221.52,220.35,220.47,16374.443
2024-12-15 21:00:00,220.47,220.61,216.59,216.84,62744.551
2024-12-15 22:00:00,216.84,219.72,216.16,219.33,31829.255
2024-12-15 23:00:00,219.33,225.51,219.28,224.26,118753.28
2024-12-16 00:00:00,224.26,227.5,223.38,225.92,94764.838
2024-12-16 01:00:00,225.92,227.14,225.23,225.59,71759.582
2024-12-16 02:00:00,225.59,225.77,221.97,222.24,52117.536
2024-12-16 03:00:00,222.24,222.9,220.39,221.21,40018.341
2024-12-16 04:00:00,221.21,222.17,220.76,221.32,25758.563
2024-12-16 05:00:00,221.32,222.44,220.58,222.33,27882.253
2024-12-16 06:00:00,222.33,223.45,221.8,222.68,28855.689
2024-12-16 07:00:00,222.68,223.92,222.31,223.16,27832.901
2024-12-16 08:00:00,223.16,223.36,219.85,219.99,71413.575
2024-12-16 09:00:00,219.99,220.38,218.39,218.5,72593.022
2024-12-16 10:00:00,218.5,218.67,216.99,217.63,67224.778
2024-12-16 11:00:00,217.63,217.94,213.63,214.15,98290.995
2024-12-16 12:00:00,214.15,215.75,213.65,214.3,74670.493
2024-12-16 13:00:00,214.3,216.48,213.22,216.24,69330.298
2024-12-16 14:00:00,216.24,218.05,215.69,216.59,96667.598
2024-12-16 15:00:00,216.59,218.09,215.7,216.99,70842.554
2024-12-16 16:00:00,216.99,219.62,216.84,218.52,66038.973
2024-12-16 17:00:00,218.52,221.08,218.51,219.42,59294.485
2024-12-16 18:00:00,219.42,221.85,218.24,221.73,59214.966
2024-12-16 19:00:00,221.73,221.79,218.07,218.38,66757.311
2024-12-16 20:00:00,218.38,218.54,216.08,216.46,51625.5
2024-12-16 21:00:00,216.46,218.83,216.46,218.75,38008.184
2024-12-16 22:00:00,218.75,219.0,217.32,217.9,17539.827
2024-12-16 23:00:00,217.9,218.38,215.85,216.21,36588.467
2024-12-17 00:00:00,216.21,216.72,211.84,211.84,97293.123
2024-12-17 01:00:00,211.84,214.85,211.39,214.24,48815.084
2024-12-17 02:00:00,214.24,215.31,213.59,213.94,28860.594
2024-12-17 03:00:00,213.94,215.73,213.88,215.46,32496.926
2024-12-17 04:00:00,215.46,215.73,213.07,214.31,40831.502
2024-12-17 05:00:00,214.31,215.28,213.15,215.03,31402.566
2024-12-17 06:00:00,215.03,215.57,213.85,215.12,33307.481
2024-12-17 07:00:00,215.12,216.57,214.94,215.58,41310.183
2024-12-17 08:00:00,215.58,217.79,215.52,217.25,36102.011
2024-12-17 09:00:00,217.25,222.37,216.9,221.95,71022.465
2024-12-17 10:00:00,221.95,223.84,221.56,222.93,83602.317
2024-12-17 11:00:00,222.93,223.44,221.14,221.66,59649.868
2024-12-17 12:00:00,221.66,227.62,221.07,227.2,111933.846
2024-12-17 13:00:00,227.2,227.52,223.26,223.68,86066.323
2024-12-17 14:00:00,223.68,223.96,219.43,222.08,102430.042
2024-12-17 15:00:00,222.08,222.1,216.99,220.53,141236.021
2024-12-17 16:00:00,220.53,227.35,219.9,226.97,162983.402
2024-12-17 17:00:00,226.97,228.37,225.17,227.41,79091.554
2024-12-17 18:00:00,227.41,229.3,226.03,227.86,77400.096
2024-12-17 19:00:00,227.86,228.84,226.22,227.47,55150.614
2024-12-17 20:00:00,227.47,228.56,225.97,226.44,54517.159
2024-12-17 21:00:00,226.44,226.8,224.84,225.69,47882.716
2024-12-17 22:00:00,225.69,225.96,222.4,223.8,54740.567
2024-12-17 23:00:00,223.8,223.84,221.63,223.2,65389.656
2024-12-18 00:00:00,223.2,226.05,221.89,224.21,83920.701
2024-12-18 01:00:00,224.21,225.22,218.14,218.49,89147.054
2024-12-18 02:00:00,218.49,220.35,217.92,218.68,67156.285
2024-12-18 03:00:00,218.68,219.08,217.13,217.49,53939.435
2024-12-18 04:00:00,217.49,218.0,215.45,217.22,75484.031
2024-12-18 05:00:00,217.22,218.33,215.36,215.77,70753.463
2024-12-18 06:00:00,215.77,216.6,213.54,215.43,54751.668
2024-12-18 07:00:00,215.43,216.49,214.8,215.95,38659.44
2024-12-18 08:00:00,215.95,216.81,215.31,215.78,47121.545
2024-12-18 09:00:00,215.78,217.48,215.78,216.69,60828.421
2024-12-18 10:00:00,216.69,217.63,215.72,217.48,58548.713
2024-12-18 11:00:00,217.48,218.97,217.32,217.86,43532.964
2024-12-18 12:00:00,217.86,218.66,216.05,216.48,70454.237
2024-12-18 13:00:00,216.48,218.01,215.44,215.67,55248.106
2024-12-18 14:00:00,215.67,217.5,214.75,215.43,82158.614
2024-12-18 15:00:00,215.43,218.78,214.58,217.75,80809.289
2024-12-18 16:00:00,217.75,217.92,215.1,216.12,43864.624
2024-12-18 17:00:00,216.12,217.3,214.03,216.68,49668.135
2024-12-18 18:00:00,216.68,218.08,215.8,217.9,41102.678
2024-12-18 19:00:00,217.9,218.36,211.52,211.63,162639.372
2024-12-18 20:00:00,211.63,212.77,205.26,207.14,506627.861
2024-12-18 21:00:00,207.14,210.44,205.91,208.9,132867.787
2024-12-18 22:00:00,208.9,209.19,206.28,206.42,64608.173
2024-12-18 23:00:00,206.42,207.65,204.67,206.54,85682.303
2024-12-19 00:00:00,206.54,208.64,206.07,208.24,73883.535
2024-12-19 01:00:00,208.24,208.24,203.08,203.42,120373.347
2024-12-19 02:00:00,203.42,205.88,199.33,205.82,268629.272
2024-12-19 03:00:00,205.82,209.26,205.5,208.83,102296.595
2024-12-19 04:00:00,208.83,209.39,207.46,207.51,45998.846
2024-12-19 05:00:00,207.51,210.06,207.25,209.9,52022.392
2024-12-19 06:00:00,209.9,211.35,208.73,210.33,47704.208
2024-12-19 07:00:00,210.33,212.17,210.02,211.83,31961.167
2024-12-19 08:00:00,211.83,211.85,208.27,208.73,50773.317
2024-12-19 09:00:00,208.73,210.34,207.92,210.04,65373.856
2024-12-19 10:00:00,210.04,211.38,209.21,210.35,72024.323
2024-12-19 11:00:00,210.35,210.76,209.39,210.5,37157.331
2024-12-19 12:00:00,210.5,211.07,207.38,207.89,76332.035
2024-12-19 13:00:00,207.89,209.22,207.0,207.79,56640.781
2024-12-19 14:00:00,207.79,210.54,206.13,206.34,95347.289
2024-12-19 15:00:00,206.34,206.46,202.4,205.47,128141.293
2024-12-19 16:00:00,205.47,206.98,203.77,206.21,64103.818
2024-12-19 17:00:00,206.21,206.29,194.55,197.03,298497.58
2024-12-19 18:00:00,197.03,197.63,190.76,194.73,400170.997
2024-12-19 19:00:00,194.73,196.25,186.98,191.83,300457.388
2024-12-19 20:00:00,191.83,194.69,187.64,193.4,240161.305
2024-12-19 21:00:00,193.4,198.12,192.19,194.67,126398.409
2024-12-19 22:00:00,194.67,197.2,193.84,196.84,53466.234
2024-12-19 23:00:00,196.84,196.91,193.72,193.78,55230.734
2024-12-20 00:00:00,193.78,196.7,191.67,195.28,105445.2
2024-12-20 01:00:00,195.28,196.4,193.2,194.15,66499.134
2024-12-20 02:00:00,194.15,199.73,193.83,198.66,102899.739
2024-12-20 03:00:00,198.66,198.99,196.14,196.4,44791.268
2024-12-20 04:00:00,196.4,197.41,194.7,194.81,66772.664
2024-12-20 05:00:00,194.81,195.51,192.65,192.7,56032.822
2024-12-20 06:00:00,192.7,194.44,188.13,189.78,128238.568
2024-12-20 07:00:00,189.78,194.5,189.75,191.38,117771.562
2024-12-20 08:00:00,191.38,191.61,180.15,181.72,331218.738
2024-12-20 09:00:00,181.72,185.93,178.44,182.82,334128.608
2024-12-20 10:00:00,182.82,184.4,176.02,182.74,429281.935
2024-12-20 11:00:00,182.74,184.36,175.21,175.99,350046.145
2024-12-20 12:00:00,175.99,185.51,175.76,183.76,235217.399
2024-12-20 13:00:00,183.76,188.78,182.2,188.36,242367.426
2024-12-20 14:00:00,188.36,189.6,186.35,188.31,115738.576
2024-12-20 15:00:00,188.31,191.32,187.46,189.89,106583.623
2024-12-20 16:00:00,189.89,192.9,188.3,190.77,90199.061
2024-12-20 17:00:00,190.77,192.87,189.86,192.11,61044.453
2024-12-20 18:00:00,192.11,192.49,189.26,190.59,51740.603
2024-12-20 19:00:00,190.59,193.22,190.46,191.62,46971.573
2024-12-20 20:00:00,191.62,191.64,188.78,190.16,48068.871
2024-12-20 21:00:00,190.16,191.1,187.89,190.96,55841.197
2024-12-20 22:00:00,190.96,192.76,190.31,192.64,34159.659
2024-12-20 23:00:00,192.64,194.53,192.39,194.44,45457.045
2024-12-21 00:00:00,194.44,194.97,193.0,194.14,29696.348
2024-12-21 01:00:00,194.14,196.64,193.94,195.38,29962.23
2024-12-21 02:00:00,195.38,195.88,194.03,194.54,23470.342
2024-12-21 03:00:00,194.54,194.98,193.53,194.27,25453.668
2024-12-21 04:00:00,194.27,196.49,194.2,196.43,21666.965
2024-12-21 05:00:00,196.43,199.28,196.23,199.2,32860.989
2024-12-21 06:00:00,199.2,199.99,197.38,199.44,47319.223
2024-12-21 07:00:00,199.44,202.0,198.7,198.8,51272.642
2024-12-21 08:00:00,198.8,199.0,196.5,196.55,59493.097
2024-12-21 09:00:00,196.55,196.91,194.31,195.09,58168.645
2024-12-21 10:00:00,195.09,195.93,193.81,194.39,41793.243
2024-12-21 11:00:00,194.39,194.56,192.21,192.94,33581.274
2024-12-21 12:00:00,192.94,193.1,186.59,187.12,135809.584
2024-12-21 13:00:00,187.12,188.68,183.26,185.65,167844.729
2024-12-21 14:00:00,185.65,187.28,184.22,184.32,81710.121
2024-12-21 15:00:00,184.32,187.19,184.26,186.64,50779.731
2024-12-21 16:00:00,186.64,187.57,183.47,183.93,84657.826
2024-12-21 17:00:00,183.93,185.06,181.63,184.03,106779.175
2024-12-21 18:00:00,184.03,185.24,180.63,182.19,72872.904
2024-12-21 19:00:00,182.19,182.36,178.44,181.54,101055.453
2024-12-21 20:00:00,181.54,183.39,179.98,181.61,86197.427
2024-12-21 21:00:00,181.61,182.25,178.71,180.65,55433.568
2024-12-21 22:00:00,180.65,181.9,179.33,181.18,45397.804
2024-12-21 23:00:00,181.18,181.66,179.02,181.44,50185.44
2024-12-22 00:00:00,181.44,183.44,179.93,181.9,59410.469
2024-12-22 01:00:00,181.9,183.94,180.47,182.84,55828.775
2024-12-22 02:00:00,182.84,183.9,181.13,181.85,38650.209
2024-12-22 03:00:00,181.85,183.86,180.45,182.63,41159.336
2024-12-22 04:00:00,182.63,183.34,179.95,179.98,32822.554
2024-12-22 05:00:00,179.98,180.85,177.86,180.64,79057.347
2024-12-22 06:00:00,180.64,183.75,180.06,183.33,41089.649
2024-12-22 07:00:00,183.33,184.82,182.7,184.29,30985.926
2024-12-22 08:00:00,184.29,185.78,183.81,184.39,42985.311
2024-12-22 09:00:00,184.39,186.88,183.72,185.55,44466.987
2024-12-22 10:00:00,185.55,186.93,185.23,185.59,52870.466
2024-12-22 11:00:00,185.59,186.97,185.34,186.68,25133.141
2024-12-22 12:00:00,186.68,187.87,185.57,185.92,35983.492
2024-12-22 13:00:00,185.92,186.88,184.52,184.89,31701.072
2024-12-22 14:00:00,184.89,185.25,179.07,179.17,87271.934
2024-12-22 15:00:00,179.17,182.48,179.07,181.87,48885.291
2024-12-22 16:00:00,181.87,183.47,180.46,182.89,48433.935
2024-12-22 17:00:00,182.89,183.29,181.21,181.62,36662.579
2024-12-22 18:00:00,181.62,184.06,181.18,181.9,39728.333
2024-12-22 19:00:00,181.9,182.29,177.84,178.52,63355.129
2024-12-22 20:00:00,178.52,181.13,176.9,180.95,58522.787
2024-12-22 21:00:00,180.95,182.42,180.11,180.7,35939.906
2024-12-22 22:00:00,180.7,181.57,177.64,181.42,43990.018
2024-12-22 23:00:00,181.42,182.27,179.78,180.52,28599.382
2024-12-23 00:00:00,180.52,180.65,177.71,179.12,60601.113
2024-12-23 01:00:00,179.12,182.1,176.44,178.33,87382.729
2024-12-23 02:00:00,178.33,180.02,176.59,179.72,67390.719
2024-12-23 03:00:00,179.72,187.75,179.21,186.23,117610.268
2024-12-23 04:00:00,186.23,187.74,184.77,184.77,62500.833
2024-12-23 05:00:00,184.77,185.42,183.07,184.0,40455.966
2024-12-23 06:00:00,184.0,184.47,180.71,180.79,50351.958
2024-12-23 07:00:00,180.79,182.83,179.89,182.26,41033.244
2024-12-23 08:00:00,182.26,184.48,181.7,184.35,34973.806
2024-12-23 09:00:00,184.35,186.58,184.2,184.84,57302.799
2024-12-23 10:00:00,184.84,185.85,184.07,185.31,34804.518
2024-12-23 11:00:00,185.31,185.68,183.44,183.6,28506.653
2024-12-23 12:00:00,183.6,185.04,182.82,184.36,28872.472
2024-12-23 13:00:00,184.36,184.56,181.23,182.55,36256.07
2024-12-23 14:00:00,182.55,185.08,181.33,183.79,83109.621
2024-12-23 15:00:00,183.79,185.74,180.73,180.88,81299.168
2024-12-23 16:00:00,180.88,185.68,180.74,185.0,84383.662
2024-12-23 17:00:00,185.0,186.21,184.12,184.6,68481.536
2024-12-23 18:00:00,184.6,186.05,184.3,185.1,33385.83
2024-12-23 19:00:00,185.1,189.68,184.94,187.44,84658.676
2024-12-23 20:00:00,187.44,191.77,186.72,191.24,81224.16
2024-12-23 21:00:00,191.24,193.5,189.9,190.14,93645.644
2024-12-23 22:00:00,190.14,192.69,189.69,192.51,38842.126
2024-12-23 23:00:00,192.51,192.72,189.8,190.13,45751.567
2024-12-24 00:00:00,190.13,190.37,188.44,189.95,31634.188
2024-12-24 01:00:00,189.95,190.43,187.56,187.71,32932.281
2024-12-24 02:00:00,187.71,188.44,186.17,187.87,29113.256
2024-12-24 03:00:00,187.87,190.11,187.87,190.01,24676.982
2024-12-24 04:00:00,190.01,191.22,189.3,190.96,19738.733
2024-12-24 05:00:00,190.96,191.87,190.55,191.8,13006.325
2024-12-24 06:00:00,191.8,191.96,190.05,190.27,18768.294
2024-12-24 07:00:00,190.27,191.63,189.54,191.55,20136.488
2024-12-24 08:00:00,191.55,193.48,191.01,192.84,29975.313
2024-12-24 09:00:00,192.84,193.99,191.25,192.55,37348.145
2024-12-24 10:00:00,192.55,193.0,190.64,190.75,33349.695
2024-12-24 11:00:00,190.75,193.3,190.56,192.96,28641.25
2024-12-24 12:00:00,192.96,193.38,191.34,191.63,18000.498
2024-12-24 13:00:00,191.63,195.81,191.26,195.48,54553.489
2024-12-24 14:00:00,195.48,195.77,193.87,194.45,56266.968
2024-12-24 15:00:00,194.45,199.07,194.06,197.82,76400.902
2024-12-24 16:00:00,197.82,198.7,195.61,195.68,59365.914
2024-12-24 17:00:00,195.68,197.33,195.38,196.75,43967.547
2024-12-24 18:00:00,196.75,198.64,195.89,196.54,32305.941
2024-12-24 19:00:00,196.54,196.72,195.17,195.27,30603.003
2024-12-24 20:00:00,195.27,195.55,193.28,194.62,43232.386
2024-12-24 21:00:00,194.62,197.06,194.5,196.73,42198.268
2024-12-24 22:00:00,196.73,197.71,196.22,197.01,20355.732
2024-12-24 23:00:00,197.01,198.1,196.68,197.09,16947.81
2024-12-25 00:00:00,197.09,197.68,196.42,197.52,29458.949
2024-12-25 01:00:00,197.52,200.4,197.45,199.24,50461.951
2024-12-25 02:00:00,199.24,201.86,199.18,201.58,58371.33
2024-12-25 03:00:00,201.58,201.79,199.55,199.91,27281.061
2024-12-25 04:00:00,199.91,200.06,198.72,199.42,37386.582
2024-12-25 05:00:00,199.42,199.82,198.4,199.34,12982.78
2024-12-25 06:00:00,199.34,200.6,198.61,198.79,20286.706
2024-12-25 07:00:00,198.79,199.76,197.71,198.1,28701.937
2024-12-25 08:00:00,198.1,199.07,197.42,197.85,28791.544
2024-12-25 09:00:00,197.85,198.74,197.39,198.1,18784.952
2024-12-25 10:00:00,198.1,200.53,196.39,197.4,63620.465
2024-12-25 11:00:00,197.4,198.1,195.05,195.81,34585.176
2024-12-25 12:00:00,195.81,196.92,195.07,196.11,29858.327
2024-12-25 13:00:00,196.11,197.11,195.93,196.98,13460.883
2024-12-25 14:00:00,196.98,199.45,196.9,198.92,28203.287
2024-12-25 15:00:00,198.92,199.02,196.96,198.27,24944.553
2024-12-25 16:00:00,198.27,198.8,196.14,197.44,27858.934
2024-12-25 17:00:00,197.44,198.88,196.56,198.86,23021.535
2024-12-25 18:00:00,198.86,199.31,197.88,198.26,21051.582
2024-12-25 19:00:00,198.26,199.52,198.21,199.25,18743.417
2024-12-25 20:00:00,199.25,200.14,197.62,198.02,39187.843
2024-12-25 21:00:00,198.02,198.7,196.09,196.42,37214.872
2024-12-25 22:00:00,196.42,197.27,195.62,196.77,23502.731
2024-12-25 23:00:00,196.77,197.89,196.59,197.47,17909.325
2024-12-26 00:00:00,197.47,199.73,196.18,196.74,43099.307
2024-12-26 01:00:00,196.74,198.14,196.24,196.92,38799.659
2024-12-26 02:00:00,196.92,199.0,195.93,197.12,29507.86
2024-12-26 03:00:00,197.12,197.58,195.71,196.62,31237.479
2024-12-26 04:00:00,196.62,196.62,194.71,195.18,38494.176
2024-12-26 05:00:00,195.18,195.62,194.24,194.66,33530.857
2024-12-26 06:00:00,194.66,195.14,193.59,194.14,31468.355
2024-12-26 07:00:00,194.14,194.84,193.29,193.43,28919.772
2024-12-26 08:00:00,193.43,193.86,188.49,189.14,118463.007
2024-12-26 09:00:00,189.14,190.36,188.99,189.5,38483.564
2024-12-26 10:00:00,189.5,189.92,188.23,188.92,29806.084
2024-12-26 11:00:00,188.92,190.9,188.87,189.81,36153.447
2024-12-26 12:00:00,189.81,190.14,188.69,189.01,22600.394
2024-12-26 13:00:00,189.01,189.37,188.13,189.06,27666.434
2024-12-26 14:00:00,189.06,190.16,187.55,188.63,36595.784
2024-12-26 15:00:00,188.63,189.92,187.96,188.68,30322.416
2024-12-26 16:00:00,188.68,190.98,188.32,190.6,39816.079
2024-12-26 17:00:00,190.6,190.7,187.39,188.3,40041.736
2024-12-26 18:00:00,188.3,189.41,187.42,189.33,29929.576
2024-12-26 19:00:00,189.33,189.5,187.64,189.14,28287.465
2024-12-26 20:00:00,189.14,189.76,187.18,188.39,36124.509
2024-12-26 21:00:00,188.39,189.96,186.62,189.55,58528.926
2024-12-26 22:00:00,189.55,190.11,188.78,189.07,12345.399
2024-12-26 23:00:00,189.07,189.26,187.13,188.44,25092.91
2024-12-27 00:00:00,188.44,189.36,187.27,189.1,31094.126
2024-12-27 01:00:00,189.1,189.98,188.23,189.03,22490.591
2024-12-27 02:00:00,189.03,190.46,188.05,188.84,27716.129
2024-12-27 03:00:00,188.84,189.88,188.42,189.44,13323.457
2024-12-27 04:00:00,189.44,190.85,189.4,189.77,19447.905
2024-12-27 05:00:00,189.77,190.08,187.9,189.23,18116.711
2024-12-27 06:00:00,189.23,190.99,189.23,190.96,18954.388
2024-12-27 07:00:00,190.96,191.2,185.78,186.67,60171.883
2024-12-27 08:00:00,186.67,190.49,186.62,188.99,39295.194
2024-12-27 09:00:00,188.99,194.42,188.89,193.08,102463.661
2024-12-27 10:00:00,193.08,193.49,188.92,191.0,66552.337
2024-12-27 11:00:00,191.0,191.5,190.15,191.35,26014.082
2024-12-27 12:00:00,191.35,191.47,190.47,190.83,25417.772
2024-12-27 13:00:00,190.83,191.06,188.97,189.39,32649.597
2024-12-27 14:00:00,189.39,189.55,186.24,187.45,58479.776
2024-12-27 15:00:00,187.45,187.5,183.33,184.12,83597.968
2024-12-27 16:00:00,184.12,184.63,182.73,184.5,44867.168
2024-12-27 17:00:00,184.5,186.49,183.57,186.11,52216.721
2024-12-27 18:00:00,186.11,187.1,185.61,187.03,34579.899
2024-12-27 19:00:00,187.03,187.35,186.13,186.9,19403.591
2024-12-27 20:00:00,186.9,187.01,185.24,186.04,20181.291
2024-12-27 21:00:00,186.04,186.24,184.66,184.73,17500.718
2024-12-27 22:00:00,184.73,185.9,184.07,184.82,26333.527
2024-12-27 23:00:00,184.82,185.16,183.11,184.19,55721.33
2024-12-28 00:00:00,184.19,185.54,184.11,185.22,18296.027
2024-12-28 01:00:00,185.22,186.02,184.3,185.29,19030.496
2024-12-28 02:00:00,185.29,185.72,183.82,184.04,12408.672
2024-12-28 03:00:00,184.04,185.64,184.04,185.01,11263.748
2024-12-28 04:00:00,185.01,185.3,184.27,184.39,19300.044
2024-12-28 05:00:00,184.39,186.25,184.39,185.81,14524.396
2024-12-28 06:00:00,185.81,186.11,185.08,185.66,11838.161
2024-12-28 07:00:00,185.66,186.33,184.88,185.12,16222.161
2024-12-28 08:00:00,185.12,186.4,184.98,186.3,13516.591
2024-12-28 09:00:00,186.3,186.88,186.1,186.29,10134.683
2024-12-28 10:00:00,186.29,186.52,185.55,185.78,9566.978
2024-12-28 11:00:00,185.78,187.41,185.78,187.2,17493.29
2024-12-28 12:00:00,187.2,187.68,186.49,186.83,13649.058
2024-12-28 13:00:00,186.83,188.51,186.76,188.32,27975.294
2024-12-28 14:00:00,188.32,190.21,188.03,189.84,37401.319
2024-12-28 15:00:00,189.84,191.31,189.82,190.18,41210.366
2024-12-28 16:00:00,190.18,192.65,189.65,192.65,32936.615
2024-12-28 17:00:00,192.65,195.26,192.63,194.85,67479.085
2024-12-28 18:00:00,194.85,195.33,193.53,193.72,36915.876
2024-12-28 19:00:00,193.72,194.17,193.57,193.74,20241.093
2024-12-28 20:00:00,193.74,194.04,192.7,193.28,21203.451
2024-12-28 21:00:00,193.28,194.5,192.89,194.48,21367.443
2024-12-28 22:00:00,194.48,196.09,194.04,195.22,58288.232
2024-12-28 23:00:00,195.22,195.6,194.33,195.52,26433.048
2024-12-29 00:00:00,195.52,195.72,193.8,194.02,24646.428
2024-12-29 01:00:00,194.02,194.51,192.39,192.58,53266.266
2024-12-29 02:00:00,192.58,194.33,192.44,193.75,23421.925
2024-12-29 03:00:00,193.75,194.96,193.29,194.79,16843.691
2024-12-29 04:00:00,194.79,194.91,194.18,194.44,7502.403
2024-12-29 05:00:00,194.44,195.51,194.09,195.36,19647.382
2024-12-29 06:00:00,195.36,196.32,194.59,196.32,30952.011
2024-12-29 07:00:00,196.32,197.36,195.65,196.04,32151.12
2024-12-29 08:00:00,196.04,196.2,195.07,195.31,22255.715
2024-12-29 09:00:00,195.31,197.03,194.91,196.92,40547.7
2024-12-29 10:00:00,196.92,197.19,196.56,196.81,22478.007
2024-12-29 11:00:00,196.81,197.38,195.93,196.11,18662.944
2024-12-29 12:00:00,196.11,196.74,195.88,196.14,20886.576
2024-12-29 13:00:00,196.14,196.53,195.14,196.34,24244.395
2024-12-29 14:00:00,196.34,197.71,192.91,193.92,85665.735
2024-12-29 15:00:00,193.92,195.92,193.27,195.19,44204.799
2024-12-29 16:00:00,195.19,195.53,192.67,192.89,47918.476
2024-12-29 17:00:00,192.89,193.64,192.15,193.33,24226.332
2024-12-29 18:00:00,193.33,193.64,192.28,193.24,22006.187
2024-12-29 19:00:00,193.24,193.62,192.71,192.72,16944.973
2024-12-29 20:00:00,192.72,192.79,190.65,192.32,45794.927
2024-12-29 21:00:00,192.32,192.57,190.27,190.78,25664.524
2024-12-29 22:00:00,190.78,190.89,189.02,189.51,39046.363
2024-12-29 23:00:00,189.51,190.38,188.54,189.97,34393.0
2024-12-30 00:00:00,189.97,192.97,189.08,192.24,44943.617
2024-12-30 01:00:00,192.24,194.42,191.5,193.08,51630.216
2024-12-30 02:00:00,193.08,193.54,190.64,192.31,30981.841
2024-12-30 03:00:00,192.31,193.26,191.01,191.34,23027.177
2024-12-30 04:00:00,191.34,192.51,189.73,189.78,34051.631
2024-12-30 05:00:00,189.78,191.44,189.58,191.23,29265.991
2024-12-30 06:00:00,191.23,193.76,191.14,192.93,30683.117
2024-12-30 07:00:00,192.93,193.1,190.81,192.38,21471.086
2024-12-30 08:00:00,192.38,194.15,192.36,193.26,29628.873
2024-12-30 09:00:00,193.26,193.76,192.23,192.97,25004.219
2024-12-30 10:00:00,192.97,194.03,192.64,192.64,35328.936
2024-12-30 11:00:00,192.64,194.15,191.54,193.54,39698.686
2024-12-30 12:00:00,193.54,194.88,192.84,193.34,26784.419
2024-12-30 13:00:00,193.34,193.84,188.62,189.08,70123.382
2024-12-30 14:00:00,189.08,190.39,187.27,187.76,80028.653
2024-12-30 15:00:00,187.76,188.95,185.81,187.32,60461.197
2024-12-30 16:00:00,187.32,188.26,185.91,187.28,50573.96
2024-12-30 17:00:00,187.28,192.68,186.99,191.58,64783.493
2024-12-30 18:00:00,191.58,194.84,190.91,194.55,61394.33
2024-12-30 19:00:00,194.55,196.3,194.29,196.18,50222.066
2024-12-30 20:00:00,196.18,196.46,194.77,194.87,27516.952
2024-12-30 21:00:00,194.87,194.95,189.09,189.43,76318.951
2024-12-30 22:00:00,189.43,191.79,189.24,191.17,36355.446
2024-12-30 23:00:00,191.17,191.56,189.74,191.38,25852.819
2024-12-31 00:00:00,191.38,192.06,190.0,190.09,26053.977
2024-12-31 01:00:00,190.09,190.44,188.33,189.2,45028.714
2024-12-31 02:00:00,189.2,190.73,188.82,190.3,30987.232
2024-12-31 03:00:00,190.3,190.78,189.51,189.96,22044.231
2024-12-31 04:00:00,189.96,190.78,188.43,188.92,20300.557
2024-12-31 05:00:00,188.92,189.59,188.03,188.53,25311.823
2024-12-31 06:00:00,188.53,189.8,188.18,189.13,25567.869
2024-12-31 07:00:00,189.13,190.16,189.08,190.06,26936.433
2024-12-31 08:00:00,190.06,193.76,190.0,192.11,62691.817
2024-12-31 09:00:00,192.11,194.23,191.58,193.33,37824.25
2024-12-31 10:00:00,193.33,194.94,193.06,194.33,38750.311
2024-12-31 11:00:00,194.33,194.6,193.7,193.82,25589.484
2024-12-31 12:00:00,193.82,194.61,193.0,193.08,41157.989
2024-12-31 13:00:00,193.08,196.32,193.07,195.9,66270.707
2024-12-31 14:00:00,195.9,198.44,195.75,197.43,82132.208
2024-12-31 15:00:00,197.43,198.77,196.5,198.43,53923.076
2024-12-31 16:00:00,198.43,199.22,197.53,198.94,51027.152
2024-12-31 17:00:00,198.94,199.28,194.19,196.08,84208.252
2024-12-31 18:00:00,196.08,196.71,194.49,194.67,29118.772
2024-12-31 19:00:00,194.67,195.2,193.22,193.79,25288.792
2024-12-31 20:00:00,193.79,194.83,193.76,194.04,23554.1
2024-12-31 21:00:00,194.04,194.4,192.51,193.15,25279.959
2024-12-31 22:00:00,193.15,193.15,190.74,191.17,34036.633
2024-12-31 23:00:00,191.17,191.22,189.16,189.32,48805.024
2025-01-01 00:00:00,189.32,192.65,189.09,192.5,47386.762
2025-01-01 01:00:00,192.5,192.62,190.34,190.7,33021.882
2025-01-01 02:00:00,190.7,192.06,190.41,191.6,23045.47
2025-01-01 03:00:00,191.6,191.62,190.05,190.4,18799.936
2025-01-01 04:00:00,190.4,190.41,189.34,189.5,25718.387
2025-01-01 05:00:00,189.5,190.64,189.35,190.16,18152.591
2025-01-01 06:00:00,190.16,190.34,189.4,190.32,10254.429
2025-01-01 07:00:00,190.32,190.39,189.72,190.09,13940.079
2025-01-01 08:00:00,190.09,190.77,189.29,189.4,17353.765
2025-01-01 09:00:00,189.4,189.77,187.98,189.18,33722.631
2025-01-01 10:00:00,189.18,191.02,189.18,190.26,27123.845
2025-01-01 11:00:00,190.26,191.88,189.93,191.35,28442.937
2025-01-01 12:00:00,191.35,191.79,190.53,190.95,32197.722
2025-01-01 13:00:00,190.95,191.35,189.55,190.25,26454.829
2025-01-01 14:00:00,190.25,191.48,189.16,190.89,21612.266
2025-01-01 15:00:00,190.89,192.17,189.97,191.91,18820.497
2025-01-01 16:00:00,191.91,192.27,190.08,190.51,19179.008
2025-01-01 17:00:00,190.51,190.68,189.24,190.62,21571.642
2025-01-01 18:00:00,190.62,192.24,189.89,191.69,23122.39
2025-01-01 19:00:00,191.69,193.9,191.5,193.09,42223.737
2025-01-01 20:00:00,193.09,194.57,193.09,194.32,35115.272
2025-01-01 21:00:00,194.32,195.32,193.71,194.67,37703.941
2025-01-01 22:00:00,194.67,194.94,193.67,194.54,19652.364
2025-01-01 23:00:00,194.54,195.17,193.81,194.3,27540.571
2025-01-02 00:00:00,194.3,197.17,193.43,196.26,67317.763
2025-01-02 01:00:00,196.26,198.45,196.13,197.7,46205.896
2025-01-02 02:00:00,197.7,199.45,197.46,199.41,55132.722
2025-01-02 03:00:00,199.41,199.7,197.83,198.55,35459.071
2025-01-02 04:00:00,198.55,204.87,198.55,204.45,112440.93
2025-01-02 05:00:00,204.45,205.53,203.37,204.62,52309.006
2025-01-02 06:00:00,204.62,205.98,203.97,205.35,59742.477
2025-01-02 07:00:00,205.35,206.94,205.18,205.93,61295.513
2025-01-02 08:00:00,205.93,207.07,205.65,206.77,73555.254
2025-01-02 09:00:00,206.77,208.02,206.31,207.38,118843.953
2025-01-02 10:00:00,207.38,207.72,206.71,207.01,39646.548
2025-01-02 11:00:00,207.01,208.92,206.9,208.55,55719.73
2025-01-02 12:00:00,208.55,209.53,207.67,208.37,52236.868
2025-01-02 13:00:00,208.37,208.67,207.56,208.17,33715.188
2025-01-02 14:00:00,208.17,210.53,206.69,208.21,110498.772
2025-01-02 15:00:00,208.21,208.36,205.52,206.79,67160.0
2025-01-02 16:00:00,206.79,209.08,205.95,207.44,55174.983
2025-01-02 17:00:00,207.44,208.23,204.71,206.05,63349.004
2025-01-02 18:00:00,206.05,206.81,204.95,206.44,37899.293
2025-01-02 19:00:00,206.44,207.89,206.18,206.72,36436.834
2025-01-02 20:00:00,206.72,208.03,206.69,206.82,28741.934
2025-01-02 21:00:00,206.82,207.15,205.46,206.54,32413.563
2025-01-02 22:00:00,206.54,206.76,205.22,206.6,26893.255
2025-01-02 23:00:00,206.6,208.49,206.53,208.37,50283.55
2025-01-03 00:00:00,208.37,208.55,207.02,207.2,34221.75
2025-01-03 01:00:00,207.2,207.38,205.66,206.86,16167.983
2025-01-03 02:00:00,206.86,208.11,206.35,206.85,23546.822
2025-01-03 03:00:00,206.85,208.35,206.17,208.05,22927.743
2025-01-03 04:00:00,208.05,208.12,207.07,207.72,21025.691
2025-01-03 05:00:00,207.72,209.58,207.12,208.88,32958.576
2025-01-03 06:00:00,208.88,209.95,207.65,207.78,61313.469
2025-01-03 07:00:00,207.78,208.73,207.09,207.98,32807.797
2025-01-03 08:00:00,207.98,209.92,207.63,209.34,44968.269
2025-01-03 09:00:00,209.34,212.86,209.0,211.25,102894.805
2025-01-03 10:00:00,211.25,211.81,210.38,211.16,36377.634
2025-01-03 11:00:00,211.16,215.07,211.0,214.45,84693.316
2025-01-03 12:00:00,214.45,214.89,213.18,213.34,57589.92
2025-01-03 13:00:00,213.34,214.29,212.05,212.85,64454.773
2025-01-03 14:00:00,212.85,218.62,212.85,218.26,111720.082
2025-01-03 15:00:00,218.26,218.43,216.59,217.31,65006.876
2025-01-03 16:00:00,217.31,219.79,216.37,217.7,116433.427
2025-01-03 17:00:00,217.7,218.18,216.61,217.37,52053.447
2025-01-03 18:00:00,217.37,218.56,217.13,218.07,42105.591
2025-01-03 19:00:00,218.07,218.52,216.28,217.09,44624.48
2025-01-03 20:00:00,217.09,217.09,215.75,216.05,33050.507
2025-01-03 21:00:00,216.05,217.01,215.9,216.37,20377.745
2025-01-03 22:00:00,216.37,217.31,216.09,217.08,20960.463
2025-01-03 23:00:00,217.08,218.03,216.89,218.01,19333.076
2025-01-04 00:00:00,218.01,218.05,216.64,217.02,30595.61
2025-01-04 01:00:00,217.02,217.94,216.02,217.37,26820.459
2025-01-04 02:00:00,217.37,218.11,216.21,217.46,33206.539
2025-01-04 03:00:00,217.46,217.71,215.72,216.93,59304.474
2025-01-04 04:00:00,216.93,216.95,215.63,216.88,27757.899
2025-01-04 05:00:00,216.88,217.38,216.41,217.25,18378.183
2025-01-04 06:00:00,217.25,217.96,216.92,217.63,25521.881
2025-01-04 07:00:00,217.63,217.84,216.34,216.74,20842.768
2025-01-04 08:00:00,216.74,216.74,215.32,215.7,38540.642
2025-01-04 09:00:00,215.7,216.48,215.35,215.79,61511.35
2025-01-04 10:00:00,215.79,215.9,214.36,215.67,25741.325
2025-01-04 11:00:00,215.67,216.67,215.33,216.43,35308.132
2025-01-04 12:00:00,216.43,217.22,216.07,217.02,51768.947
2025-01-04 13:00:00,217.02,217.62,216.6,217.04,30831.449
2025-01-04 14:00:00,217.04,217.17,215.74,215.93,29909.248
2025-01-04 15:00:00,215.93,216.58,213.52,214.34,52362.529
2025-01-04 16:00:00,214.34,215.03,213.61,214.36,53013.094
2025-01-04 17:00:00,214.36,215.75,214.13,215.73,17576.253
2025-01-04 18:00:00,215.73,215.98,215.19,215.52,14776.385
2025-01-04 19:00:00,215.52,215.83,215.12,215.58,10657.503
2025-01-04 20:00:00,215.58,216.78,215.41,216.43,19187.595
2025-01-04 21:00:00,216.43,216.63,215.77,216.06,17674.642
2025-01-04 22:00:00,216.06,217.23,215.7,217.15,22766.055
2025-01-04 23:00:00,217.15,217.28,216.47,216.64,15748.495
2025-01-05 00:00:00,216.64,217.88,216.29,217.05,23956.529
2025-01-05 01:00:00,217.05,217.18,215.24,215.71,22479.371
2025-01-05 02:00:00,215.71,217.42,215.45,217.07,34182.647
2025-01-05 03:00:00,217.07,218.92,216.67,217.94,36554.763
2025-01-05 04:00:00,217.94,219.0,217.87,217.97,32726.468
2025-01-05 05:00:00,217.97,217.98,216.18,216.44,24881.381
2025-01-05 06:00:00,216.44,217.04,215.96,216.6,14664.318
2025-01-05 07:00:00,216.6,216.83,216.1,216.5,20180.891
2025-01-05 08:00:00,216.5,216.61,214.77,215.17,33433.891
2025-01-05 09:00:00,215.17,215.26,212.86,213.19,35277.279
2025-01-05 10:00:00,213.19,214.15,212.95,214.1,20853.036
2025-01-05 11:00:00,214.1,214.69,213.7,213.95,12325.086
2025-01-05 12:00:00,213.95,214.23,213.34,213.63,19086.846
2025-01-05 13:00:00,213.63,214.62,212.38,212.62,23744.066
2025-01-05 14:00:00,212.62,213.53,211.62,213.29,43992.994
2025-01-05 15:00:00,213.29,213.98,212.39,213.59,34239.594
2025-01-05 16:00:00,213.59,214.41,212.2,212.48,36255.835
2025-01-05 17:00:00,212.48,213.32,212.0,212.66,13188.912
2025-01-05 18:00:00,212.66,212.76,211.47,212.5,22735.714
2025-01-05 19:00:00,212.5,213.23,212.19,212.76,11562.646
2025-01-05 20:00:00,212.76,214.0,212.54,213.04,15951.877
2025-01-05 21:00:00,213.04,214.01,212.87,213.88,10365.613
2025-01-05 22:00:00,213.88,214.56,213.43,214.23,14603.633
2025-01-05 23:00:00,214.23,214.57,213.26,213.43,14245.361
2025-01-06 00:00:00,213.43,214.25,212.01,212.17,23280.971
2025-01-06 01:00:00,212.17,215.2,211.55,214.67,24569.647
2025-01-06 02:00:00,214.67,217.05,214.47,215.61,53841.355
2025-01-06 03:00:00,215.61,216.72,215.3,215.63,13436.53
2025-01-06 04:00:00,215.63,216.84,215.37,215.8,30952.868
2025-01-06 05:00:00,215.8,216.93,215.16,215.57,35101.944
2025-01-06 06:00:00,215.57,216.04,214.0,214.91,27444.811
2025-01-06 07:00:00,214.91,215.49,213.92,215.22,23318.85
2025-01-06 08:00:00,215.22,216.25,213.44,214.07,28743.295
2025-01-06 09:00:00,214.07,214.44,213.25,214.41,17862.057
2025-01-06 10:00:00,214.41,215.25,213.84,215.02,18853.604
2025-01-06 11:00:00,215.02,216.29,214.79,216.29,20059.342
2025-01-06 12:00:00,216.29,217.85,215.77,216.84,49838.537
2025-01-06 13:00:00,216.84,218.85,215.8,218.73,71323.189
2025-01-06 14:00:00,218.73,222.17,216.74,221.05,94201.787
2025-01-06 15:00:00,221.05,222.1,219.86,221.66,120913.638
2025-01-06 16:00:00,221.66,223.22,220.14,220.89,85862.997
2025-01-06 17:00:00,220.89,220.89,217.39,218.76,52921.892
2025-01-06 18:00:00,218.76,219.59,217.89,218.87,35719.382
2025-01-06 19:00:00,218.87,220.52,218.6,220.05,26914.563
2025-01-06 20:00:00,220.05,220.44,218.2,218.57,26676.778
2025-01-06 21:00:00,218.57,218.78,217.56,217.9,27876.006
2025-01-06 22:00:00,217.9,218.82,217.67,218.55,29377.331
2025-01-06 23:00:00,218.55,218.68,217.85,218.24,13776.244
2025-01-07 00:00:00,218.24,219.15,217.65,217.78,20573.013
2025-01-07 01:00:00,217.78,218.71,216.81,218.15,21542.991
2025-01-07 02:00:00,218.15,218.29,216.59,216.59,24214.553
2025-01-07 03:00:00,216.59,217.69,216.25,217.38,35751.943
2025-01-07 04:00:00,217.38,217.52,216.19,216.19,29323.946
2025-01-07 05:00:00,216.19,216.54,215.72,216.5,25412.297
2025-01-07 06:00:00,216.5,216.81,215.98,216.36,16714.852
2025-01-07 07:00:00,216.36,216.74,215.51,216.08,19684.868
2025-01-07 08:00:00,216.08,216.86,215.38,216.66,46588.958
2025-01-07 09:00:00,216.66,216.76,214.81,215.11,47292.443
2025-01-07 10:00:00,215.11,215.24,214.38,214.9,25721.86
2025-01-07 11:00:00,214.9,215.49,212.9,214.07,41933.282
2025-01-07 12:00:00,214.07,214.25,212.72,213.5,62705.684
2025-01-07 13:00:00,213.5,214.34,213.38,213.85,24275.62
2025-01-07 14:00:00,213.85,214.39,210.54,211.59,79270.321
2025-01-07 15:00:00,211.59,212.04,205.39,207.75,503115.006
2025-01-07 16:00:00,207.75,209.14,206.82,207.58,73023.386
2025-01-07 17:00:00,207.58,208.01,205.42,206.45,94163.751
2025-01-07 18:00:00,206.45,207.14,204.13,205.05,110046.314
2025-01-07 19:00:00,205.05,205.65,203.48,204.55,106950.457
2025-01-07 20:00:00,204.55,204.63,202.66,204.34,96344.208
2025-01-07 21:00:00,204.34,205.0,202.09,202.09,63544.13
2025-01-07 22:00:00,202.09,203.95,201.76,203.7,49949.842
2025-01-07 23:00:00,203.7,203.73,201.95,202.16,54452.669
2025-01-08 00:00:00,202.16,203.3,201.91,202.63,80899.385
2025-01-08 01:00:00,202.63,202.67,199.63,201.3,118763.5
2025-01-08 02:00:00,201.3,201.69,200.09,200.11,92995.812
2025-01-08 03:00:00,200.11,200.22,196.66,198.66,172673.499
2025-01-08 04:00:00,198.66,199.59,196.62,196.96,104282.146
2025-01-08 05:00:00,196.96,197.88,195.74,196.08,88653.763
2025-01-08 06:00:00,196.08,196.78,193.39,193.45,86699.709
2025-01-08 07:00:00,193.45,195.98,193.15,195.7,62070.323
2025-01-08 08:00:00,195.7,197.88,195.58,197.31,45737.41
2025-01-08 09:00:00,197.31,197.89,195.94,195.96,39231.844
2025-01-08 10:00:00,195.96,198.0,195.95,197.21,46788.073
2025-01-08 11:00:00,197.21,197.61,194.44,195.5,68002.859
2025-01-08 12:00:00,195.5,196.28,194.85,195.02,44082.844
2025-01-08 13:00:00,195.02,197.93,195.02,197.13,43402.099
2025-01-08 14:00:00,197.13,199.28,196.8,197.72,84537.877
2025-01-08 15:00:00,197.72,199.57,196.3,197.78,69510.029
2025-01-08 16:00:00,197.78,197.97,194.51,194.68,57769.926
2025-01-08 17:00:00,194.68,195.03,188.29,193.2,205346.926
2025-01-08 18:00:00,193.2,196.85,192.79,193.93,81637.601
2025-01-08 19:00:00,193.93,196.02,193.31,194.29,52389.053
2025-01-08 20:00:00,194.29,196.27,193.64,195.77,45261.435
2025-01-08 21:00:00,195.77,196.14,193.88,195.05,50990.554
2025-01-08 22:00:00,195.05,198.02,195.01,197.86,64559.918
2025-01-08 23:00:00,197.86,198.31,196.96,197.47,26273.834
2025-01-09 00:00:00,197.47,197.95,196.42,197.9,37017.68
2025-01-09 01:00:00,197.9,199.06,197.3,197.78,31669.286
2025-01-09 02:00:00,197.78,198.01,195.23,197.12,81621.579
2025-01-09 03:00:00,197.12,197.27,194.12,194.3,45210.758
2025-01-09 04:00:00,194.3,195.5,193.61,195.36,29809.247
2025-01-09 05:00:00,195.36,195.54,194.2,194.28,29518.457
2025-01-09 06:00:00,194.28,194.95,193.15,193.36,39806.693
2025-01-09 07:00:00,193.36,193.95,189.73,190.09,95270.499
2025-01-09 08:00:00,190.09,192.4,189.08,191.17,54068.18
2025-01-09 09:00:00,191.17,192.42,190.97,191.62,25588.44
2025-01-09 10:00:00,191.62,192.13,189.74,191.42,20015.705
2025-01-09 11:00:00,191.42,192.86,190.61,191.2,25892.98
2025-01-09 12:00:00,191.2,192.12,189.37,190.36,31516.052
2025-01-09 13:00:00,190.36,190.64,185.45,185.49,90576.707
2025-01-09 14:00:00,185.49,188.88,185.07,188.79,76841.447
2025-01-09 15:00:00,188.79,193.06,187.9,192.22,72606.554
2025-01-09 16:00:00,192.22,192.84,190.64,191.87,44864.329
2025-01-09 17:00:00,191.87,192.19,186.12,187.28,59861.551
2025-01-09 18:00:00,187.28,189.43,186.97,188.43,63715.611
2025-01-09 19:00:00,188.43,188.95,185.72,185.88,60853.085
2025-01-09 20:00:00,185.88,186.45,181.95,185.14,163224.704
2025-01-09 21:00:00,185.14,187.01,184.62,184.76,41335.341
2025-01-09 22:00:00,184.76,187.62,183.25,185.96,47308.354
2025-01-09 23:00:00,185.96,186.17,184.26,184.97,56450.849
2025-01-10 00:00:00,184.97,187.02,184.96,186.42,37175.842
2025-01-10 01:00:00,186.42,188.11,185.77,187.58,38022.852
2025-01-10 02:00:00,187.58,189.42,187.4,188.3,25583.751
2025-01-10 03:00:00,188.3,189.49,188.0,189.16,26524.676
2025-01-10 04:00:00,189.16,190.01,188.59,189.08,18465.895
2025-01-10 05:00:00,189.08,191.44,188.38,189.89,43903.2
2025-01-10 06:00:00,189.89,191.21,189.36,191.1,23762.393
2025-01-10 07:00:00,191.1,193.03,190.63,191.77,45798.057
2025-01-10 08:00:00,191.77,192.5,191.38,192.06,33566.526
2025-01-10 09:00:00,192.06,192.82,191.3,192.02,29481.343
2025-01-10 10:00:00,192.02,192.73,191.48,192.67,19596.674
2025-01-10 11:00:00,192.67,192.9,191.15,192.0,23755.852
2025-01-10 12:00:00,192.0,192.21,190.55,191.87,21527.773
2025-01-10 13:00:00,191.87,192.05,184.96,186.52,175820.575
2025-01-10 14:00:00,186.52,189.4,185.89,187.6,74078.946
2025-01-10 15:00:00,187.6,188.94,183.47,187.28,119906.625
2025-01-10 16:00:00,187.28,187.56,184.28,184.73,56228.035
2025-01-10 17:00:00,184.73,192.12,183.86,191.62,89944.746
2025-01-10 18:00:00,191.62,192.0,189.3,190.03,69444.614
2025-01-10 19:00:00,190.03,190.99,189.14,190.22,39899.328
2025-01-10 20:00:00,190.22,190.54,186.88,187.44,42610.794
2025-01-10 21:00:00,187.44,188.84,187.1,187.76,22043.476
2025-01-10 22:00:00,187.76,188.71,186.68,188.12,31209.379
2025-01-10 23:00:00,188.12,188.52,187.31,187.71,18830.247
2025-01-11 00:00:00,187.71,188.26,187.17,188.26,23550.544
2025-01-11 01:00:00,188.26,188.83,185.8,186.39,32038.864
2025-01-11 02:00:00,186.39,187.18,186.11,186.7,12892.744
2025-01-11 03:00:00,186.7,186.75,185.58,186.42,18830.639
2025-01-11 04:00:00,186.42,186.75,185.18,185.79,21162.359
2025-01-11 05:00:00,185.79,186.27,185.15,186.23,18617.217
2025-01-11 06:00:00,186.23,187.19,186.12,186.12,16206.802
2025-01-11 07:00:00,186.12,186.88,185.31,186.23,26036.537
2025-01-11 08:00:00,186.23,186.9,185.14,185.58,25377.602
2025-01-11 09:00:00,185.58,186.49,184.31,185.12,34447.629
2025-01-11 10:00:00,185.12,185.78,184.1,185.18,36059.748
2025-01-11 11:00:00,185.18,186.81,185.08,186.67,25134.447
2025-01-11 12:00:00,186.67,187.56,186.42,186.94,20753.716
2025-01-11 13:00:00,186.94,187.53,186.2,186.58,19556.909
2025-01-11 14:00:00,186.58,187.97,185.9,187.91,22932.343
2025-01-11 15:00:00,187.91,188.29,186.69,186.96,21975.774
2025-01-11 16:00:00,186.96,187.48,186.03,187.23,22663.768
2025-01-11 17:00:00,187.23,187.29,185.67,186.64,19689.044
2025-01-11 18:00:00,186.64,187.88,186.4,187.64,16061.084
2025-01-11 19:00:00,187.64,188.03,187.12,187.76,12866.285
2025-01-11 20:00:00,187.76,190.82,187.49,190.45,37301.111
2025-01-11 21:00:00,190.45,191.97,190.23,191.03,36480.334
2025-01-11 22:00:00,191.03,191.09,188.07,188.31,29969.307
2025-01-11 23:00:00,188.31,188.79,187.88,188.09,21816.73
2025-01-12 00:00:00,188.09,188.3,187.27,187.39,22358.76
2025-01-12 01:00:00,187.39,187.63,186.53,187.59,22421.417
2025-01-12 02:00:00,187.59,188.42,187.08,188.42,11934.831
2025-01-12 03:00:00,188.42,188.62,186.91,187.32,13044.833
2025-01-12 04:00:00,187.32,187.42,186.67,186.81,9303.314
2025-01-12 05:00:00,186.81,187.24,186.44,186.68,10343.967
2025-01-12 06:00:00,186.68,186.81,185.91,185.96,13009.913
2025-01-12 07:00:00,185.96,186.73,185.59,186.61,10943.667
2025-01-12 08:00:00,186.61,186.94,185.71,185.98,13638.801
2025-01-12 09:00:00,185.98,186.44,185.17,185.81,19965.447
2025-01-12 10:00:00,185.81,186.44,185.36,186.13,12171.227
2025-01-12 11:00:00,186.13,187.02,186.0,186.68,12174.876
2025-01-12 12:00:00,186.68,187.59,186.19,187.03,17908.357
2025-01-12 13:00:00,187.03,188.72,186.7,188.05,24202.476
2025-01-12 14:00:00,188.05,188.94,187.83,188.43,23728.643
2025-01-12 15:00:00,188.43,191.04,188.22,190.49,38812.518
2025-01-12 16:00:00,190.49,190.78,189.19,190.02,27507.184
2025-01-12 17:00:00,190.02,190.58,189.31,189.91,21250.071
2025-01-12 18:00:00,189.91,190.48,189.16,189.59,19837.829
2025-01-12 19:00:00,189.59,190.0,188.65,188.93,12566.182
2025-01-12 20:00:00,188.93,190.02,188.81,189.35,12758.559
2025-01-12 21:00:00,189.35,189.56,187.94,188.42,16503.678
2025-01-12 22:00:00,188.42,188.65,186.59,187.03,29241.18
2025-01-12 23:00:00,187.03,188.77,186.72,188.52,31508.604
2025-01-13 00:00:00,188.52,191.98,188.29,190.66,60853.299
2025-01-13 01:00:00,190.66,190.77,186.91,187.41,43028.619
2025-01-13 02:00:00,187.41,187.66,184.35,185.77,50160.773
2025-01-13 03:00:00,185.77,186.56,184.22,185.04,28706.797
2025-01-13 04:00:00,185.04,186.97,184.65,185.35,29866.854
2025-01-13 05:00:00,185.35,185.53,183.32,183.92,39907.86
2025-01-13 06:00:00,183.92,184.5,181.74,182.11,69651.802
2025-01-13 07:00:00,182.11,183.52,181.51,182.45,43623.242
2025-01-13 08:00:00,182.45,182.54,180.21,180.56,72751.822
2025-01-13 09:00:00,180.56,180.87,178.73,180.01,68640.102
2025-01-13 10:00:00,180.01,180.3,178.05,178.41,60535.046
2025-01-13 11:00:00,178.41,178.46,175.25,175.42,102643.117
2025-01-13 12:00:00,175.42,177.62,174.87,175.28,120925.91
2025-01-13 13:00:00,175.28,178.3,174.33,175.89,95667.906
2025-01-13 14:00:00,175.89,176.78,168.47,175.48,341508.065
2025-01-13 15:00:00,175.48,180.34,175.0,178.79,115281.445
2025-01-13 16:00:00,178.79,179.84,176.15,176.3,62620.712
2025-01-13 17:00:00,176.3,178.46,175.54,176.41,40320.67
2025-01-13 18:00:00,176.41,178.03,174.47,176.04,45659.341
2025-01-13 19:00:00,176.04,178.69,175.13,177.64,42801.27
2025-01-13 20:00:00,177.64,182.44,176.62,181.57,47685.783
2025-01-13 21:00:00,181.57,182.16,180.34,181.9,62072.214
2025-01-13 22:00:00,181.9,183.46,181.59,183.1,59605.245
2025-01-13 23:00:00,183.1,183.83,182.65,182.86,17634.66
2025-01-14 00:00:00,182.86,183.01,181.88,182.36,32874.706
2025-01-14 01:00:00,182.36,184.18,182.33,182.62,28247.817
2025-01-14 02:00:00,182.62,184.13,182.08,183.39,36376.216
2025-01-14 03:00:00,183.39,184.63,183.35,184.19,15753.319
2025-01-14 04:00:00,184.19,185.96,184.19,185.88,23447.402
2025-01-14 05:00:00,185.88,186.69,184.78,185.25,32191.994
2025-01-14 06:00:00,185.25,186.96,185.23,186.35,22470.064
2025-01-14 07:00:00,186.35,186.44,185.38,185.63,22152.748
2025-01-14 08:00:00,185.63,187.54,185.62,186.92,46898.162
2025-01-14 09:00:00,186.92,190.12,186.51,189.51,61990.385
2025-01-14 10:00:00,189.51,189.51,187.53,187.78,31722.118
2025-01-14 11:00:00,187.78,188.19,186.73,187.09,28826.164
2025-01-14 12:00:00,187.09,187.3,185.77,186.1,44422.481
2025-01-14 13:00:00,186.1,188.88,185.62,188.08,55576.236
2025-01-14 14:00:00,188.08,190.16,187.0,187.24,48590.643
2025-01-14 15:00:00,187.24,188.68,186.84,186.86,27657.036
2025-01-14 16:00:00,186.86,187.36,185.76,186.5,42794.635
2025-01-14 17:00:00,186.5,187.92,185.97,186.63,31959.824
2025-01-14 18:00:00,186.63,187.26,186.01,186.66,30681.526
2025-01-14 19:00:00,186.66,187.62,186.16,187.11,17563.578
2025-01-14 20:00:00,187.11,187.31,185.85,187.2,22712.368
2025-01-14 21:00:00,187.2,187.93,186.7,187.24,12377.59
2025-01-14 22:00:00,187.24,188.84,187.07,188.68,17748.134
2025-01-14 23:00:00,188.68,188.82,187.37,187.57,8750.343
2025-01-15 00:00:00,187.57,188.27,187.03,187.45,13012.506
2025-01-15 01:00:00,187.45,188.91,187.11,188.15,19499.11
2025-01-15 02:00:00,188.15,188.59,186.95,187.3,15676.65
2025-01-15 03:00:00,187.3,189.73,187.26,189.72,15757.962
2025-01-15 04:00:00,189.72,190.07,188.7,189.74,18990.912
2025-01-15 05:00:00,189.74,189.81,188.28,189.61,8394.574
2025-01-15 06:00:00,189.61,189.73,188.46,189.35,10702.594
2025-01-15 07:00:00,189.35,190.76,189.31,190.0,19985.349
2025-01-15 08:00:00,190.0,190.7,189.2,189.2,19794.339
2025-01-15 09:00:00,189.2,189.52,186.43,186.66,32707.219
2025-01-15 10:00:00,186.66,187.94,186.53,187.58,11308.396
2025-01-15 11:00:00,187.58,187.68,185.88,186.99,23869.5
2025-01-15 12:00:00,186.99,187.27,185.99,186.37,21566.276
2025-01-15 13:00:00,186.37,195.76,186.32,195.72,157435.38
2025-01-15 14:00:00,195.72,197.12,193.03,195.7,109184.183
2025-01-15 15:00:00,195.7,198.06,195.65,196.54,80560.027
2025-01-15 16:00:00,196.54,198.78,196.43,198.09,61263.461
2025-01-15 17:00:00,198.09,199.3,197.59,197.73,55717.959
2025-01-15 18:00:00,197.73,201.86,197.73,201.29,51156.684
2025-01-15 19:00:00,201.29,202.38,200.23,201.91,37128.513
2025-01-15 20:00:00,201.91,204.76,201.91,202.74,70835.959
2025-01-15 21:00:00,202.74,203.87,202.44,202.85,28326.167
2025-01-15 22:00:00,202.85,204.95,202.5,204.48,36458.195
2025-01-15 23:00:00,204.48,206.06,203.87,205.89,47666.924
2025-01-16 00:00:00,205.89,206.32,203.04,204.58,64812.924
2025-01-16 01:00:00,204.58,205.35,203.19,204.1,25489.081
2025-01-16 02:00:00,204.1,204.1,202.44,202.94,21637.338
2025-01-16 03:00:00,202.94,203.25,201.38,201.99,22991.291
2025-01-16 04:00:00,201.99,202.44,201.51,201.87,17785.977
2025-01-16 05:00:00,201.87,203.2,201.61,203.04,32557.484
2025-01-16 06:00:00,203.04,203.46,202.48,203.02,23394.345
2025-01-16 07:00:00,203.02,203.51,202.59,203.14,17143.431
2025-01-16 08:00:00,203.14,203.41,199.09,199.75,51251.167
2025-01-16 09:00:00,199.75,201.52,198.49,201.29,42149.454
2025-01-16 10:00:00,201.29,201.54,200.31,200.42,15041.051
2025-01-16 11:00:00,200.42,212.76,199.77,212.73,213614.563
2025-01-16 12:00:00,212.73,217.18,212.63,215.2,253548.656
2025-01-16 13:00:00,215.2,215.54,208.51,209.87,137140.803
2025-01-16 14:00:00,209.87,210.9,205.52,207.72,117797.753
2025-01-16 15:00:00,207.72,209.9,206.38,209.05,94549.861
2025-01-16 16:00:00,209.05,214.76,208.83,213.16,99092.021
2025-01-16 17:00:00,213.16,215.55,212.39,214.48,84624.048
2025-01-16 18:00:00,214.48,215.2,211.43,212.73,61549.041
2025-01-16 19:00:00,212.73,214.39,212.19,214.2,32357.209
2025-01-16 20:00:00,214.2,214.56,212.45,213.24,30393.977
2025-01-16 21:00:00,213.24,213.32,211.38,211.6,30977.82
2025-01-16 22:00:00,211.6,211.65,208.54,209.84,47952.251
2025-01-16 23:00:00,209.84,211.51,209.69,211.12,29741.0
2025-01-17 00:00:00,211.12,212.12,209.84,210.9,33713.799
2025-01-17 01:00:00,210.9,215.33,210.83,214.53,83066.677
2025-01-17 02:00:00,214.53,214.98,211.7,212.98,60372.695
2025-01-17 03:00:00,212.98,213.06,210.96,211.1,34502.443
2025-01-17 04:00:00,211.1,212.92,210.95,212.9,30279.623
2025-01-17 05:00:00,212.9,213.24,211.88,212.55,36579.547
2025-01-17 06:00:00,212.55,213.66,212.13,212.64,39424.974
2025-01-17 07:00:00,212.64,213.83,212.32,213.3,21456.078
2025-01-17 08:00:00,213.3,216.39,213.25,216.28,75901.736
2025-01-17 09:00:00,216.28,216.91,214.93,215.35,68317.908
2025-01-17 10:00:00,215.35,217.85,214.64,217.29,88092.127
2025-01-17 11:00:00,217.29,219.68,216.54,218.76,64533.682
2025-01-17 12:00:00,218.76,220.46,218.34,220.34,54582.79
2025-01-17 13:00:00,220.34,222.15,219.69,219.98,83325.827
2025-01-17 14:00:00,219.98,221.6,218.26,219.32,79234.145
2025-01-17 15:00:00,219.32,220.7,216.42,218.61,105890.922
2025-01-17 16:00:00,218.61,221.98,217.88,220.76,77641.686
2025-01-17 17:00:00,220.76,221.49,216.14,216.55,76710.561
2025-01-17 18:00:00,216.55,217.36,215.68,216.51,34461.246
2025-01-17 19:00:00,216.51,217.9,216.16,217.19,40236.731
2025-01-17 20:00:00,217.19,221.23,216.43,220.35,105089.54
2025-01-17 21:00:00,220.35,220.48,216.78,218.49,50628.382
2025-01-17 22:00:00,218.49,220.54,218.39,219.23,43180.758
2025-01-17 23:00:00,219.23,220.88,218.77,219.53,20533.098
2025-01-18 00:00:00,219.53,221.24,219.22,219.96,40948.372
2025-01-18 01:00:00,219.96,220.03,217.88,218.88,29489.81
2025-01-18 02:00:00,218.88,222.12,217.27,222.06,80686.332
2025-01-18 03:00:00,222.06,228.75,219.38,220.62,375755.39
2025-01-18 04:00:00,220.62,230.29,219.96,228.49,341485.749
2025-01-18 05:00:00,228.49,231.69,225.69,226.21,247255.777
2025-01-18 06:00:00,226.21,238.14,226.12,236.29,333870.764
2025-01-18 07:00:00,236.29,237.25,232.11,232.93,188468.144
2025-01-18 08:00:00,232.93,240.45,230.8,238.82,302899.139
2025-01-18 09:00:00,238.82,241.85,236.25,238.18,172373.137
2025-01-18 10:00:00,238.18,244.95,237.86,243.1,272400.86
2025-01-18 11:00:00,243.1,244.34,237.8,238.93,158927.694
2025-01-18 12:00:00,238.93,244.5,238.88,243.36,130159.755
2025-01-18 13:00:00,243.36,243.89,239.22,240.27,125725.522
2025-01-18 14:00:00,240.27,243.99,239.91,242.83,137894.424
2025-01-18 15:00:00,242.83,259.99,240.85,257.71,408227.069
2025-01-18 16:00:00,257.71,270.7,242.4,242.73,1043168.257
2025-01-18 17:00:00,242.73,254.99,242.6,252.14,379828.325
2025-01-18 18:00:00,252.14,258.04,252.05,254.54,238980.122
2025-01-18 19:00:00,254.54,259.42,253.72,255.43,163289.634
2025-01-18 20:00:00,255.43,257.61,247.25,248.45,178541.727
2025-01-18 21:00:00,248.45,254.66,247.6,252.72,103341.967
2025-01-18 22:00:00,252.72,256.77,252.03,254.45,81264.718
2025-01-18 23:00:00,254.45,264.73,254.28,262.02,174173.571
2025-01-19 00:00:00,262.02,265.03,256.37,256.63,162082.688
2025-01-19 01:00:00,256.63,257.75,253.53,255.61,115845.952
2025-01-19 02:00:00,255.61,259.1,253.57,254.41,81280.995
2025-01-19 03:00:00,254.41,258.93,252.22,255.62,110208.899
2025-01-19 04:00:00,255.62,274.94,254.21,273.63,715222.42
2025-01-19 05:00:00,273.63,274.36,265.11,266.39,330379.363
2025-01-19 06:00:00,266.39,274.96,265.94,274.67,185712.136
2025-01-19 07:00:00,274.67,277.91,271.3,271.48,337404.036
2025-01-19 08:00:00,271.48,275.52,268.51,274.51,317343.961
2025-01-19 09:00:00,274.51,279.31,266.54,274.07,688954.035
2025-01-19 10:00:00,274.07,289.6,272.77,284.45,637054.068
2025-01-19 11:00:00,284.45,295.73,284.19,286.28,573580.532
2025-01-19 12:00:00,286.28,289.77,275.3,277.4,429529.516
2025-01-19 13:00:00,277.4,287.88,276.77,282.85,285982.725
2025-01-19 14:00:00,282.85,285.74,267.47,270.57,623130.396
2025-01-19 15:00:00,270.57,272.96,263.37,270.66,306820.429
2025-01-19 16:00:00,270.66,271.42,263.99,268.94,185855.754
2025-01-19 17:00:00,268.94,271.55,264.25,271.38,155171.759
2025-01-19 18:00:00,271.38,275.42,270.34,272.21,165512.344
2025-01-19 19:00:00,272.21,273.05,268.07,269.59,103965.803
2025-01-19 20:00:00,269.59,277.8,268.94,277.63,128861.403
2025-01-19 21:00:00,277.63,278.39,252.04,255.17,1137443.62
2025-01-19 22:00:00,255.17,259.36,240.0,253.13,1134567.428
2025-01-19 23:00:00,253.13,254.95,237.82,252.71,858129.589
2025-01-20 00:00:00,252.71,252.92,235.31,236.14,783211.985
2025-01-20 01:00:00,236.14,247.63,235.81,242.1,478302.229
2025-01-20 02:00:00,242.1,247.94,230.33,232.4,443842.892
2025-01-20 03:00:00,232.4,244.01,229.7,241.59,336136.146
2025-01-20 04:00:00,241.59,246.79,239.0,243.78,152695.514
2025-01-20 05:00:00,243.78,248.7,243.49,244.9,156859.616
2025-01-20 06:00:00,244.9,259.79,242.56,257.95,349918.295
2025-01-20 07:00:00,257.95,264.62,255.7,262.12,594427.418
2025-01-20 08:00:00,262.12,270.1,259.02,269.53,234953.836
2025-01-20 09:00:00,269.53,273.31,262.32,262.9,270414.41
2025-01-20 10:00:00,262.9,266.23,258.92,259.49,145626.035
2025-01-20 11:00:00,259.49,260.88,256.84,260.73,188641.407
2025-01-20 12:00:00,260.73,261.85,250.19,253.39,356038.052
2025-01-20 13:00:00,253.39,257.84,251.18,256.22,169189.002
2025-01-20 14:00:00,256.22,259.23,254.36,257.4,140390.145
2025-01-20 15:00:00,257.4,259.21,253.33,254.05,212983.449
2025-01-20 16:00:00,254.05,256.73,247.15,256.43,254333.488
2025-01-20 17:00:00,256.43,256.76,234.71,243.89,1165045.209
2025-01-20 18:00:00,243.89,250.25,242.3,249.27,245821.998
2025-01-20 19:00:00,249.27,249.7,244.63,246.28,144964.016
2025-01-20 20:00:00,246.28,249.17,244.73,245.36,111211.151
2025-01-20 21:00:00,245.36,250.57,245.04,246.17,141452.563
2025-01-20 22:00:00,246.17,251.03,242.72,250.07,102618.808
2025-01-20 23:00:00,250.07,250.31,241.32,242.08,110880.371
2025-01-21 00:00:00,242.08,244.95,235.01,235.34,179279.692
2025-01-21 01:00:00,235.34,240.1,232.16,234.39,181016.317
2025-01-21 02:00:00,234.39,240.29,232.23,240.04,188704.258
2025-01-21 03:00:00,240.04,241.34,236.17,237.9,99916.037
2025-01-21 04:00:00,237.9,239.03,231.8,238.57,128904.777
2025-01-21 05:00:00,238.57,239.23,232.28,232.47,105726.974
2025-01-21 06:00:00,232.47,237.8,230.17,237.12,149284.903
2025-01-21 07:00:00,237.12,238.83,234.55,236.85,138306.743
2025-01-21 08:00:00,236.85,239.88,235.58,239.42,132472.88
2025-01-21 09:00:00,239.42,240.93,235.98,238.51,103523.236
2025-01-21 10:00:00,238.51,242.19,237.22,239.61,158990.497
2025-01-21 11:00:00,239.61,241.56,237.12,239.47,98976.178
2025-01-21 12:00:00,239.47,242.86,237.16,240.94,95476.953
2025-01-21 13:00:00,240.94,244.29,239.35,241.35,111360.42
2025-01-21 14:00:00,241.35,244.83,237.75,239.16,180014.808
2025-01-21 15:00:00,239.16,241.57,235.91,240.93,105091.268
2025-01-21 16:00:00,240.93,248.51,239.81,243.87,170824.15
2025-01-21 17:00:00,243.87,249.76,243.55,249.11,83048.878
2025-01-21 18:00:00,249.11,259.92,248.38,259.39,233337.697
2025-01-21 19:00:00,259.39,260.11,252.09,253.39,173805.077
2025-01-21 20:00:00,253.39,256.01,251.57,253.36,74417.528
2025-01-21 21:00:00,253.36,255.12,251.5,253.82,78642.777
2025-01-21 22:00:00,253.82,254.49,249.12,249.39,67451.045
2025-01-21 23:00:00,249.39,250.92,246.73,250.34,90340.547
2025-01-22 00:00:00,250.34,253.34,248.41,252.65,71892.12
2025-01-22 01:00:00,252.65,253.88,250.85,252.17,48283.395
2025-01-22 02:00:00,252.17,252.88,250.39,252.25,33919.378
2025-01-22 03:00:00,252.25,257.0,252.06,254.17,97263.134
2025-01-22 04:00:00,254.17,255.96,252.44,255.66,54737.033
2025-01-22 05:00:00,255.66,260.0,255.11,256.04,77061.91
2025-01-22 06:00:00,256.04,257.67,254.19,256.51,79817.76
2025-01-22 07:00:00,256.51,259.82,255.35,258.56,73518.329
2025-01-22 08:00:00,258.56,259.01,252.63,255.29,88413.516
2025-01-22 09:00:00,255.29,255.9,253.21,253.79,35059.167
2025-01-22 10:00:00,253.79,254.97,252.25,254.93,45235.101
2025-01-22 11:00:00,254.93,258.78,254.71,257.78,51816.073
2025-01-22 12:00:00,257.78,259.28,256.54,259.07,62585.679
2025-01-22 13:00:00,259.07,264.98,257.33,260.27,254245.2
2025-01-22 14:00:00,260.27,262.57,255.23,256.1,176065.534
2025-01-22 15:00:00,256.1,258.57,254.46,257.35,151566.762
2025-01-22 16:00:00,257.35,258.11,254.22,257.32,125461.148
2025-01-22 17:00:00,257.32,260.58,256.4,259.3,65509.83
2025-01-22 18:00:00,259.3,260.26,253.36,253.9,64517.385
2025-01-22 19:00:00,253.9,266.28,253.82,265.31,285971.376
2025-01-22 20:00:00,265.31,272.04,264.32,268.24,323019.412
2025-01-22 21:00:00,268.24,268.94,262.3,262.48,164419.347
2025-01-22 22:00:00,262.48,264.67,259.87,260.08,114462.034
2025-01-22 23:00:00,260.08,260.42,255.61,257.36,116436.728
2025-01-23 00:00:00,257.36,258.43,254.05,255.15,85150.79
2025-01-23 01:00:00,255.15,256.91,252.56,253.23,53520.066
2025-01-23 02:00:00,253.23,253.81,246.44,248.77,136151.413
2025-01-23 03:00:00,248.77,251.35,247.74,248.85,72877.712
2025-01-23 04:00:00,248.85,249.48,245.06,246.6,83709.548
2025-01-23 05:00:00,246.6,250.16,246.57,249.34,97002.963
2025-01-23 06:00:00,249.34,250.73,247.55,247.62,58279.783
2025-01-23 07:00:00,247.62,250.0,246.3,249.56,49520.52
2025-01-23 08:00:00,249.56,249.95,245.75,246.25,63773.782
2025-01-23 09:00:00,246.25,248.63,245.81,247.11,66722.277
2025-01-23 10:00:00,247.11,248.28,242.33,243.96,136374.4
2025-01-23 11:00:00,243.96,245.27,242.79,244.19,68086.621
2025-01-23 12:00:00,244.19,245.7,242.52,243.05,72536.912
2025-01-23 13:00:00,243.05,247.74,242.05,246.8,97852.59
2025-01-23 14:00:00,246.8,254.75,245.0,251.47,230854.171
2025-01-23 15:00:00,251.47,252.9,244.61,249.34,303463.692
2025-01-23 16:00:00,249.34,257.39,249.12,250.27,215117.602
2025-01-23 17:00:00,250.27,253.39,247.62,252.26,92400.069
2025-01-23 18:00:00,252.26,253.24,250.24,250.67,67898.339
2025-01-23 19:00:00,250.67,250.69,245.27,246.82,84266.99
2025-01-23 20:00:00,246.82,258.46,245.88,250.79,544905.236
2025-01-23 21:00:00,250.79,251.58,243.66,245.91,225878.215
2025-01-23 22:00:00,245.91,251.93,245.45,251.62,108242.878
2025-01-23 23:00:00,251.62,255.0,250.55,253.1,59776.987
2025-01-24 00:00:00,253.1,256.46,252.28,252.73,71794.869
2025-01-24 01:00:00,252.73,253.07,248.93,250.07,76259.98
2025-01-24 02:00:00,250.07,251.09,247.52,248.66,74538.077
2025-01-24 03:00:00,248.66,253.54,247.2,252.22,74427.662
2025-01-24 04:00:00,252.22,255.48,250.65,255.32,56649.453
2025-01-24 05:00:00,255.32,261.37,254.59,261.28,133172.258
2025-01-24 06:00:00,261.28,264.14,259.76,263.58,137753.279
2025-01-24 07:00:00,263.58,264.39,259.64,259.72,98782.831
2025-01-24 08:00:00,259.72,265.09,259.72,264.27,109849.827
2025-01-24 09:00:00,264.27,265.01,262.84,263.82,77410.089
2025-01-24 10:00:00,263.82,266.86,262.56,264.2,163035.354
2025-01-24 11:00:00,264.2,267.3,264.1,266.82,53994.651
2025-01-24 12:00:00,266.82,267.66,264.21,265.33,64096.083
2025-01-24 13:00:00,265.33,267.06,263.62,266.9,58567.963
2025-01-24 14:00:00,266.9,270.26,266.08,268.15,107978.367
2025-01-24 15:00:00,268.15,268.95,260.82,262.27,120782.084
2025-01-24 16:00:00,262.27,264.78,261.81,261.96,63397.026
2025-01-24 17:00:00,261.96,264.96,261.36,264.5,52792.836
2025-01-24 18:00:00,264.5,265.45,262.46,262.81,43758.648
2025-01-24 19:00:00,262.81,263.55,260.42,262.05,52180.461
2025-01-24 20:00:00,262.05,262.42,257.01,257.3,96689.459
2025-01-24 21:00:00,257.3,261.26,256.27,257.6,185940.69
2025-01-24 22:00:00,257.6,257.86,254.31,254.51,51226.644
2025-01-24 23:00:00,254.51,255.22,252.77,253.31,42441.881
2025-01-25 00:00:00,253.31,253.66,248.27,248.28,76764.807
2025-01-25 01:00:00,248.28,253.07,248.1,251.83,57460.104
2025-01-25 02:00:00,251.83,252.68,249.71,250.37,36560.62
2025-01-25 03:00:00,250.37,253.0,249.62,252.72,36431.699
2025-01-25 04:00:00,252.72,252.74,250.26,250.39,23492.047
2025-01-25 05:00:00,250.39,250.82,248.1,248.77,68392.081
2025-01-25 06:00:00,248.77,249.87,246.5,247.3,83285.455
2025-01-25 07:00:00,247.3,247.65,246.51,247.26,48536.992
2025-01-25 08:00:00,247.26,249.65,246.93,249.09,44924.937
2025-01-25 09:00:00,249.09,249.46,247.33,247.88,28803.126
2025-01-25 10:00:00,247.88,248.88,246.29,248.74,45236.523
2025-01-25 11:00:00,248.74,250.72,247.55,249.95,38107.977
2025-01-25 12:00:00,249.95,249.97,248.24,249.69,29845.076
2025-01-25 13:00:00,249.69,250.88,249.34,250.36,34057.448
2025-01-25 14:00:00,250.36,251.43,249.07,251.0,36573.797
2025-01-25 15:00:00,251.0,254.64,250.88,253.65,49635.957
2025-01-25 16:00:00,253.65,256.58,253.08,255.84,47588.542
2025-01-25 17:00:00,255.84,258.17,253.24,257.85,67124.996
2025-01-25 18:00:00,257.85,260.77,257.78,258.63,71165.014
2025-01-25 19:00:00,258.63,259.83,257.37,258.49,43500.509
2025-01-25 20:00:00,258.49,259.49,257.22,257.96,38273.839
2025-01-25 21:00:00,257.96,259.24,257.14,258.21,37077.045
2025-01-25 22:00:00,258.21,259.29,257.8,259.02,20312.634
2025-01-25 23:00:00,259.02,259.76,255.59,256.38,41354.177
2025-01-26 00:00:00,256.38,257.32,254.98,256.12,38203.211
2025-01-26 01:00:00,256.12,256.99,254.51,254.92,26513.243
2025-01-26 02:00:00,254.92,255.55,253.5,255.41,27638.616
2025-01-26 03:00:00,255.41,259.92,255.41,258.37,44706.103
2025-01-26 04:00:00,258.37,260.06,257.82,258.7,30616.738
2025-01-26 05:00:00,258.7,259.15,257.38,257.71,32696.696
2025-01-26 06:00:00,257.71,259.2,257.34,258.2,17608.191
2025-01-26 07:00:00,258.2,259.97,258.15,258.96,21779.085
2025-01-26 08:00:00,258.96,258.96,255.79,256.45,34893.202
2025-01-26 09:00:00,256.45,256.53,254.08,254.9,35009.695
2025-01-26 10:00:00,254.9,255.73,252.83,253.67,31317.477
2025-01-26 11:00:00,253.67,255.79,253.24,255.56,27457.069
2025-01-26 12:00:00,255.56,257.0,254.28,257.0,33833.633
2025-01-26 13:00:00,257.0,257.57,254.7,255.25,33424.965
2025-01-26 14:00:00,255.25,255.45,253.33,255.09,29665.327
2025-01-26 15:00:00,255.09,256.19,254.44,254.59,17735.638
2025-01-26 16:00:00,254.59,255.86,253.85,255.36,27826.844
2025-01-26 17:00:00,255.36,256.83,254.98,256.2,28886.803
2025-01-26 18:00:00,256.2,257.57,255.71,256.76,21846.269
2025-01-26 19:00:00,256.76,257.28,255.82,256.31,15485.098
2025-01-26 20:00:00,256.31,256.59,253.25,253.5,25923.795
2025-01-26 21:00:00,253.5,253.66,249.14,249.16,70347.1
2025-01-26 22:00:00,249.16,250.18,246.21,247.2,67996.604
2025-01-26 23:00:00,247.2,247.57,240.31,240.5,145816.605
2025-01-27 00:00:00,240.5,242.63,236.44,237.6,132801.204
2025-01-27 01:00:00,237.6,238.68,235.08,235.87,90385.122
2025-01-27 02:00:00,235.87,237.58,232.86,235.01,104335.872
2025-01-27 03:00:00,235.01,238.21,234.53,235.82,74575.059
2025-01-27 04:00:00,235.82,235.82,230.57,231.05,131399.577
2025-01-27 05:00:00,231.05,232.46,229.46,232.04,109648.615
2025-01-27 06:00:00,232.04,232.86,225.89,227.29,175873.265
2025-01-27 07:00:00,227.29,229.23,221.99,227.55,265053.546
2025-01-27 08:00:00,227.55,227.68,222.72,225.5,140333.655
2025-01-27 09:00:00,225.5,227.9,224.26,226.43,103831.82
2025-01-27 10:00:00,226.43,226.53,220.88,222.08,91026.003
2025-01-27 11:00:00,222.08,228.08,221.98,225.83,87311.399
2025-01-27 12:00:00,225.83,231.66,223.67,231.14,113974.752
2025-01-27 13:00:00,231.14,236.19,229.81,231.15,216898.498
2025-01-27 14:00:00,231.15,237.65,229.19,237.04,259276.639
2025-01-27 15:00:00,237.04,237.25,232.43,233.64,183975.033
2025-01-27 16:00:00,233.64,235.93,227.46,228.93,178943.085
2025-01-27 17:00:00,228.93,230.62,226.13,227.15,139374.584
2025-01-27 18:00:00,227.15,228.27,223.95,224.85,106615.339
2025-01-27 19:00:00,224.85,228.2,224.74,226.55,96075.427
2025-01-27 20:00:00,226.55,235.26,226.48,234.41,96714.399
2025-01-27 21:00:00,234.41,237.92,232.65,233.97,97074.858
2025-01-27 22:00:00,233.97,236.3,233.49,234.89,41993.602
2025-01-27 23:00:00,234.89,235.72,233.84,234.89,44798.092
2025-01-28 00:00:00,234.89,237.72,234.46,235.19,63705.539
2025-01-28 01:00:00,235.19,235.92,233.0,234.37,37914.099
2025-01-28 02:00:00,234.37,237.14,234.22,236.26,43401.107
2025-01-28 03:00:00,236.26,237.8,235.14,236.69,32659.247
2025-01-28 04:00:00,236.69,242.2,236.67,239.77,66870.363
2025-01-28 05:00:00,239.77,243.91,239.62,242.46,65314.386
2025-01-28 06:00:00,242.46,242.6,239.56,239.67,58238.168
2025-01-28 07:00:00,239.67,241.34,238.57,238.8,48262.247
2025-01-28 08:00:00,238.8,239.03,236.81,238.53,47082.624
2025-01-28 09:00:00,238.53,238.64,235.45,238.21,53346.458
2025-01-28 10:00:00,238.21,239.69,237.75,238.33,25424.305
2025-01-28 11:00:00,238.33,239.43,237.06,238.28,28553.773
2025-01-28 12:00:00,238.28,239.92,235.52,236.28,65667.444
2025-01-28 13:00:00,236.28,238.75,236.03,236.69,43345.96
2025-01-28 14:00:00,236.69,237.77,233.76,235.63,105099.487
2025-01-28 15:00:00,235.63,240.24,235.54,237.49,109174.118
2025-01-28 16:00:00,237.49,237.77,232.06,234.37,98976.392
2025-01-28 17:00:00,234.37,237.18,233.66,234.3,71198.761
2025-01-28 18:00:00,234.3,236.05,230.69,231.13,78173.438
2025-01-28 19:00:00,231.13,233.09,230.3,232.15,49357.478
2025-01-28 20:00:00,232.15,232.6,227.4,228.07,72147.041
2025-01-28 21:00:00,228.07,229.86,225.53,225.85,88720.745
2025-01-28 22:00:00,225.85,228.25,225.06,227.07,72147.104
2025-01-28 23:00:00,227.07,227.59,225.14,227.01,41810.513
2025-01-29 00:00:00,227.01,229.65,226.77,228.71,42427.454
2025-01-29 01:00:00,228.71,230.23,228.38,229.62,29741.791
2025-01-29 02:00:00,229.62,232.01,229.6,230.09,39660.451
2025-01-29 03:00:00,230.09,231.84,229.83,231.18,31703.988
2025-01-29 04:00:00,231.18,231.77,230.33,230.99,23923.668
2025-01-29 05:00:00,230.99,231.79,229.84,230.9,26678.005
2025-01-29 06:00:00,230.9,233.84,230.9,233.83,53996.724
2025-01-29 07:00:00,233.83,234.78,232.79,234.43,30540.01
2025-01-29 08:00:00,234.43,235.89,233.25,233.76,41210.912
2025-01-29 09:00:00,233.76,233.98,230.89,231.21,57128.071
2025-01-29 10:00:00,231.21,232.64,230.16,231.82,39868.583
2025-01-29 11:00:00,231.82,233.2,231.23,231.98,25710.198
2025-01-29 12:00:00,231.98,232.04,228.54,228.58,54799.396
2025-01-29 13:00:00,228.58,229.0,226.04,227.18,74350.789
2025-01-29 14:00:00,227.18,228.95,226.43,227.78,53483.41
2025-01-29 15:00:00,227.78,229.77,227.23,228.41,48319.659
2025-01-29 16:00:00,228.41,228.84,226.36,226.89,40668.98
2025-01-29 17:00:00,226.89,230.85,226.76,228.94,43411.391
2025-01-29 18:00:00,228.94,231.49,227.4,230.98,52867.567
2025-01-29 19:00:00,230.98,236.21,222.61,231.65,414243.286
2025-01-29 20:00:00,231.65,238.46,228.72,234.57,217833.172
2025-01-29 21:00:00,234.57,238.1,232.15,234.66,109044.68
2025-01-29 22:00:00,234.66,235.5,231.67,231.68,44640.535
2025-01-29 23:00:00,231.68,232.36,227.59,228.17,56241.077
2025-01-30 00:00:00,228.17,231.52,226.85,231.34,60047.505
2025-01-30 01:00:00,231.34,235.6,230.83,234.48,77549.411
2025-01-30 02:00:00,234.48,237.64,233.5,237.61,61169.222
2025-01-30 03:00:00,237.61,241.04,236.98,240.26,73030.051
2025-01-30 04:00:00,240.26,241.72,239.32,240.87,68377.666
2025-01-30 05:00:00,240.87,242.13,239.02,240.35,67638.964
2025-01-30 06:00:00,240.35,240.83,238.55,238.88,46578.224
2025-01-30 07:00:00,238.88,239.73,237.16,238.94,70359.69
2025-01-30 08:00:00,238.94,240.31,238.06,239.71,49767.744
2025-01-30 09:00:00,239.71,241.41,239.67,240.52,48683.412
2025-01-30 10:00:00,240.52,241.6,239.26,241.49,31455.762
2025-01-30 11:00:00,241.49,241.91,240.46,241.77,36879.295
2025-01-30 12:00:00,241.77,242.0,239.45,239.93,31539.81
2025-01-30 13:00:00,239.93,241.98,239.1,240.94,48025.98
2025-01-30 14:00:00,240.94,242.72,239.22,242.15,71456.401
2025-01-30 15:00:00,242.15,244.69,240.66,241.12,123653.361
2025-01-30 16:00:00,241.12,243.43,240.69,243.24,38806.567
2025-01-30 17:00:00,243.24,243.24,240.03,241.06,54344.972
2025-01-30 18:00:00,241.06,241.7,239.3,241.08,32537.473
2025-01-30 19:00:00,241.08,241.39,238.75,241.11,52614.277
2025-01-30 20:00:00,241.11,241.23,238.45,238.66,50975.087
2025-01-30 21:00:00,238.66,240.65,238.63,240.51,27300.347
2025-01-30 22:00:00,240.51,242.22,239.52,239.99,51127.542
2025-01-30 23:00:00,239.99,240.8,238.27,238.28,25301.344
2025-01-31 00:00:00,238.28,239.17,236.51,238.86,42888.833
2025-01-31 01:00:00,238.86,239.05,236.88,237.76,20012.786
2025-01-31 02:00:00,237.76,238.44,236.5,237.6,51419.276
2025-01-31 03:00:00,237.6,237.61,235.13,235.96,56145.015
2025-01-31 04:00:00,235.96,236.7,234.87,235.93,35588.643
2025-01-31 05:00:00,235.93,237.84,235.78,237.56,39419.858
2025-01-31 06:00:00,237.56,238.27,237.14,237.8,20917.309
2025-01-31 07:00:00,237.8,238.43,235.42,235.73,27572.591
2025-01-31 08:00:00,235.73,236.2,234.97,235.12,32163.13
2025-01-31 09:00:00,235.12,235.81,234.24,235.74,34233.556
2025-01-31 10:00:00,235.74,236.56,235.02,236.04,24474.392
2025-01-31 11:00:00,236.04,239.13,236.02,238.81,40475.552
2025-01-31 12:00:00,238.81,240.92,237.77,240.73,63783.087
2025-01-31 13:00:00,240.73,241.83,239.32,240.34,42841.229
2025-01-31 14:00:00,240.34,240.4,236.03,236.47,71337.398
2025-01-31 15:00:00,236.47,241.15,236.47,240.1,77077.793
2025-01-31 16:00:00,240.1,240.26,237.5,238.76,60607.607
2025-01-31 17:00:00,238.76,238.85,235.31,235.35,36243.16
2025-01-31 18:00:00,235.35,235.64,230.24,230.33,134224.973
2025-01-31 19:00:00,230.33,232.7,230.04,230.4,164963.126
2025-01-31 20:00:00,230.4,230.57,228.4,229.91,175139.609
2025-01-31 21:00:00,229.91,230.4,228.08,230.2,81827.929
2025-01-31 22:00:00,230.2,231.85,229.56,231.2,30723.838
2025-01-31 23:00:00,231.2,231.79,230.03,231.76,20507.685
2025-02-01 00:00:00,231.76,233.11,230.87,232.51,35816.946
2025-02-01 01:00:00,232.51,234.16,232.38,232.38,32745.259
2025-02-01 02:00:00,232.38,233.5,231.54,232.83,52574.576
2025-02-01 03:00:00,232.83,233.17,230.61,231.44,26932.042
2025-02-01 04:00:00,231.44,232.47,231.05,231.78,17384.772
2025-02-01 05:00:00,231.78,233.09,231.61,232.21,20312.514
2025-02-01 06:00:00,232.21,232.22,230.37,231.41,16490.697
2025-02-01 07:00:00,231.41,231.65,230.0,230.66,18979.884
2025-02-01 08:00:00,230.66,231.0,228.63,229.64,40191.096
2025-02-01 09:00:00,229.64,229.64,226.88,227.0,41489.832
2025-02-01 10:00:00,227.0,228.59,226.39,226.51,26883.531
2025-02-01 11:00:00,226.51,228.16,226.28,228.08,19199.12
2025-02-01 12:00:00,228.08,229.41,227.61,229.15,22924.114
2025-02-01 13:00:00,229.15,229.46,226.91,227.07,25580.456
2025-02-01 14:00:00,227.07,228.18,225.17,225.36,47329.525
2025-02-01 15:00:00,225.36,226.82,224.85,226.36,37402.441
2025-02-01 16:00:00,226.36,226.99,224.72,224.87,25120.094
2025-02-01 17:00:00,224.87,227.63,224.85,227.27,20184.015
2025-02-01 18:00:00,227.27,227.37,224.4,224.44,26343.607
2025-02-01 19:00:00,224.44,224.61,220.9,221.74,66559.217
2025-02-01 20:00:00,221.74,221.75,216.8,218.45,110272.974
2025-02-01 21:00:00,218.45,219.59,215.78,216.1,59716.163
2025-02-01 22:00:00,216.1,217.53,214.05,215.86,63102.654
2025-02-01 23:00:00,215.86,215.99,212.72,213.02,87480.771
2025-02-02 00:00:00,213.02,218.04,212.44,217.14,75301.953
2025-02-02 01:00:00,217.14,218.79,216.9,217.51,34999.543
2025-02-02 02:00:00,217.51,217.64,213.93,214.15,49842.563
2025-02-02 03:00:00,214.15,215.0,206.88,207.1,194553.475
2025-02-02 04:00:00,207.1,210.9,206.72,208.59,76739.493
2025-02-02 05:00:00,208.59,212.81,208.28,212.26,87970.831
2025-02-02 06:00:00,212.26,214.06,211.98,212.99,55731.115
2025-02-02 07:00:00,212.99,213.33,211.07,211.78,31939.681
2025-02-02 08:00:00,211.78,215.75,210.81,215.2,73762.193
2025-02-02 09:00:00,215.2,215.22,213.08,213.71,52509.564
2025-02-02 10:00:00,213.71,213.79,211.3,212.0,42445.105
2025-02-02 11:00:00,212.0,212.2,207.73,208.7,84403.178
2025-02-02 12:00:00,208.7,211.33,208.25,208.33,57832.171
2025-02-02 13:00:00,208.33,212.99,208.3,212.83,92715.386
2025-02-02 14:00:00,212.83,214.18,212.21,213.35,68014.575
2025-02-02 15:00:00,213.35,213.35,209.62,212.03,66491.193
2025-02-02 16:00:00,212.03,212.11,205.79,206.69,152556.54
2025-02-02 17:00:00,206.69,208.76,202.3,203.2,273750.667
2025-02-02 18:00:00,203.2,204.6,197.27,197.66,319376.084
2025-02-02 19:00:00,197.66,206.32,194.92,203.5,447547.202
2025-02-02 20:00:00,203.5,206.74,201.97,202.94,146677.698
2025-02-02 21:00:00,202.94,204.09,201.16,202.12,178580.589
2025-02-02 22:00:00,202.12,206.12,192.08,203.71,305422.424
2025-02-02 23:00:00,203.71,204.0,196.52,203.47,409281.202
2025-02-03 00:00:00,203.47,203.87,192.2,198.3,581150.126
2025-02-03 01:00:00,198.3,199.9,176.3,184.8,1544183.55
2025-02-03 02:00:00,184.8,191.96,175.0,187.87,1319161.574
2025-02-03 03:00:00,187.87,199.73,187.31,197.85,360881.368
2025-02-03 04:00:00,197.85,199.91,189.27,189.91,231195.221
2025-02-03 05:00:00,189.91,197.42,189.68,196.78,268187.881
2025-02-03 06:00:00,196.78,198.4,193.64,195.72,168498.855
2025-02-03 07:00:00,195.72,199.62,195.18,199.06,172180.64
2025-02-03 08:00:00,199.06,199.07,193.32,195.58,142456.719
2025-02-03 09:00:00,195.58,199.05,193.66,194.15,149476.692
2025-02-03 10:00:00,194.15,202.06,194.02,201.72,134132.77
2025-02-03 11:00:00,201.72,201.75,197.95,198.6,108564.114
2025-02-03 12:00:00,198.6,199.64,194.85,195.09,128452.444
2025-02-03 13:00:00,195.09,196.85,193.32,194.64,119489.619
2025-02-03 14:00:00,194.64,199.8,189.76,199.67,471463.635
2025-02-03 15:00:00,199.67,210.05,197.91,207.0,497713.435
2025-02-03 16:00:00,207.0,209.14,203.66,207.69,195866.321
2025-02-03 17:00:00,207.69,208.26,205.42,206.68,147476.98
2025-02-03 18:00:00,206.68,212.02,205.11,211.77,177679.416
2025-02-03 19:00:00,211.77,215.19,210.91,215.08,228816.911
2025-02-03 20:00:00,215.08,215.21,210.54,211.64,151692.326
2025-02-03 21:00:00,211.64,217.87,209.94,216.52,109996.091
2025-02-03 22:00:00,216.52,218.62,214.91,217.5,131318.747
2025-02-03 23:00:00,217.5,217.79,215.4,216.28,67197.162
2025-02-04 00:00:00,216.28,217.98,215.24,215.32,73584.137
2025-02-04 01:00:00,215.32,219.54,215.2,218.64,71185.262
2025-02-04 02:00:00,218.64,219.99,215.65,215.67,57320.253
2025-02-04 03:00:00,215.67,216.43,213.9,215.5,48939.749
2025-02-04 04:00:00,215.5,216.07,212.41,212.91,75883.679
2025-02-04 05:00:00,212.91,213.36,201.83,203.88,242503.81
2025-02-04 06:00:00,203.88,207.34,203.74,206.64,80220.155
2025-02-04 07:00:00,206.64,207.89,203.7,204.24,77959.61
2025-02-04 08:00:00,204.24,206.02,202.46,203.61,74530.336
2025-02-04 09:00:00,203.61,206.5,203.51,204.65,54301.136
2025-02-04 10:00:00,204.65,208.79,204.54,207.6,66214.571
2025-02-04 11:00:00,207.6,210.8,207.39,207.7,56248.075
2025-02-04 12:00:00,207.7,212.72,207.7,211.17,77629.485
2025-02-04 13:00:00,211.17,213.23,209.98,210.39,83671.472
2025-02-04 14:00:00,210.39,216.09,209.35,214.28,142011.085
2025-02-04 15:00:00,214.28,216.83,210.05,215.66,228304.08
2025-02-04 16:00:00,215.66,217.93,214.46,214.53,106536.968
2025-02-04 17:00:00,214.53,217.0,212.35,213.87,84646.616
2025-02-04 18:00:00,213.87,214.66,211.5,214.46,65007.285
2025-02-04 19:00:00,214.46,218.39,208.26,208.29,282326.69
2025-02-04 20:00:00,208.29,210.46,205.19,206.2,292436.928
2025-02-04 21:00:00,206.2,206.56,202.58,203.13,168099.304
2025-02-04 22:00:00,203.13,206.26,202.53,205.5,97661.481
2025-02-04 23:00:00,205.5,208.35,203.74,206.62,141542.295
2025-02-05 00:00:00,206.62,208.26,205.67,206.74,53212.186
2025-02-05 01:00:00,206.74,209.39,205.09,205.53,47752.397
2025-02-05 02:00:00,205.53,208.26,205.12,207.63,59497.779
2025-02-05 03:00:00,207.63,208.96,206.5,207.36,35976.958
2025-02-05 04:00:00,207.36,207.53,204.63,205.08,31503.813
2025-02-05 05:00:00,205.08,206.76,203.55,206.5,71455.356
2025-02-05 06:00:00,206.5,208.34,204.33,204.78,62728.308
2025-02-05 07:00:00,204.78,205.88,203.88,205.11,58503.637
2025-02-05 08:00:00,205.11,206.33,203.82,204.93,46684.882
2025-02-05 09:00:00,204.93,206.15,202.91,203.37,57223.911
2025-02-05 10:00:00,203.37,205.44,203.12,204.66,37435.531
2025-02-05 11:00:00,204.66,206.92,204.66,206.32,44870.477
2025-02-05 12:00:00,206.32,207.18,204.62,204.86,37674.874
2025-02-05 13:00:00,204.86,206.3,204.46,206.0,34807.924
2025-02-05 14:00:00,206.0,207.64,203.26,203.96,64183.935
2025-02-05 15:00:00,203.96,205.79,201.37,201.75,90119.998
2025-02-05 16:00:00,201.75,202.16,197.84,199.81,141006.702
2025-02-05 17:00:00,199.81,201.5,196.54,197.41,99326.031
2025-02-05 18:00:00,197.41,198.86,196.41,197.75,77250.121
2025-02-05 19:00:00,197.75,200.0,197.14,199.57,55520.235
2025-02-05 20:00:00,199.57,200.63,196.67,198.54,55542.846
2025-02-05 21:00:00,198.54,200.08,198.23,198.88,32627.198
2025-02-05 22:00:00,198.88,199.48,195.56,195.98,50941.541
2025-02-05 23:00:00,195.98,197.49,195.14,196.12,38418.974
2025-02-06 00:00:00,196.12,198.91,195.97,197.21,64042.217
2025-02-06 01:00:00,197.21,199.98,196.18,199.37,44402.443
2025-02-06 02:00:00,199.37,201.21,199.2,200.31,32241.932
2025-02-06 03:00:00,200.31,201.3,199.35,200.71,26785.383
2025-02-06 04:00:00,200.71,202.12,200.3,201.61,34077.517
2025-02-06 05:00:00,201.61,202.63,200.69,201.7,27025.527
2025-02-06 06:00:00,201.7,203.99,201.4,203.73,50930.758
2025-02-06 07:00:00,203.73,203.73,201.82,202.02,32984.055
2025-02-06 08:00:00,202.02,202.56,200.89,201.15,36846.063
2025-02-06 09:00:00,201.15,202.95,200.66,202.61,40928.243
2025-02-06 10:00:00,202.61,202.87,200.85,201.33,30565.469
2025-02-06 11:00:00,201.33,201.52,198.65,200.25,38159.119
2025-02-06 12:00:00,200.25,200.63,197.77,198.26,39364.441
2025-02-06 13:00:00,198.26,200.46,198.07,200.24,54698.666
2025-02-06 14:00:00,200.24,200.68,195.14,195.25,89585.387
2025-02-06 15:00:00,195.25,196.19,190.58,191.25,154288.823
2025-02-06 16:00:00,191.25,192.98,188.7,190.33,116565.252
2025-02-06 17:00:00,190.33,192.97,189.07,190.04,66917.454
2025-02-06 18:00:00,190.04,191.08,188.41,189.95,71578.068
2025-02-06 19:00:00,189.95,191.81,188.73,189.91,62206.091
2025-02-06 20:00:00,189.91,193.17,189.55,193.14,63402.714
2025-02-06 21:00:00,193.14,194.65,190.61,194.01,84211.49
2025-02-06 22:00:00,194.01,194.1,190.43,190.72,56853.655
2025-02-06 23:00:00,190.72,191.19,187.41,189.56,66248.481
2025-02-07 00:00:00,189.56,192.35,189.19,189.92,48342.632
2025-02-07 01:00:00,189.92,193.81,189.8,192.27,58149.203
2025-02-07 02:00:00,192.27,195.22,192.15,194.88,81264.059
2025-02-07 03:00:00,194.88,195.9,192.48,193.26,56771.257
2025-02-07 04:00:00,193.26,195.34,193.04,194.17,61048.366
2025-02-07 05:00:00,194.17,194.68,192.18,192.8,47101.058
2025-02-07 06:00:00,192.8,192.99,189.18,190.82,81815.706
2025-02-07 07:00:00,190.82,193.58,190.75,192.53,57676.746
2025-02-07 08:00:00,192.53,195.14,191.66,194.03,64094.013
2025-02-07 09:00:00,194.03,197.44,193.6,197.38,80356.003
2025-02-07 10:00:00,197.38,197.92,196.45,196.71,37693.601
2025-02-07 11:00:00,196.71,198.68,196.68,198.49,45860.47
2025-02-07 12:00:00,198.49,199.93,197.05,198.57,59676.93
2025-02-07 13:00:00,198.57,201.25,196.24,201.18,126267.328
2025-02-07 14:00:00,201.18,203.46,200.49,203.28,109682.513
2025-02-07 15:00:00,203.28,203.28,195.87,198.08,212880.187
2025-02-07 16:00:00,198.08,198.99,196.05,196.68,79138.822
2025-02-07 17:00:00,196.68,197.16,194.68,196.49,96378.545
2025-02-07 18:00:00,196.49,199.16,196.14,198.5,51486.465
2025-02-07 19:00:00,198.5,198.62,195.33,195.43,51404.956
2025-02-07 20:00:00,195.43,195.64,189.31,189.78,109157.861
2025-02-07 21:00:00,189.78,191.07,189.14,189.48,57819.127
2025-02-07 22:00:00,189.48,190.22,188.09,189.99,57386.733
2025-02-07 23:00:00,189.99,192.44,189.45,191.99,48210.495
2025-02-08 00:00:00,191.99,194.03,191.34,193.24,53171.632
2025-02-08 01:00:00,193.24,193.77,192.31,192.54,29955.697
2025-02-08 02:00:00,192.54,193.83,191.81,193.34,34726.736
2025-02-08 03:00:00,193.34,194.26,192.56,193.0,23823.34
2025-02-08 04:00:00,193.0,193.31,191.59,191.78,19267.125
2025-02-08 05:00:00,191.78,191.92,190.09,190.62,28750.354
2025-02-08 06:00:00,190.62,191.75,190.2,190.89,26976.188
2025-02-08 07:00:00,190.89,193.33,189.78,192.78,38861.103
2025-02-08 08:00:00,192.78,193.6,191.65,191.83,29797.001
2025-02-08 09:00:00,191.83,194.0,191.82,193.8,27173.67
2025-02-08 10:00:00,193.8,194.94,193.31,193.6,26861.856
2025-02-08 11:00:00,193.6,194.51,193.03,194.4,23744.403
2025-02-08 12:00:00,194.4,194.55,193.11,193.81,21978.454
2025-02-08 13:00:00,193.81,196.45,193.81,195.33,30554.426
2025-02-08 14:00:00,195.33,196.0,193.63,194.58,28393.098
2025-02-08 15:00:00,194.58,195.34,192.76,193.41,26224.744
2025-02-08 16:00:00,193.41,195.57,193.21,195.42,29778.344
2025-02-08 17:00:00,195.42,196.87,195.12,196.84,33259.747
2025-02-08 18:00:00,196.84,197.29,195.88,196.79,22281.882
2025-02-08 19:00:00,196.79,198.41,196.56,196.91,31895.606
2025-02-08 20:00:00,196.91,198.1,196.73,197.53,20540.052
2025-02-08 21:00:00,197.53,199.12,197.32,198.83,20943.735
2025-02-08 22:00:00,198.83,199.84,197.68,198.33,31045.005
2025-02-08 23:00:00,198.33,200.9,198.22,199.34,25278.543
2025-02-09 00:00:00,199.34,200.33,198.51,200.22,34762.071
2025-02-09 01:00:00,200.22,202.12,199.96,201.95,43596.672
2025-02-09 02:00:00,201.95,202.61,201.02,201.55,30116.002
2025-02-09 03:00:00,201.55,207.0,201.14,206.96,96226.09
2025-02-09 04:00:00,206.96,207.02,204.88,205.91,39663.731
2025-02-09 05:00:00,205.91,207.37,205.43,206.26,33783.39
2025-02-09 06:00:00,206.26,206.47,203.94,205.06,59666.946
2025-02-09 07:00:00,205.06,205.12,203.81,203.98,33830.99
2025-02-09 08:00:00,203.98,204.57,203.01,203.12,41471.977
2025-02-09 09:00:00,203.12,203.18,201.25,201.96,31595.501
2025-02-09 10:00:00,201.96,202.24,201.76,201.86,16884.116
2025-02-09 11:00:00,201.86,202.85,201.35,201.43,23494.588
2025-02-09 12:00:00,201.43,202.84,200.34,201.62,37598.173
2025-02-09 13:00:00,201.62,201.81,196.74,196.98,61148.949
2025-02-09 14:00:00,196.98,199.7,196.44,199.48,63704.827
2025-02-09 15:00:00,199.48,201.55,199.32,200.7,37041.386
2025-02-09 16:00:00,200.7,202.25,200.18,202.04,25831.041
2025-02-09 17:00:00,202.04,202.23,199.8,200.01,24388.505
2025-02-09 18:00:00,200.01,200.7,198.75,200.15,20072.179
2025-02-09 19:00:00,200.15,200.7,197.85,199.1,21295.622
2025-02-09 20:00:00,199.1,201.04,198.81,199.43,20448.273
2025-02-09 21:00:00,199.43,199.85,193.51,195.12,114694.478
2025-02-09 22:00:00,195.12,199.49,194.05,197.22,82837.23
2025-02-09 23:00:00,197.22,200.81,196.89,200.44,63353.797
2025-02-10 00:00:00,200.44,205.12,200.44,204.02,101752.499
2025-02-10 01:00:00,204.02,204.26,197.76,198.4,88397.39
2025-02-10 02:00:00,198.4,199.62,195.89,198.91,91615.758
2025-02-10 03:00:00,198.91,204.5,198.32,202.0,84791.609
2025-02-10 04:00:00,202.0,202.94,200.54,201.03,42021.925
2025-02-10 05:00:00,201.03,204.64,199.95,202.46,60710.317
2025-02-10 06:00:00,202.46,203.35,201.55,202.92,46679.143
2025-02-10 07:00:00,202.92,204.01,202.17,202.82,39316.307
2025-02-10 08:00:00,202.82,205.68,202.59,205.24,77069.434
2025-02-10 09:00:00,205.24,206.0,203.74,205.11,39922.781
2025-02-10 10:00:00,205.11,205.33,203.25,204.16,45921.153
2025-02-10 11:00:00,204.16,205.41,203.6,204.48,28344.986
2025-02-10 12:00:00,204.48,204.87,202.5,202.82,31268.112
2025-02-10 13:00:00,202.82,209.14,202.69,208.6,112406.894
2025-02-10 14:00:00,208.6,209.11,203.69,204.62,127977.697
2025-02-10 15:00:00,204.62,206.17,201.44,203.1,89381.382
2025-02-10 16:00:00,203.1,204.39,202.05,203.21,52276.679
2025-02-10 17:00:00,203.21,204.11,202.08,203.57,50575.377
2025-02-10 18:00:00,203.57,203.68,202.2,203.21,35908.866
2025-02-10 19:00:00,203.21,203.46,201.02,201.36,42258.629
2025-02-10 20:00:00,201.36,202.77,200.91,201.1,63777.57
2025-02-10 21:00:00,201.1,201.19,199.95,200.15,41412.117
2025-02-10 22:00:00,200.15,200.88,199.26,200.11,41644.248
2025-02-10 23:00:00,200.11,200.67,199.35,200.47,33435.912
2025-02-11 00:00:00,200.47,202.94,199.94,201.8,47813.349
2025-02-11 01:00:00,201.8,204.7,201.78,203.79,77124.613
2025-02-11 02:00:00,203.79,204.1,200.44,201.41,52286.469
2025-02-11 03:00:00,201.41,201.47,200.57,201.09,33127.348
2025-02-11 04:00:00,201.09,203.94,201.03,203.82,72745.47
2025-02-11 05:00:00,203.82,205.56,203.39,205.08,57086.929
2025-02-11 06:00:00,205.08,206.22,203.83,205.61,35625.023
2025-02-11 07:00:00,205.61,205.76,204.2,204.42,33637.392
2025-02-11 08:00:00,204.42,205.92,203.75,204.79,88283.332
2025-02-11 09:00:00,204.79,205.12,202.43,202.83,32376.6
2025-02-11 10:00:00,202.83,203.25,201.25,202.32,52649.503
2025-02-11 11:00:00,202.32,203.41,201.9,203.4,28630.074
2025-02-11 12:00:00,203.4,203.41,201.4,202.35,41745.76
2025-02-11 13:00:00,202.35,202.63,197.82,198.34,70278.375
2025-02-11 14:00:00,198.34,200.13,197.89,199.67,77974.471
2025-02-11 15:00:00,199.67,201.04,198.14,199.44,78130.465
2025-02-11 16:00:00,199.44,200.12,197.8,198.01,46766.414
2025-02-11 17:00:00,198.01,199.04,196.53,198.61,74510.428
2025-02-11 18:00:00,198.61,198.62,196.01,196.66,61600.479
2025-02-11 19:00:00,196.66,197.16,195.05,195.64,49152.807
2025-02-11 20:00:00,195.64,197.74,195.47,196.72,43332.917
2025-02-11 21:00:00,196.72,198.81,196.34,198.25,57261.513
2025-02-11 22:00:00,198.25,199.6,196.22,196.98,47682.715
2025-02-11 23:00:00,196.98,198.89,196.73,197.95,42643.196
2025-02-12 00:00:00,197.95,198.56,196.67,198.08,32833.232
2025-02-12 01:00:00,198.08,198.46,196.36,197.38,21426.197
2025-02-12 02:00:00,197.38,197.5,194.69,195.68,37544.437
2025-02-12 03:00:00,195.68,195.89,193.84,194.32,51471.816
2025-02-12 04:00:00,194.32,195.06,193.4,194.49,41446.412
2025-02-12 05:00:00,194.49,196.25,194.21,195.76,22552.063
2025-02-12 06:00:00,195.76,195.93,193.11,193.79,38692.477
2025-02-12 07:00:00,193.79,196.2,193.53,195.21,47687.886
2025-02-12 08:00:00,195.21,196.76,195.09,196.2,27916.289
2025-02-12 09:00:00,196.2,196.99,195.17,196.63,24989.325
2025-02-12 10:00:00,196.63,196.97,195.66,196.02,15602.396
2025-02-12 11:00:00,196.02,198.05,195.98,197.35,27788.242
2025-02-12 12:00:00,197.35,198.16,196.4,196.4,26147.711
2025-02-12 13:00:00,196.4,198.55,189.43,191.97,400705.01
2025-02-12 14:00:00,191.97,193.53,188.46,193.49,125339.724
2025-02-12 15:00:00,193.49,193.88,190.22,191.96,154146.122
2025-02-12 16:00:00,191.96,194.95,189.3,194.68,200254.508
2025-02-12 17:00:00,194.68,196.69,194.17,195.14,129608.624
2025-02-12 18:00:00,195.14,195.42,192.72,193.13,60937.229
2025-02-12 19:00:00,193.13,193.85,191.22,193.73,77401.419
2025-02-12 20:00:00,193.73,195.51,193.02,194.65,82877.047
2025-02-12 21:00:00,194.65,196.64,193.93,195.79,76204.89
2025-02-12 22:00:00,195.79,198.45,195.42,196.96,76109.797
2025-02-12 23:00:00,196.96,197.5,195.53,196.8,44685.167
2025-02-13 00:00:00,196.8,196.91,195.01,195.55,25828.927
2025-02-13 01:00:00,195.55,197.82,195.49,197.62,31643.392
2025-02-13 02:00:00,197.62,197.84,196.16,196.86,20237.419
2025-02-13 03:00:00,196.86,198.2,196.83,198.19,18428.033
2025-02-13 04:00:00,198.19,198.48,195.25,195.7,19274.158
2025-02-13 05:00:00,195.7,196.32,194.61,195.13,19337.552
2025-02-13 06:00:00,195.13,195.56,193.2,193.49,36138.965
2025-02-13 07:00:00,193.49,194.12,192.72,193.1,33309.609
2025-02-13 08:00:00,193.1,193.46,191.85,192.38,37666.892
2025-02-13 09:00:00,192.38,193.52,191.84,193.33,25137.759
2025-02-13 10:00:00,193.33,193.51,192.41,192.69,25383.976
2025-02-13 11:00:00,192.69,192.93,191.05,191.89,49234.427
2025-02-13 12:00:00,191.89,192.2,190.81,191.13,39944.935
2025-02-13 13:00:00,191.13,192.32,190.25,190.97,71586.035
2025-02-13 14:00:00,190.97,191.59,188.82,190.81,104699.546
2025-02-13 15:00:00,190.81,193.16,189.59,191.95,55880.093
2025-02-13 16:00:00,191.95,191.95,189.99,190.7,47645.155
2025-02-13 17:00:00,190.7,192.64,190.57,191.67,25729.23
2025-02-13 18:00:00,191.67,193.46,191.15,193.4,25236.121
2025-02-13 19:00:00,193.4,194.62,191.86,192.68,35597.586
2025-02-13 20:00:00,192.68,195.18,192.59,194.51,32448.134
2025-02-13 21:00:00,194.51,195.48,194.16,195.04,26109.168
2025-02-13 22:00:00,195.04,195.16,193.75,194.0,17251.82
2025-02-13 23:00:00,194.0,194.69,193.76,194.26,21547.204
2025-02-14 00:00:00,194.26,196.01,194.12,195.96,25713.906
2025-02-14 01:00:00,195.96,196.23,194.82,195.87,19895.853
2025-02-14 02:00:00,195.87,196.74,195.54,195.72,25873.387
2025-02-14 03:00:00,195.72,197.43,195.66,197.04,25442.123
2025-02-14 04:00:00,197.04,197.42,195.25,195.45,24272.107
2025-02-14 05:00:00,195.45,196.07,194.75,195.51,21757.339
2025-02-14 06:00:00,195.51,196.32,195.28,196.27,32387.744
2025-02-14 07:00:00,196.27,197.08,196.08,196.62,37742.594
2025-02-14 08:00:00,196.62,198.21,196.38,197.54,48625.411
2025-02-14 09:00:00,197.54,200.06,197.33,199.93,77690.041
2025-02-14 10:00:00,199.93,201.21,199.7,200.61,56283.804
2025-02-14 11:00:00,200.61,201.4,198.96,199.6,42116.525
2025-02-14 12:00:00,199.6,199.67,196.7,197.06,57856.007
2025-02-14 13:00:00,197.06,198.29,196.42,197.8,38402.978
2025-02-14 14:00:00,197.8,200.58,196.78,199.78,66087.805
2025-02-14 15:00:00,199.78,202.13,198.08,200.87,90576.965
2025-02-14 16:00:00,200.87,202.12,198.84,201.6,65930.266
2025-02-14 17:00:00,201.6,205.22,200.78,204.64,99968.971
2025-02-14 18:00:00,204.64,205.38,202.57,202.74,58903.98
2025-02-14 19:00:00,202.74,203.67,200.93,201.56,34388.936
2025-02-14 20:00:00,201.56,202.23,200.84,201.17,30285.727
2025-02-14 21:00:00,201.17,201.8,199.44,201.44,33673.908
2025-02-14 22:00:00,201.44,201.67,198.09,199.4,105871.645
2025-02-14 23:00:00,199.4,200.1,198.32,199.42,47913.535
2025-02-15 00:00:00,199.42,199.52,196.74,198.07,46310.683
2025-02-15 01:00:00,198.07,199.69,197.9,199.48,19089.452
2025-02-15 02:00:00,199.48,200.3,198.38,199.2,18124.09
2025-02-15 03:00:00,199.2,199.93,197.87,198.37,25366.289
2025-02-15 04:00:00,198.37,198.85,197.26,197.5,11218.18
2025-02-15 05:00:00,197.5,197.95,196.85,197.29,20605.93
2025-02-15 06:00:00,197.29,197.31,195.66,195.79,41812.777
2025-02-15 07:00:00,195.79,196.79,195.25,195.92,24897.368
2025-02-15 08:00:00,195.92,196.68,195.77,196.09,15312.2
2025-02-15 09:00:00,196.09,196.79,195.16,195.23,20833.852
2025-02-15 10:00:00,195.23,195.35,193.89,195.08,43898.649
2025-02-15 11:00:00,195.08,195.35,194.02,194.86,22362.773
2025-02-15 12:00:00,194.86,196.06,194.64,195.68,28254.29
2025-02-15 13:00:00,195.68,196.05,194.83,195.02,21772.591
2025-02-15 14:00:00,195.02,195.04,193.28,194.31,47488.905
2025-02-15 15:00:00,194.31,194.67,193.52,194.64,22339.521
2025-02-15 16:00:00,194.64,195.06,193.94,194.28,17727.428
2025-02-15 17:00:00,194.28,194.74,193.33,193.69,18914.248
2025-02-15 18:00:00,193.69,195.12,193.59,194.82,11864.442
2025-02-15 19:00:00,194.82,195.0,194.06,194.19,9240.26
2025-02-15 20:00:00,194.19,194.53,192.58,193.23,23471.359
2025-02-15 21:00:00,193.23,194.35,193.22,194.34,15090.866
2025-02-15 22:00:00,194.34,194.96,193.6,194.47,14012.654
2025-02-15 23:00:00,194.47,195.05,194.11,194.47,11686.742
2025-02-16 00:00:00,194.47,195.53,194.39,195.06,27456.92
2025-02-16 01:00:00,195.06,195.11,193.44,194.85,25957.831
2025-02-16 02:00:00,194.85,195.02,193.26,193.6,16668.085
2025-02-16 03:00:00,193.6,194.78,193.04,194.7,13027.621
2025-02-16 04:00:00,194.7,195.11,194.27,194.58,10026.082
2025-02-16 05:00:00,194.58,195.71,194.24,195.16,9171.281
2025-02-16 06:00:00,195.16,196.24,195.01,195.3,14292.441
2025-02-16 07:00:00,195.3,195.3,192.35,192.94,40046.36
2025-02-16 08:00:00,192.94,193.74,192.7,193.25,12718.939
2025-02-16 09:00:00,193.25,193.79,192.21,193.72,14908.269
2025-02-16 10:00:00,193.72,194.04,193.0,193.06,13503.17
2025-02-16 11:00:00,193.06,193.9,192.98,193.77,13223.833
2025-02-16 12:00:00,193.77,193.84,192.47,192.69,9170.087
2025-02-16 13:00:00,192.69,192.83,190.12,190.75,59066.941
2025-02-16 14:00:00,190.75,191.12,189.2,190.14,67707.61
2025-02-16 15:00:00,190.14,190.68,189.88,190.34,23375.945
2025-02-16 16:00:00,190.34,191.31,189.93,190.36,12662.823
2025-02-16 17:00:00,190.36,191.12,189.71,190.04,11415.177
2025-02-16 18:00:00,190.04,190.13,187.69,189.29,71465.418
2025-02-16 19:00:00,189.29,189.41,187.62,189.21,36348.77
2025-02-16 20:00:00,189.21,189.88,187.91,188.31,21250.562
2025-02-16 21:00:00,188.31,189.63,186.13,188.94,60794.095
2025-02-16 22:00:00,188.94,189.18,187.32,188.81,31732.377
2025-02-16 23:00:00,188.81,189.06,187.54,188.25,28758.41
2025-02-17 00:00:00,188.25,189.44,188.13,189.01,28368.286
2025-02-17 01:00:00,189.01,189.73,187.93,189.12,26090.392
2025-02-17 02:00:00,189.12,189.35,187.03,187.13,26674.921
2025-02-17 03:00:00,187.13,187.13,185.27,186.33,40589.266
2025-02-17 04:00:00,186.33,186.5,183.16,183.18,76554.108
2025-02-17 05:00:00,183.18,184.25,180.71,184.18,175542.229
2025-02-17 06:00:00,184.18,184.91,182.63,183.52,49851.928
2025-02-17 07:00:00,183.52,183.89,180.9,181.34,97560.111
2025-02-17 08:00:00,181.34,184.0,180.75,183.94,66783.309
2025-02-17 09:00:00,183.94,185.25,183.72,184.22,44134.79
2025-02-17 10:00:00,184.22,185.54,183.02,183.54,53773.489
2025-02-17 11:00:00,183.54,184.52,183.06,184.25,21280.684
2025-02-17 12:00:00,184.25,186.9,184.19,185.99,55647.361
2025-02-17 13:00:00,185.99,186.04,184.74,184.97,33451.533
2025-02-17 14:00:00,184.97,186.95,183.47,184.26,81091.565
2025-02-17 15:00:00,184.26,184.78,179.64,180.38,97633.984
2025-02-17 16:00:00,180.38,181.41,177.9,178.36,99319.343
2025-02-17 17:00:00,178.36,179.3,177.35,177.39,68266.427
2025-02-17 18:00:00,177.39,178.64,175.27,175.68,110510.564
2025-02-17 19:00:00,175.68,178.14,174.65,177.08,110815.552
2025-02-17 20:00:00,177.08,179.44,176.98,178.51,67637.41
2025-02-17 21:00:00,178.51,181.28,178.4,181.21,45219.478
2025-02-17 22:00:00,181.21,181.34,178.58,178.8,54322.97
2025-02-17 23:00:00,178.8,179.37,177.41,177.54,23890.281
2025-02-18 00:00:00,177.54,178.07,175.44,176.79,54734.965
2025-02-18 01:00:00,176.79,178.51,176.36,177.98,44954.28
2025-02-18 02:00:00,177.98,178.68,177.1,178.32,33047.412
2025-02-18 03:00:00,178.32,179.04,177.56,177.98,30178.715
2025-02-18 04:00:00,177.98,178.01,175.45,175.83,43645.588
2025-02-18 05:00:00,175.83,175.87,171.53,172.25,166802.486
2025-02-18 06:00:00,172.25,172.34,164.4,165.32,393892.582
2025-02-18 07:00:00,165.32,168.21,163.93,165.71,186120.417
2025-02-18 08:00:00,165.71,167.07,163.73,163.88,150686.37
2025-02-18 09:00:00,163.88,170.08,163.13,169.98,220288.752
2025-02-18 10:00:00,169.98,170.88,167.59,167.93,98617.332
2025-02-18 11:00:00,167.93,169.26,167.64,168.69,60772.821
2025-02-18 12:00:00,168.69,171.5,168.39,170.69,127272.342
2025-02-18 13:00:00,170.69,170.78,168.45,169.67,88434.521
2025-02-18 14:00:00,169.67,170.91,165.55,166.98,240096.091
2025-02-18 15:00:00,166.98,167.45,164.35,165.93,152623.104
2025-02-18 16:00:00,165.93,167.14,162.4,162.43,187658.603
2025-02-18 17:00:00,162.43,164.2,160.89,163.53,164493.501
2025-02-18 18:00:00,163.53,165.71,162.85,164.01,108949.08
2025-02-18 19:00:00,164.01,165.97,163.16,165.29,83914.941
2025-02-18 20:00:00,165.29,166.74,163.93,164.57,77319.711
2025-02-18 21:00:00,164.57,168.84,164.3,167.57,131296.182
2025-02-18 22:00:00,167.57,169.77,167.05,167.8,119674.479
2025-02-18 23:00:00,167.8,169.64,167.33,169.31,57254.798
2025-02-19 00:00:00,169.31,170.83,168.44,168.66,81671.906
2025-02-19 01:00:00,168.66,168.76,167.02,168.45,60100.12
2025-02-19 02:00:00,168.45,170.0,168.33,169.3,32597.311
2025-02-19 03:00:00,169.3,169.35,166.64,167.48,48105.976
2025-02-19 04:00:00,167.48,167.75,163.94,163.94,67699.2
2025-02-19 05:00:00,163.94,167.19,163.76,167.07,58500.86
2025-02-19 06:00:00,167.07,168.32,166.5,167.97,66867.185
2025-02-19 07:00:00,167.97,169.83,167.8,168.96,48282.974
2025-02-19 08:00:00,168.96,170.29,168.6,168.74,49124.961
2025-02-19 09:00:00,168.74,171.56,168.44,170.77,64345.674
2025-02-19 10:00:00,170.77,172.5,170.41,172.05,76092.08
2025-02-19 11:00:00,172.05,174.32,171.98,173.94,69298.349
2025-02-19 12:00:00,173.94,174.16,171.64,171.64,57376.531
2025-02-19 13:00:00,171.64,172.78,170.86,171.6,60224.711
2025-02-19 14:00:00,171.6,171.92,168.31,168.62,70619.094
2025-02-19 15:00:00,168.62,171.38,168.14,169.75,75963.775
2025-02-19 16:00:00,169.75,171.68,169.29,171.55,54702.101
2025-02-19 17:00:00,171.55,173.46,170.55,170.86,57458.717
2025-02-19 18:00:00,170.86,171.5,169.35,169.7,47091.46
2025-02-19 19:00:00,169.7,170.68,168.21,168.72,53399.266
2025-02-19 20:00:00,168.72,169.49,166.83,166.99,54225.625
2025-02-19 21:00:00,166.99,168.02,166.39,166.94,33832.508
2025-02-19 22:00:00,166.94,168.64,166.63,167.73,34945.141
2025-02-19 23:00:00,167.73,169.96,167.73,168.92,65165.838
2025-02-20 00:00:00,168.92,170.3,167.66,169.98,44499.333
2025-02-20 01:00:00,169.98,170.62,167.94,168.25,27635.922
2025-02-20 02:00:00,168.25,172.5,168.25,171.9,44209.828
2025-02-20 03:00:00,171.9,172.87,170.76,172.45,46400.842
2025-02-20 04:00:00,172.45,174.98,172.4,173.03,63442.936
2025-02-20 05:00:00,173.03,173.35,172.17,172.35,28809.046
2025-02-20 06:00:00,172.35,172.7,171.3,171.78,25729.631
2025-02-20 07:00:00,171.78,172.22,170.83,171.74,17825.028
2025-02-20 08:00:00,171.74,172.67,170.92,172.29,20761.15
2025-02-20 09:00:00,172.29,172.66,171.71,172.13,29776.4
2025-02-20 10:00:00,172.13,174.11,172.05,173.82,131466.855
2025-02-20 11:00:00,173.82,175.16,173.41,173.98,61729.5
2025-02-20 12:00:00,173.98,174.86,173.13,173.39,36497.415
2025-02-20 13:00:00,173.39,174.19,172.46,174.13,35200.125
2025-02-20 14:00:00,174.13,176.68,172.24,172.54,105272.373
2025-02-20 15:00:00,172.54,173.43,171.19,171.59,54080.316
2025-02-20 16:00:00,171.59,173.42,171.22,171.86,63836.028
2025-02-20 17:00:00,171.86,173.47,171.68,173.38,23248.866
2025-02-20 18:00:00,173.38,175.1,173.34,174.31,47580.877
2025-02-20 19:00:00,174.31,175.48,174.02,175.0,33767.419
2025-02-20 20:00:00,175.0,175.96,174.3,174.59,31402.968
2025-02-20 21:00:00,174.59,174.74,173.24,173.35,35950.131
2025-02-20 22:00:00,173.35,174.35,173.18,174.03,21708.815
2025-02-20 23:00:00,174.03,176.56,174.03,176.02,45157.492
2025-02-21 00:00:00,176.02,176.49,174.06,174.34,55737.533
2025-02-21 01:00:00,174.34,174.72,173.26,174.29,34768.751
2025-02-21 02:00:00,174.29,174.86,172.96,173.34,28755.461
2025-02-21 03:00:00,173.34,174.5,173.1,173.3,24509.18
2025-02-21 04:00:00,173.3,175.08,173.28,174.05,37122.708
2025-02-21 05:00:00,174.05,175.58,173.88,175.14,41195.908
2025-02-21 06:00:00,175.14,176.46,174.84,176.0,38223.345
2025-02-21 07:00:00,176.0,176.83,175.36,175.87,40208.898
2025-02-21 08:00:00,175.87,177.56,175.83,176.38,44348.409
2025-02-21 09:00:00,176.38,180.3,176.26,177.54,137030.553
2025-02-21 10:00:00,177.54,180.1,177.02,179.47,50715.396
2025-02-21 11:00:00,179.47,179.52,177.03,177.17,47805.473
2025-02-21 12:00:00,177.17,178.42,176.63,178.19,52806.96
2025-02-21 13:00:00,178.19,180.57,177.7,179.99,70139.597
2025-02-21 14:00:00,179.99,180.09,176.29,177.71,93276.044
2025-02-21 15:00:00,177.71,178.66,170.56,173.3,280068.104
2025-02-21 16:00:00,173.3,175.82,172.68,175.02,282816.384
2025-02-21 17:00:00,175.02,175.72,170.85,171.96,120386.82
2025-02-21 18:00:00,171.96,172.69,171.01,172.05,80662.895
2025-02-21 19:00:00,172.05,172.05,168.71,168.9,104705.594
2025-02-21 20:00:00,168.9,170.46,168.76,169.77,83094.394
2025-02-21 21:00:00,169.77,170.34,167.56,168.64,49657.727
2025-02-21 22:00:00,168.64,169.64,167.95,169.34,39476.565
2025-02-21 23:00:00,169.34,169.99,168.48,169.56,66392.901
2025-02-22 00:00:00,169.56,171.65,168.68,171.4,42076.92
2025-02-22 01:00:00,171.4,173.3,170.9,172.42,28422.535
2025-02-22 02:00:00,172.42,172.49,170.78,171.55,33296.853
2025-02-22 03:00:00,171.55,171.93,170.17,170.67,62831.879
2025-02-22 04:00:00,170.67,172.0,170.44,171.81,51907.98
2025-02-22 05:00:00,171.81,172.71,171.43,172.3,52767.561
2025-02-22 06:00:00,172.3,172.88,170.95,171.24,43203.177
2025-02-22 07:00:00,171.24,173.03,171.18,171.88,22200.096
2025-02-22 08:00:00,171.88,172.61,171.53,171.55,37922.376
2025-02-22 09:00:00,171.55,173.56,171.54,173.49,38667.145
2025-02-22 10:00:00,173.49,174.31,173.01,173.3,35189.577
2025-02-22 11:00:00,173.3,173.98,172.98,173.63,20367.405
2025-02-22 12:00:00,173.63,174.13,172.77,174.0,23484.944
2025-02-22 13:00:00,174.0,174.71,172.77,172.89,26430.908
2025-02-22 14:00:00,172.89,173.94,172.89,173.72,24832.948
2025-02-22 15:00:00,173.72,174.72,173.42,174.33,28997.353
2025-02-22 16:00:00,174.33,174.87,172.65,172.76,27549.154
2025-02-22 17:00:00,172.76,173.52,172.33,173.23,16806.454
2025-02-22 18:00:00,173.23,174.09,172.68,172.83,10121.96
2025-02-22 19:00:00,172.83,173.17,172.44,172.64,10635.483
2025-02-22 20:00:00,172.64,172.72,171.87,172.46,8522.092
2025-02-22 21:00:00,172.46,173.17,172.4,173.04,8581.568
2025-02-22 22:00:00,173.04,173.61,172.58,172.6,6438.752
2025-02-22 23:00:00,172.6,172.7,172.0,172.03,7731.877
2025-02-23 00:00:00,172.03,172.3,171.26,171.93,8627.392
2025-02-23 01:00:00,171.93,172.16,170.8,171.1,7708.911
2025-02-23 02:00:00,171.1,171.31,170.25,170.37,7645.52
2025-02-23 03:00:00,170.37,170.86,170.18,170.62,7933.821
2025-02-23 04:00:00,170.62,171.11,169.96,170.81,6019.019
2025-02-23 05:00:00,170.81,171.17,170.32,170.76,5523.403
2025-02-23 06:00:00,170.76,171.51,170.39,171.48,6162.603
2025-02-23 07:00:00,171.48,173.06,171.28,172.86,9266.443
2025-02-23 08:00:00,172.86,172.89,171.73,172.21,11507.241
2025-02-23 09:00:00,172.21,172.34,170.82,171.33,8726.44
2025-02-23 10:00:00,171.33,171.54,170.65,171.09,4857.288
2025-02-23 11:00:00,171.09,171.31,169.44,169.6,14224.363
2025-02-23 12:00:00,169.6,169.88,168.29,168.88,25824.722
2025-02-23 13:00:00,168.88,169.93,168.76,169.66,9931.756
2025-02-23 14:00:00,169.66,169.94,168.36,168.75,14095.837
2025-02-23 15:00:00,168.75,169.35,166.54,166.74,18077.794
2025-02-23 16:00:00,166.74,168.0,166.7,166.97,13145.88
2025-02-23 17:00:00,166.97,168.45,166.97,168.18,10747.762
2025-02-23 18:00:00,168.18,168.75,167.86,167.86,12690.612
2025-02-23 19:00:00,167.86,168.1,167.56,167.72,8873.545
2025-02-23 20:00:00,167.72,167.91,167.0,167.72,9817.288
2025-02-23 21:00:00,167.72,168.22,167.23,168.12,10540.303
2025-02-23 22:00:00,168.12,168.12,166.46,167.36,13378.324
2025-02-23 23:00:00,167.36,168.93,167.08,167.96,21215.146
2025-02-24 00:00:00,167.96,169.74,166.57,166.62,22811.579
2025-02-24 01:00:00,166.62,166.83,163.28,163.69,41045.632
2025-02-24 02:00:00,163.69,165.0,162.6,162.66,15547.583
2025-02-24 03:00:00,162.66,162.68,160.53,161.06,33939.387
2025-02-24 04:00:00,161.06,161.26,157.24,158.75,75463.604
2025-02-24 05:00:00,158.75,160.51,158.1,159.86,25066.287
2025-02-24 06:00:00,159.86,161.11,158.7,160.72,21678.412
2025-02-24 07:00:00,160.72,161.75,160.72,161.0,16412.717
2025-02-24 08:00:00,161.0,161.11,157.75,158.0,29377.865
2025-02-24 09:00:00,158.0,160.41,157.78,158.23,35647.644
2025-02-24 10:00:00,158.23,158.47,155.4,156.97,41267.854
2025-02-24 11:00:00,156.97,159.63,155.99,159.23,21402.366
2025-02-24 12:00:00,159.23,159.8,158.4,159.32,14842.241
2025-02-24 13:00:00,159.32,160.41,157.84,157.99,54965.695
2025-02-24 14:00:00,157.99,158.82,155.09,155.57,56180.74
2025-02-24 15:00:00,155.57,155.95,150.77,152.73,119371.866
2025-02-24 16:00:00,152.73,154.25,151.97,153.32,43394.712
2025-02-24 17:00:00,153.32,155.16,152.62,154.16,37687.457
2025-02-24 18:00:00,154.16,154.62,151.39,151.73,22878.534
2025-02-24 19:00:00,151.73,152.58,147.93,150.14,75226.735
2025-02-24 20:00:00,150.14,152.69,149.6,150.81,53377.448
2025-02-24 21:00:00,150.81,152.47,149.46,150.1,41709.261
2025-02-24 22:00:00,150.1,150.12,137.5,140.2,307157.033
2025-02-24 23:00:00,140.2,144.5,139.52,141.81,125997.885
2025-02-25 00:00:00,141.81,144.48,138.57,140.86,134296.021
2025-02-25 01:00:00,140.86,142.62,138.14,140.12,80795.367
2025-02-25 02:00:00,140.12,142.73,138.1,141.53,68308.987
2025-02-25 03:00:00,141.53,142.26,138.64,138.93,52408.539
2025-02-25 04:00:00,138.93,140.01,136.04,137.97,106342.142
2025-02-25 05:00:00,137.97,141.66,136.95,140.94,86406.451
2025-02-25 06:00:00,140.94,141.87,138.21,138.27,66907.354
2025-02-25 07:00:00,138.27,138.86,132.75,136.3,312749.84
2025-02-25 08:00:00,136.3,139.64,135.63,137.51,78010.486
2025-02-25 09:00:00,137.51,138.28,133.65,134.58,70615.618
2025-02-25 10:00:00,134.58,137.73,131.89,136.73,130328.304
2025-02-25 11:00:00,136.73,141.36,134.85,141.26,82579.174
2025-02-25 12:00:00,141.26,141.81,138.16,139.86,79367.359
2025-02-25 13:00:00,139.86,140.96,137.36,138.31,45232.58
2025-02-25 14:00:00,138.31,140.03,135.26,135.91,81253.295
2025-02-25 15:00:00,135.91,141.28,134.52,138.89,135479.766
2025-02-25 16:00:00,138.89,145.0,137.96,143.0,179020.62
2025-02-25 17:00:00,143.0,144.88,141.97,142.65,93311.903
2025-02-25 18:00:00,142.65,143.99,140.21,140.89,55533.82
2025-02-25 19:00:00,140.89,145.57,140.36,145.42,59285.034
2025-02-25 20:00:00,145.42,147.0,143.35,144.66,115724.861
2025-02-25 21:00:00,144.66,145.97,143.21,145.84,42986.476
2025-02-25 22:00:00,145.84,147.12,143.64,144.91,48872.721
2025-02-25 23:00:00,144.91,146.0,144.03,144.3,30233.999
2025-02-26 00:00:00,144.3,144.72,141.73,141.74,21482.023
2025-02-26 01:00:00,141.74,143.5,141.74,142.91,18215.033
2025-02-26 02:00:00,142.91,143.95,141.64,143.52,18391.441
2025-02-26 03:00:00,143.52,145.18,142.72,143.35,27858.598
2025-02-26 04:00:00,143.35,144.73,142.41,142.5,27678.835
2025-02-26 05:00:00,142.5,143.26,141.16,141.22,30690.829
2025-02-26 06:00:00,141.22,142.47,141.03,142.45,22430.054
2025-02-26 07:00:00,142.45,142.57,139.61,140.18,30504.322
2025-02-26 08:00:00,140.18,140.76,139.05,140.23,37292.463
2025-02-26 09:00:00,140.23,142.21,140.03,142.0,36261.469
2025-02-26 10:00:00,142.0,142.0,140.27,140.88,37315.331
2025-02-26 11:00:00,140.88,140.88,138.0,138.13,53194.684
2025-02-26 12:00:00,138.13,138.58,136.38,136.93,59490.053
2025-02-26 13:00:00,136.93,137.57,135.96,136.48,44670.049
2025-02-26 14:00:00,136.48,138.39,134.67,138.35,132306.509
2025-02-26 15:00:00,138.35,140.46,137.95,139.29,76255.544
2025-02-26 16:00:00,139.29,139.79,137.12,137.19,61802.029
2025-02-26 17:00:00,137.19,137.74,133.24,134.03,99268.799
2025-02-26 18:00:00,134.03,134.87,130.59,131.38,147877.146
2025-02-26 19:00:00,131.38,133.54,130.7,131.95,129365.157
2025-02-26 20:00:00,131.95,135.7,130.88,135.45,138079.517
2025-02-26 21:00:00,135.45,136.82,133.89,136.23,104522.107
2025-02-26 22:00:00,136.23,137.91,135.38,135.78,61667.854
2025-02-26 23:00:00,135.78,136.66,134.57,135.33,30293.814
2025-02-27 00:00:00,135.33,137.26,134.93,136.21,35825.213
2025-02-27 01:00:00,136.21,138.32,135.06,136.97,44037.277
2025-02-27 02:00:00,136.97,138.78,135.57,135.87,43830.57
2025-02-27 03:00:00,135.87,139.06,135.45,138.6,47954.162
2025-02-27 04:00:00,138.6,139.42,137.06,137.84,25251.865
2025-02-27 05:00:00,137.84,139.9,137.74,139.68,41638.003
2025-02-27 06:00:00,139.68,142.9,139.62,142.12,96989.307
2025-02-27 07:00:00,142.12,142.37,140.94,140.97,32713.65
2025-02-27 08:00:00,140.97,141.09,139.25,139.57,54800.102
2025-02-27 09:00:00,139.57,141.56,139.51,140.74,44341.303
2025-02-27 10:00:00,140.74,142.47,140.47,142.28,61906.362
2025-02-27 11:00:00,142.28,142.53,139.93,140.5,49671.442
2025-02-27 12:00:00,140.5,141.12,139.45,140.23,38803.59
2025-02-27 13:00:00,140.23,141.28,139.17,139.41,56869.586
2025-02-27 14:00:00,139.41,140.2,137.16,137.28,76996.478
2025-02-27 15:00:00,137.28,140.76,136.3,139.61,101492.976
2025-02-27 16:00:00,139.61,140.13,136.78,136.99,57644.345
2025-02-27 17:00:00,136.99,138.83,136.77,138.78,28856.338
2025-02-27 18:00:00,138.78,139.76,138.33,138.44,24356.791
2025-02-27 19:00:00,138.44,138.64,135.62,136.3,52955.792
2025-02-27 20:00:00,136.3,137.26,134.71,136.64,88466.685
2025-02-27 21:00:00,136.64,138.23,135.26,137.39,85165.841
2025-02-27 22:00:00,137.39,138.19,136.11,138.05,24577.134
2025-02-27 23:00:00,138.05,138.07,136.95,137.67,17374.551
2025-02-28 00:00:00,137.67,137.96,135.98,135.98,22576.479
2025-02-28 01:00:00,135.98,136.74,130.3,131.24,187090.608
2025-02-28 02:00:00,131.24,132.58,127.23,129.05,194918.754
2025-02-28 03:00:00,129.05,131.02,127.17,127.61,77549.836
2025-02-28 04:00:00,127.61,129.17,125.56,128.25,128111.72
2025-02-28 05:00:00,128.25,128.83,126.24,128.15,102618.737
2025-02-28 06:00:00,128.15,128.78,125.86,127.9,90922.616
2025-02-28 07:00:00,127.9,129.64,127.37,128.57,114940.639
2025-02-28 08:00:00,128.57,131.26,127.92,131.0,109894.704
2025-02-28 09:00:00,131.0,133.15,130.86,132.5,78706.639
2025-02-28 10:00:00,132.5,132.67,130.05,130.42,30270.833
2025-02-28 11:00:00,130.42,134.69,130.38,133.52,40282.056
2025-02-28 12:00:00,133.52,135.64,132.95,135.53,67620.398
2025-02-28 13:00:00,135.53,139.53,135.25,137.8,132162.7
2025-02-28 14:00:00,137.8,147.19,137.68,144.39,316639.512
2025-02-28 15:00:00,144.39,147.88,143.64,145.68,123222.141
2025-02-28 16:00:00,145.68,146.51,144.36,145.1,105078.446
2025-02-28 17:00:00,145.1,146.48,143.7,144.25,89307.64
2025-02-28 18:00:00,144.25,147.1,144.22,146.24,78985.524
2025-02-28 19:00:00,146.24,147.31,146.08,146.38,63626.158
2025-02-28 20:00:00,146.38,146.78,144.65,145.8,36110.781
2025-02-28 21:00:00,145.8,148.42,145.64,147.76,50101.329
2025-02-28 22:00:00,147.76,147.97,146.22,146.69,30319.242
2025-02-28 23:00:00,146.69,148.73,146.42,148.14,30339.622
2025-03-01 00:00:00,148.14,148.23,145.72,145.94,34218.111
2025-03-01 01:00:00,145.94,151.18,145.52,150.24,66561.713
2025-03-01 02:00:00,150.24,150.29,146.93,147.28,78159.287
2025-03-01 03:00:00,147.28,147.73,145.65,145.72,35933.218
2025-03-01 04:00:00,145.72,147.23,145.38,146.83,36131.327
2025-03-01 05:00:00,146.83,146.84,144.63,144.67,27999.878
2025-03-01 06:00:00,144.67,144.83,143.28,143.78,40771.007
2025-03-01 07:00:00,143.78,143.79,142.24,142.51,36897.032
2025-03-01 08:00:00,142.51,143.98,142.51,143.86,37395.533
2025-03-01 09:00:00,143.86,144.27,142.53,143.29,27607.111
2025-03-01 10:00:00,143.29,143.32,140.22,140.82,47620.428
2025-03-01 11:00:00,140.82,140.94,139.58,140.38,41014.262
2025-03-01 12:00:00,140.38,141.36,140.09,141.15,27290.415
2025-03-01 13:00:00,141.15,141.71,138.59,139.31,71490.673
2025-03-01 14:00:00,139.31,140.78,139.19,140.27,31854.485
2025-03-01 15:00:00,140.27,140.59,139.35,140.41,23257.672
2025-03-01 16:00:00,140.41,141.38,139.4,140.41,30646.046
2025-03-01 17:00:00,140.41,140.48,138.72,139.98,25216.548
2025-03-01 18:00:00,139.98,140.93,139.65,140.45,18655.959
2025-03-01 19:00:00,140.45,141.53,140.22,140.56,23944.082
2025-03-01 20:00:00,140.56,140.67,139.91,140.61,18988.807
2025-03-01 21:00:00,140.61,143.08,140.19,142.62,31430.138
2025-03-01 22:00:00,142.62,143.47,141.65,142.47,31128.546
2025-03-01 23:00:00,142.47,143.85,141.48,143.64,24218.895
2025-03-02 00:00:00,143.64,145.56,142.92,144.74,33201.4
2025-03-02 01:00:00,144.74,145.97,143.67,144.54,45892.26
2025-03-02 02:00:00,144.54,145.21,142.73,143.04,39359.216
2025-03-02 03:00:00,143.04,144.66,143.04,143.88,16552.782
2025-03-02 04:00:00,143.88,144.29,143.2,143.73,19365.131
2025-03-02 05:00:00,143.73,143.94,142.59,143.01,17502.943
2025-03-02 06:00:00,143.01,145.15,142.26,144.08,22644.929
2025-03-02 07:00:00,144.08,144.61,143.35,143.81,13413.826
2025-03-02 08:00:00,143.81,143.91,142.5,142.91,20453.669
2025-03-02 09:00:00,142.91,144.9,142.51,143.99,23800.964
2025-03-02 10:00:00,143.99,144.65,143.36,143.83,19116.131
2025-03-02 11:00:00,143.83,144.22,143.27,143.53,16455.105
2025-03-02 12:00:00,143.53,143.67,142.2,142.78,26179.755
2025-03-02 13:00:00,142.78,142.78,141.09,141.63,24132.624
2025-03-02 14:00:00,141.63,141.74,140.04,140.74,28736.467
2025-03-02 15:00:00,140.74,165.9,140.48,157.53,721348.712
2025-03-02 16:00:00,157.53,180.36,157.53,172.2,1038590.854
2025-03-02 17:00:00,172.2,174.9,167.99,171.41,464279.645
2025-03-02 18:00:00,171.41,172.28,165.18,168.87,211948.548
2025-03-02 19:00:00,168.87,172.62,168.3,172.24,120306.508
2025-03-02 20:00:00,172.24,176.2,171.68,175.61,99224.747
2025-03-02 21:00:00,175.61,177.83,174.12,175.59,96722.812
2025-03-02 22:00:00,175.59,178.16,174.44,176.89,80085.595
2025-03-02 23:00:00,176.89,179.39,176.12,178.77,125304.976
2025-03-03 00:00:00,178.77,179.57,174.16,174.4,95220.377
2025-03-03 01:00:00,174.4,176.43,172.21,172.48,79836.537
2025-03-03 02:00:00,172.48,172.95,168.99,171.52,104067.274
2025-03-03 03:00:00,171.52,171.89,168.16,169.94,54048.432
2025-03-03 04:00:00,169.94,170.62,169.26,169.52,70354.285
2025-03-03 05:00:00,169.52,170.52,169.2,169.81,50647.374
2025-03-03 06:00:00,169.81,169.84,160.64,161.84,142783.38
2025-03-03 07:00:00,161.84,163.03,159.84,162.27,138956.031
2025-03-03 08:00:00,162.27,163.35,157.25,158.57,72931.549
2025-03-03 09:00:00,158.57,160.77,156.82,159.95,84069.829
2025-03-03 10:00:00,159.95,161.72,159.53,161.56,56941.977
2025-03-03 11:00:00,161.56,161.93,160.23,161.09,46762.962
2025-03-03 12:00:00,161.09,164.11,160.6,164.0,68162.662
2025-03-03 13:00:00,164.0,167.06,163.42,165.83,72388.779
2025-03-03 14:00:00,165.83,165.83,154.11,155.3,234611.859
2025-03-03 15:00:00,155.3,159.68,154.46,157.82,177742.441
2025-03-03 16:00:00,157.82,159.34,155.92,157.82,64650.657
2025-03-03 17:00:00,157.82,159.63,155.34,156.18,80150.155
2025-03-03 18:00:00,156.18,156.68,148.5,148.84,272525.543
2025-03-03 19:00:00,148.84,150.18,139.62,141.76,775116.749
2025-03-03 20:00:00,141.76,144.91,141.27,144.42,291571.862
2025-03-03 21:00:00,144.42,144.93,139.25,139.81,97955.134
2025-03-03 22:00:00,139.81,143.74,139.75,142.7,101367.663
2025-03-03 23:00:00,142.7,144.17,141.67,142.1,63721.993
2025-03-04 00:00:00,142.1,145.05,141.08,141.62,93649.344
2025-03-04 01:00:00,141.62,142.1,134.68,136.47,280441.554
2025-03-04 02:00:00,136.47,137.65,132.33,136.32,270306.55
2025-03-04 03:00:00,136.32,137.8,135.16,136.33,99066.274
2025-03-04 04:00:00,136.33,137.37,135.64,136.19,60679.442
2025-03-04 05:00:00,136.19,139.55,135.9,138.01,91181.654
2025-03-04 06:00:00,138.01,138.82,136.63,136.83,63247.406
2025-03-04 07:00:00,136.83,137.41,135.63,136.0,49720.592
2025-03-04 08:00:00,136.0,138.3,135.57,137.71,67542.098
2025-03-04 09:00:00,137.71,138.21,135.84,135.89,58542.255
2025-03-04 10:00:00,135.89,137.54,134.59,137.03,75551.429
2025-03-04 11:00:00,137.03,138.55,136.8,136.95,60096.4
2025-03-04 12:00:00,136.95,137.48,135.33,136.34,49790.223
2025-03-04 13:00:00,136.34,136.39,132.64,133.79,106495.153
2025-03-04 14:00:00,133.79,143.3,132.9,136.64,316140.716
2025-03-04 15:00:00,136.64,138.7,133.44,138.61,190791.653
2025-03-04 16:00:00,138.61,138.98,130.57,136.22,193090.12
2025-03-04 17:00:00,136.22,141.25,136.01,140.8,150050.683
2025-03-04 18:00:00,140.8,143.01,139.91,142.66,64428.377
2025-03-04 19:00:00,142.66,144.74,141.16,143.12,130848.225
2025-03-04 20:00:00,143.12,144.56,141.58,142.04,79108.903
2025-03-04 21:00:00,142.04,146.86,141.64,145.55,98129.905
2025-03-04 22:00:00,145.55,145.91,143.56,143.71,51423.073
2025-03-04 23:00:00,143.71,145.43,143.3,144.78,41469.534
2025-03-05 00:00:00,144.78,145.16,142.64,143.02,45349.958
2025-03-05 01:00:00,143.02,145.16,142.1,145.16,40418.285
2025-03-05 02:00:00,145.16,145.55,143.32,144.59,54467.861
2025-03-05 03:00:00,144.59,145.35,141.74,141.8,30115.125
2025-03-05 04:00:00,141.8,142.56,140.81,142.02,42437.907
2025-03-05 05:00:00,142.02,142.7,141.57,142.15,21683.835
2025-03-05 06:00:00,142.15,143.87,140.9,143.58,33924.46
2025-03-05 07:00:00,143.58,144.08,142.02,142.88,32035.29
2025-03-05 08:00:00,142.88,144.69,142.71,143.98,39840.341
2025-03-05 09:00:00,143.98,146.54,143.76,145.7,55502.513
2025-03-05 10:00:00,145.7,149.71,145.55,148.54,75191.14
2025-03-05 11:00:00,148.54,148.94,146.89,147.13,39387.361
2025-03-05 12:00:00,147.13,149.24,146.13,146.8,61967.38
2025-03-05 13:00:00,146.8,147.37,143.23,143.84,96925.007
2025-03-05 14:00:00,143.84,144.09,141.86,142.17,64077.916
2025-03-05 15:00:00,142.17,144.38,140.31,141.65,81025.292
2025-03-05 16:00:00,141.65,142.92,140.21,142.1,61551.673
2025-03-05 17:00:00,142.1,144.48,141.88,142.6,64487.237
2025-03-05 18:00:00,142.6,145.04,141.79,144.51,43834.598
2025-03-05 19:00:00,144.51,146.43,144.27,144.78,44768.503
2025-03-05 20:00:00,144.78,146.03,144.76,145.58,28374.035
2025-03-05 21:00:00,145.58,145.77,143.9,145.05,31578.332
2025-03-05 22:00:00,145.05,146.54,144.96,146.02,33955.097
2025-03-05 23:00:00,146.02,146.78,145.42,146.23,24081.181
2025-03-06 00:00:00,146.23,147.09,144.55,144.75,29333.157
2025-03-06 01:00:00,144.75,149.17,144.69,147.2,46258.721
2025-03-06 02:00:00,147.2,149.08,146.97,148.82,25629.687
2025-03-06 03:00:00,148.82,150.64,147.96,148.74,45265.707
2025-03-06 04:00:00,148.74,150.21,147.63,149.79,33467.752
2025-03-06 05:00:00,149.79,150.62,148.42,149.98,36412.337
2025-03-06 06:00:00,149.98,150.13,148.42,148.84,26061.013
2025-03-06 07:00:00,148.84,149.56,148.35,148.61,20167.158
2025-03-06 08:00:00,148.61,151.91,148.3,150.83,54668.597
2025-03-06 09:00:00,150.83,150.87,148.82,148.93,52469.269
2025-03-06 10:00:00,148.93,152.9,148.66,152.38,47929.713
2025-03-06 11:00:00,152.38,152.74,151.21,151.71,34357.789
2025-03-06 12:00:00,151.71,151.89,148.29,148.81,49841.858
2025-03-06 13:00:00,148.81,149.27,146.47,146.67,65708.206
2025-03-06 14:00:00,146.67,148.31,145.08,146.37,67298.872
2025-03-06 15:00:00,146.37,150.18,146.1,149.03,52654.846
2025-03-06 16:00:00,149.03,149.45,144.84,145.04,44368.136
2025-03-06 17:00:00,145.04,145.04,142.73,143.85,70945.266
2025-03-06 18:00:00,143.85,144.39,142.57,143.25,26399.411
2025-03-06 19:00:00,143.25,144.83,142.43,143.59,23635.185
2025-03-06 20:00:00,143.59,144.94,143.4,144.12,24425.444
2025-03-06 21:00:00,144.12,145.32,143.24,144.46,24606.398
2025-03-06 22:00:00,144.46,145.91,143.19,143.63,32505.712
2025-03-06 23:00:00,143.63,144.55,143.21,143.31,24600.9
2025-03-07 00:00:00,143.31,145.56,135.06,136.5,208448.381
2025-03-07 01:00:00,136.5,141.72,135.96,140.59,78519.544
2025-03-07 02:00:00,140.59,141.92,139.74,140.7,40883.575
2025-03-07 03:00:00,140.7,141.74,140.47,140.78,26804.573
2025-03-07 04:00:00,140.78,142.13,140.58,141.01,18490.593
2025-03-07 05:00:00,141.01,143.61,140.94,143.18,41872.606
2025-03-07 06:00:00,143.18,144.1,142.18,143.59,25781.569
2025-03-07 07:00:00,143.59,144.62,143.36,144.31,47341.979
2025-03-07 08:00:00,144.31,144.72,143.24,144.07,24240.609
2025-03-07 09:00:00,144.07,146.21,143.15,143.63,72597.778
2025-03-07 10:00:00,143.63,143.9,142.61,143.66,29122.502
2025-03-07 11:00:00,143.66,144.47,142.94,143.58,28383.336
2025-03-07 12:00:00,143.58,144.1,141.74,142.63,37259.938
2025-03-07 13:00:00,142.63,147.33,142.52,144.14,107013.661
2025-03-07 14:00:00,144.14,148.15,142.73,146.34,91483.168
2025-03-07 15:00:00,146.34,147.41,143.12,144.9,74624.619
2025-03-07 16:00:00,144.9,145.98,141.64,142.36,85241.81
2025-03-07 17:00:00,142.36,144.85,141.31,143.35,52775.499
2025-03-07 18:00:00,143.35,149.73,142.93,149.6,63145.019
2025-03-07 19:00:00,149.6,150.88,145.79,146.4,87482.13
2025-03-07 20:00:00,146.4,147.63,143.28,144.95,84290.178
2025-03-07 21:00:00,144.95,145.46,141.75,142.71,86586.608
2025-03-07 22:00:00,142.71,143.06,140.59,141.12,39676.331
2025-03-07 23:00:00,141.12,141.23,137.45,139.42,61457.779
2025-03-08 00:00:00,139.42,140.92,138.59,140.69,28816.457
2025-03-08 01:00:00,140.69,141.07,137.81,139.44,30915.803
2025-03-08 02:00:00,139.44,140.03,138.78,139.69,17161.714
2025-03-08 03:00:00,139.69,139.97,138.33,139.68,10628.337
2025-03-08 04:00:00,139.68,140.99,138.94,140.88,20022.095
2025-03-08 05:00:00,140.88,140.91,138.7,139.29,15924.403
2025-03-08 06:00:00,139.29,140.02,138.61,139.17,15224.698
2025-03-08 07:00:00,139.17,139.9,138.32,138.75,14017.989
2025-03-08 08:00:00,138.75,138.99,137.58,137.82,19966.389
2025-03-08 09:00:00,137.82,139.23,137.71,137.97,17634.335
2025-03-08 10:00:00,137.97,138.75,137.78,138.32,13037.579
2025-03-08 11:00:00,138.32,138.34,136.61,137.59,32120.233
2025-03-08 12:00:00,137.59,138.38,136.66,137.64,25299.313
2025-03-08 13:00:00,137.64,138.76,137.24,137.63,22760.328
2025-03-08 14:00:00,137.63,138.1,136.79,137.04,17365.972
2025-03-08 15:00:00,137.04,137.68,136.09,137.2,18621.664
2025-03-08 16:00:00,137.2,137.41,135.45,136.17,23329.186
2025-03-08 17:00:00,136.17,137.39,135.29,137.06,18671.623
2025-03-08 18:00:00,137.06,137.95,136.63,137.76,11960.963
2025-03-08 19:00:00,137.76,138.88,137.22,138.44,12430.553
2025-03-08 20:00:00,138.44,138.58,137.56,137.64,5942.691
2025-03-08 21:00:00,137.64,138.53,137.25,137.35,8134.993
2025-03-08 22:00:00,137.35,137.53,136.35,137.33,11351.29
2025-03-08 23:00:00,137.33,137.75,136.5,137.03,8766.721
2025-03-09 00:00:00,137.03,138.23,136.53,138.09,12945.688
2025-03-09 01:00:00,138.09,138.52,137.45,137.87,10404.793
2025-03-09 02:00:00,137.87,138.14,136.94,137.19,6639.581
2025-03-09 03:00:00,137.19,138.32,136.81,137.94,5964.435
2025-03-09 04:00:00,137.94,138.65,137.68,138.51,6418.496
2025-03-09 05:00:00,138.51,139.53,138.09,138.82,9732.565
2025-03-09 06:00:00,138.82,138.84,137.7,138.57,8691.627
2025-03-09 07:00:00,138.57,139.9,138.33,139.65,12924.312
2025-03-09 08:00:00,139.65,139.79,138.92,139.25,10402.547
2025-03-09 09:00:00,139.25,139.63,137.87,138.04,15784.589
2025-03-09 10:00:00,138.04,138.31,135.64,136.03,24155.469
2025-03-09 11:00:00,136.03,136.82,135.0,136.31,37402.128
2025-03-09 12:00:00,136.31,136.43,134.41,135.49,28730.637
2025-03-09 13:00:00,135.49,135.51,133.11,133.13,35016.584
2025-03-09 14:00:00,133.13,133.99,132.3,133.3,35929.882
2025-03-09 15:00:00,133.3,133.55,129.83,130.19,59253.569
2025-03-09 16:00:00,130.19,131.57,127.76,127.97,68391.805
2025-03-09 17:00:00,127.97,128.63,126.39,126.56,76491.823
2025-03-09 18:00:00,126.56,128.57,125.83,127.62,60883.638
2025-03-09 19:00:00,127.62,130.02,127.51,129.17,37403.209
2025-03-09 20:00:00,129.17,130.57,128.31,128.33,37186.366
2025-03-09 21:00:00,128.33,128.69,127.24,127.88,39573.219
2025-03-09 22:00:00,127.88,128.04,126.52,126.95,31278.539
2025-03-09 23:00:00,126.95,127.76,124.9,126.49,58101.651
2025-03-10 00:00:00,126.49,127.95,124.08,127.37,59038.254
2025-03-10 01:00:00,127.37,128.4,126.58,127.35,19541.319
2025-03-10 02:00:00,127.35,129.1,126.67,127.55,29997.82
2025-03-10 03:00:00,127.55,127.63,126.41,126.6,21906.941
2025-03-10 04:00:00,126.6,128.35,126.46,128.35,18490.952
2025-03-10 05:00:00,128.35,129.18,127.63,127.66,23178.997
2025-03-10 06:00:00,127.66,128.03,126.74,127.49,25773.02
2025-03-10 07:00:00,127.49,128.35,127.18,128.14,24400.626
2025-03-10 08:00:00,128.14,128.51,125.95,126.19,40456.136
2025-03-10 09:00:00,126.19,131.59,126.17,128.17,97680.187
2025-03-10 10:00:00,128.17,128.88,126.73,127.67,31884.994
2025-03-10 11:00:00,127.67,130.39,127.33,129.92,35973.094
2025-03-10 12:00:00,129.92,130.88,128.31,129.42,41039.835
2025-03-10 13:00:00,129.42,129.64,124.79,125.0,66729.513
2025-03-10 14:00:00,125.0,125.03,120.19,121.3,169529.996
2025-03-10 15:00:00,121.3,124.17,120.72,121.92,116366.823
2025-03-10 16:00:00,121.92,122.34,120.14,120.77,63208.179
2025-03-10 17:00:00,120.77,120.93,116.67,117.58,156909.124
2025-03-10 18:00:00,117.58,119.53,115.49,115.88,106786.777
2025-03-10 19:00:00,115.88,120.19,115.5,119.72,100673.162
2025-03-10 20:00:00,119.72,120.26,117.58,118.75,71385.83
2025-03-10 21:00:00,118.75,120.04,118.16,118.81,29453.188
2025-03-10 22:00:00,118.81,119.52,117.65,119.07,32907.587
2025-03-10 23:00:00,119.07,119.93,117.99,118.34,29905.889
2025-03-11 00:00:00,118.34,119.71,112.0,115.68,171162.003
2025-03-11 01:00:00,115.68,119.24,113.89,119.15,114949.027
2025-03-11 02:00:00,119.15,120.67,119.09,120.06,57313.281
2025-03-11 03:00:00,120.06,121.89,119.8,119.96,41411.189
2025-03-11 04:00:00,119.96,121.51,119.75,121.03,42416.92
2025-03-11 05:00:00,121.03,123.89,120.95,123.29,75923.478
2025-03-11 06:00:00,123.29,123.99,122.6,122.74,25875.18
2025-03-11 07:00:00,122.74,124.05,122.45,123.09,44809.581
2025-03-11 08:00:00,123.09,124.67,122.97,124.12,42959.316
2025-03-11 09:00:00,124.12,124.98,123.61,123.76,48346.942
2025-03-11 10:00:00,123.76,124.73,123.43,124.33,30500.791
2025-03-11 11:00:00,124.33,125.85,123.72,124.73,34271.573
2025-03-11 12:00:00,124.73,124.89,122.95,122.99,43833.861
2025-03-11 13:00:00,122.99,126.29,121.35,122.74,160205.83
2025-03-11 14:00:00,122.74,123.66,118.58,119.89,134860.598
2025-03-11 15:00:00,119.89,125.49,119.72,125.02,77223.229
2025-03-11 16:00:00,125.02,126.74,123.69,125.43,71712.033
2025-03-11 17:00:00,125.43,125.86,122.85,124.07,38333.813
2025-03-11 18:00:00,124.07,128.19,123.97,127.68,80752.325
2025-03-11 19:00:00,127.68,128.43,126.79,128.19,47850.882
2025-03-11 20:00:00,128.19,128.24,126.44,126.55,20999.993
2025-03-11 21:00:00,126.55,127.59,125.8,126.02,36684.138
2025-03-11 22:00:00,126.02,126.78,125.72,126.21,31049.188
2025-03-11 23:00:00,126.21,126.32,125.09,125.32,24191.595
2025-03-12 00:00:00,125.32,126.08,124.38,125.11,23600.952
2025-03-12 01:00:00,125.11,127.0,125.0,126.13,28547.868
2025-03-12 02:00:00,126.13,126.21,123.52,123.79,29887.327
2025-03-12 03:00:00,123.79,124.23,122.47,122.53,28321.486
2025-03-12 04:00:00,122.53,123.01,121.23,122.18,35788.83
2025-03-12 05:00:00,122.18,122.73,121.79,122.06,38182.141
2025-03-12 06:00:00,122.06,122.85,121.42,122.03,31302.245
2025-03-12 07:00:00,122.03,123.48,122.01,123.17,73214.574
2025-03-12 08:00:00,123.17,126.04,122.84,125.4,59001.627
2025-03-12 09:00:00,125.4,126.19,123.62,124.6,45647.237
2025-03-12 10:00:00,124.6,124.97,123.43,124.5,28420.644
2025-03-12 11:00:00,124.5,126.81,124.5,126.76,27897.155
2025-03-12 12:00:00,126.76,131.3,126.2,129.5,179489.02
2025-03-12 13:00:00,129.5,129.75,125.44,125.87,68505.276
2025-03-12 14:00:00,125.87,126.35,124.32,124.96,72242.786
2025-03-12 15:00:00,124.96,125.09,123.05,124.54,78222.136
2025-03-12 16:00:00,124.54,125.5,123.52,124.24,50122.989
2025-03-12 17:00:00,124.24,126.33,123.57,123.79,45612.354
2025-03-12 18:00:00,123.79,125.34,123.3,124.49,34957.073
2025-03-12 19:00:00,124.49,125.47,123.61,125.03,35443.724
2025-03-12 20:00:00,125.03,125.65,123.96,125.13,26632.255
2025-03-12 21:00:00,125.13,127.11,125.11,125.83,36638.897
2025-03-12 22:00:00,125.83,126.73,125.59,126.56,20836.617
2025-03-12 23:00:00,126.56,126.81,125.5,126.61,27445.969
2025-03-13 00:00:00,126.61,126.94,125.28,125.37,23706.313
2025-03-13 01:00:00,125.37,126.52,124.93,126.12,19224.109
2025-03-13 02:00:00,126.12,127.44,125.18,125.29,19426.111
2025-03-13 03:00:00,125.29,126.3,124.74,124.97,19147.018
2025-03-13 04:00:00,124.97,125.34,123.58,123.84,31870.086
2025-03-13 05:00:00,123.84,124.51,123.01,123.5,33941.359
2025-03-13 06:00:00,123.5,124.16,123.18,123.67,35277.648
2025-03-13 07:00:00,123.67,124.57,123.48,124.27,19931.011
2025-03-13 08:00:00,124.27,125.44,123.63,125.34,20058.16
2025-03-13 09:00:00,125.34,128.03,125.31,127.67,35724.713
2025-03-13 10:00:00,127.67,127.98,126.42,127.06,32070.843
2025-03-13 11:00:00,127.06,127.23,125.81,126.87,72677.696
2025-03-13 12:00:00,126.87,128.8,125.69,126.26,100938.361
2025-03-13 13:00:00,126.26,127.36,123.95,124.21,108804.693
2025-03-13 14:00:00,124.21,125.85,123.6,125.2,63128.391
2025-03-13 15:00:00,125.2,125.57,123.82,124.32,48957.02
2025-03-13 16:00:00,124.32,124.4,122.44,123.27,38259.937
2025-03-13 17:00:00,123.27,123.33,121.09,121.76,42040.076
2025-03-13 18:00:00,121.76,123.08,121.63,122.95,41226.998
2025-03-13 19:00:00,122.95,123.18,121.08,121.43,38453.356
2025-03-13 20:00:00,121.43,122.22,120.76,121.47,31653.18
2025-03-13 21:00:00,121.47,122.16,120.99,122.16,19413.841
2025-03-13 22:00:00,122.16,123.9,121.96,123.84,31684.314
2025-03-13 23:00:00,123.84,124.38,123.05,123.37,23651.268
2025-03-14 00:00:00,123.37,124.94,122.97,124.33,25152.619
2025-03-14 01:00:00,124.33,125.33,123.45,124.59,16547.905
2025-03-14 02:00:00,124.59,125.47,124.47,125.23,16398.794
2025-03-14 03:00:00,125.23,125.3,124.18,124.51,15554.399
2025-03-14 04:00:00,124.51,125.21,124.45,124.87,12192.424
2025-03-14 05:00:00,124.87,125.31,124.42,125.11,18175.754
2025-03-14 06:00:00,125.11,125.39,124.52,125.14,29778.799
2025-03-14 07:00:00,125.14,125.63,124.53,124.7,21081.298
2025-03-14 08:00:00,124.7,125.95,124.63,125.5,41291.246
2025-03-14 09:00:00,125.5,126.09,125.32,125.59,19440.563
2025-03-14 10:00:00,125.59,126.58,125.24,126.01,19548.638
2025-03-14 11:00:00,126.01,126.36,125.66,126.15,27194.366
2025-03-14 12:00:00,126.15,126.64,125.46,126.38,30763.612
2025-03-14 13:00:00,126.38,129.58,125.98,128.99,84943.999
2025-03-14 14:00:00,128.99,132.14,127.65,130.7,183874.93
2025-03-14 15:00:00,130.7,133.72,130.62,132.13,134183.798
2025-03-14 16:00:00,132.13,133.25,130.87,133.11,68974.696
2025-03-14 17:00:00,133.11,133.78,132.29,132.49,38665.133
2025-03-14 18:00:00,132.49,134.38,132.48,133.96,36639.159
2025-03-14 19:00:00,133.96,134.7,133.45,134.3,27406.263
2025-03-14 20:00:00,134.3,134.34,132.35,134.26,35343.384
2025-03-14 21:00:00,134.26,134.97,133.23,134.72,32892.664
2025-03-14 22:00:00,134.72,136.06,134.41,135.43,33831.726
2025-03-14 23:00:00,135.43,135.46,133.18,133.55,31391.427
2025-03-15 00:00:00,133.55,134.06,133.07,133.78,22956.54
2025-03-15 01:00:00,133.78,133.94,132.87,133.68,34624.428
2025-03-15 02:00:00,133.68,134.77,133.42,134.52,17725.515
2025-03-15 03:00:00,134.52,135.28,134.12,135.04,18587.246
2025-03-15 04:00:00,135.04,135.45,134.53,134.8,24066.082
2025-03-15 05:00:00,134.8,134.89,133.54,133.54,26068.795
2025-03-15 06:00:00,133.54,134.08,133.16,133.99,29704.361
2025-03-15 07:00:00,133.99,134.1,132.72,132.91,31018.148
2025-03-15 08:00:00,132.91,133.28,132.45,132.99,15451.492
2025-03-15 09:00:00,132.99,133.51,132.74,133.41,55826.812
2025-03-15 10:00:00,133.41,133.51,132.83,132.91,50067.291
2025-03-15 11:00:00,132.91,133.69,132.72,133.38,26262.701
2025-03-15 12:00:00,133.38,134.64,133.12,134.03,41424.874
2025-03-15 13:00:00,134.03,135.81,133.91,135.42,26501.297
2025-03-15 14:00:00,135.42,135.42,134.05,134.48,26253.512
2025-03-15 15:00:00,134.48,135.45,134.48,135.11,15510.884
2025-03-15 16:00:00,135.11,136.03,134.54,135.53,17080.091
2025-03-15 17:00:00,135.53,136.53,134.69,134.82,26968.022
2025-03-15 18:00:00,134.82,135.21,134.0,134.25,12764.003
2025-03-15 19:00:00,134.25,134.55,133.6,134.48,28466.615
2025-03-15 20:00:00,134.48,135.55,134.35,135.47,21133.779
2025-03-15 21:00:00,135.47,136.52,135.39,135.69,18823.598
2025-03-15 22:00:00,135.69,135.88,135.19,135.63,9782.156
2025-03-15 23:00:00,135.63,136.04,135.24,135.86,12547.245
2025-03-16 00:00:00,135.86,136.72,135.73,135.98,25541.759
2025-03-16 01:00:00,135.98,136.67,135.01,135.23,23070.937
2025-03-16 02:00:00,135.23,135.44,134.14,134.28,27673.518
2025-03-16 03:00:00,134.28,135.7,134.18,135.46,11030.368
2025-03-16 04:00:00,135.46,135.77,134.99,135.17,12070.823
2025-03-16 05:00:00,135.17,135.36,134.63,135.11,9074.848
2025-03-16 06:00:00,135.11,136.24,134.89,135.08,11871.999
2025-03-16 07:00:00,135.08,135.15,133.85,134.66,20999.03
2025-03-16 08:00:00,134.66,134.84,134.06,134.7,17253.827
2025-03-16 09:00:00,134.7,134.94,133.18,133.45,41706.4
2025-03-16 10:00:00,133.45,133.77,132.94,133.31,30233.945
2025-03-16 11:00:00,133.31,133.31,129.68,129.9,109763.154
2025-03-16 12:00:00,129.9,130.84,129.42,129.55,46394.402
2025-03-16 13:00:00,129.55,130.1,127.45,127.85,56156.102
2025-03-16 14:00:00,127.85,129.46,127.72,129.39,48867.691
2025-03-16 15:00:00,129.39,129.56,128.4,128.76,44362.321
2025-03-16 16:00:00,128.76,131.3,128.54,129.3,80845.837
2025-03-16 17:00:00,129.3,130.43,128.78,129.88,29896.024
2025-03-16 18:00:00,129.88,129.98,128.13,128.81,19834.003
2025-03-16 19:00:00,128.81,128.9,126.08,126.93,75727.737
2025-03-16 20:00:00,126.93,127.59,126.61,127.14,24106.045
2025-03-16 21:00:00,127.14,127.76,126.21,126.53,17827.406
2025-03-16 22:00:00,126.53,126.73,125.64,125.75,27510.518
2025-03-16 23:00:00,125.75,126.26,125.21,126.12,25967.708
2025-03-17 00:00:00,126.12,127.96,125.86,127.72,34597.669
2025-03-17 01:00:00,127.72,128.71,127.17,128.27,32024.516
2025-03-17 02:00:00,128.27,128.62,127.44,127.78,23882.185
2025-03-17 03:00:00,127.78,129.22,127.77,128.97,15911.785
2025-03-17 04:00:00,128.97,129.37,128.65,128.88,15028.386
2025-03-17 05:00:00,128.88,128.94,128.03,128.06,12556.673
2025-03-17 06:00:00,128.06,128.45,126.54,128.1,23431.602
2025-03-17 07:00:00,128.1,129.5,128.03,129.28,26779.786
2025-03-17 08:00:00,129.28,129.39,128.44,128.88,18724.14
2025-03-17 09:00:00,128.88,129.41,128.61,129.1,21669.323
2025-03-17 10:00:00,129.1,129.61,128.71,128.85,19080.596
2025-03-17 11:00:00,128.85,129.42,128.45,129.16,22199.955
2025-03-17 12:00:00,129.16,130.18,127.45,127.55,69047.495
2025-03-17 13:00:00,127.55,128.8,126.8,127.23,48149.856
2025-03-17 14:00:00,127.23,127.65,126.2,126.35,68528.645
2025-03-17 15:00:00,126.35,127.9,125.51,127.52,57451.053
2025-03-17 16:00:00,127.52,128.15,126.83,127.01,43399.803
2025-03-17 17:00:00,127.01,128.76,126.67,128.4,46634.038
2025-03-17 18:00:00,128.4,130.45,128.16,129.8,49627.478
2025-03-17 19:00:00,129.8,130.62,129.47,129.84,29998.708
2025-03-17 20:00:00,129.84,129.95,128.46,128.77,27146.213
2025-03-17 21:00:00,128.77,129.37,128.12,129.02,25463.416
2025-03-17 22:00:00,129.02,129.3,128.61,128.9,13662.449
2025-03-17 23:00:00,128.9,128.94,127.68,128.01,24069.303
2025-03-18 00:00:00,128.01,128.17,126.13,126.58,32571.42
2025-03-18 01:00:00,126.58,126.89,124.63,125.16,70255.404
2025-03-18 02:00:00,125.16,125.91,124.8,125.2,45431.942
2025-03-18 03:00:00,125.2,125.2,123.55,124.14,47946.058
2025-03-18 04:00:00,124.14,124.93,123.78,124.04,41614.788
2025-03-18 05:00:00,124.04,124.65,123.67,124.6,24633.436
2025-03-18 06:00:00,124.6,124.67,123.25,124.19,54454.256
2025-03-18 07:00:00,124.19,125.25,124.05,125.18,42981.139
2025-03-18 08:00:00,125.18,125.84,124.83,125.67,35756.597
2025-03-18 09:00:00,125.67,125.93,124.65,124.75,39153.437
2025-03-18 10:00:00,124.75,125.03,123.91,124.54,55297.196
2025-03-18 11:00:00,124.54,124.66,123.2,123.54,21780.461
2025-03-18 12:00:00,123.54,123.8,122.74,123.51,41691.942
2025-03-18 13:00:00,123.51,123.71,121.76,122.34,44680.888
2025-03-18 14:00:00,122.34,123.4,121.89,123.1,46317.387
2025-03-18 15:00:00,123.1,123.22,122.26,122.57,23312.972
2025-03-18 16:00:00,122.57,124.03,122.45,123.34,26281.496
2025-03-18 17:00:00,123.34,123.49,122.6,123.33,23261.376
2025-03-18 18:00:00,123.33,124.14,123.11,124.09,25876.145
2025-03-18 19:00:00,124.09,124.5,123.74,124.23,19602.228
2025-03-18 20:00:00,124.23,124.43,123.54,124.05,19043.251
2025-03-18 21:00:00,124.05,124.96,123.93,124.63,19335.894
2025-03-18 22:00:00,124.63,125.22,124.42,125.0,12736.31
2025-03-18 23:00:00,125.0,125.72,125.0,125.33,14125.045
2025-03-19 00:00:00,125.33,126.23,125.18,125.9,21749.308
2025-03-19 01:00:00,125.9,125.99,124.48,124.48,13811.625
2025-03-19 02:00:00,124.48,125.05,124.2,124.72,12661.785
2025-03-19 03:00:00,124.72,126.72,124.66,126.46,16260.336
2025-03-19 04:00:00,126.46,126.86,125.75,126.15,18198.624
2025-03-19 05:00:00,126.15,126.4,125.41,125.78,23840.258
2025-03-19 06:00:00,125.78,126.56,125.73,126.18,12767.204
2025-03-19 07:00:00,126.18,126.58,125.62,125.72,11985.803
2025-03-19 08:00:00,125.72,126.33,125.7,126.31,11834.465
2025-03-19 09:00:00,126.31,126.78,126.04,126.5,13209.879
2025-03-19 10:00:00,126.5,127.66,126.34,126.82,38907.302
2025-03-19 11:00:00,126.82,129.53,126.42,128.66,55526.575
2025-03-19 12:00:00,128.66,129.04,126.97,127.61,41970.702
2025-03-19 13:00:00,127.61,131.17,127.23,130.55,136893.262
2025-03-19 14:00:00,130.55,132.75,130.55,131.81,96450.287
2025-03-19 15:00:00,131.81,132.43,131.18,132.34,56348.014
2025-03-19 16:00:00,132.34,132.54,130.67,131.73,38101.536
2025-03-19 17:00:00,131.73,131.85,129.66,130.24,40336.261
2025-03-19 18:00:00,130.24,133.46,128.21,132.97,132981.611
2025-03-19 19:00:00,132.97,134.38,131.33,133.03,83451.735
2025-03-19 20:00:00,133.03,134.42,133.01,133.96,40667.527
2025-03-19 21:00:00,133.96,134.54,133.19,133.7,38706.004
2025-03-19 22:00:00,133.7,134.82,133.6,134.66,23678.562
2025-03-19 23:00:00,134.66,136.05,134.35,135.31,41265.391
2025-03-20 00:00:00,135.31,136.1,133.42,133.44,41830.182
2025-03-20 01:00:00,133.44,133.94,132.82,133.51,27106.983
2025-03-20 02:00:00,133.51,134.29,133.23,134.09,10363.993
2025-03-20 03:00:00,134.09,134.31,133.68,133.91,9678.259
2025-03-20 04:00:00,133.91,134.05,132.76,133.09,13284.121
2025-03-20 05:00:00,133.09,133.93,132.99,133.9,10433.673
2025-03-20 06:00:00,133.9,134.96,133.8,134.81,18394.127
2025-03-20 07:00:00,134.81,134.93,133.97,134.03,17029.374
2025-03-20 08:00:00,134.03,134.47,133.15,134.29,19839.386
2025-03-20 09:00:00,134.29,134.57,133.26,133.48,28839.837
2025-03-20 10:00:00,133.48,133.81,130.31,130.46,72415.894
2025-03-20 11:00:00,130.46,131.31,130.38,130.63,26561.748
2025-03-20 12:00:00,130.63,130.98,130.04,130.94,32044.029
2025-03-20 13:00:00,130.94,131.16,129.67,130.69,54173.471
2025-03-20 14:00:00,130.69,132.28,130.6,131.76,86656.654
2025-03-20 15:00:00,131.76,131.8,128.5,128.91,82512.432
2025-03-20 16:00:00,128.91,129.37,126.65,127.05,57126.069
2025-03-20 17:00:00,127.05,128.12,126.9,127.76,45896.211
2025-03-20 18:00:00,127.76,128.27,127.19,127.26,21021.006
2025-03-20 19:00:00,127.26,128.15,127.21,127.93,21381.535
2025-03-20 20:00:00,127.93,128.49,127.69,128.02,16503.881
2025-03-20 21:00:00,128.02,128.36,127.46,127.61,11677.296
2025-03-20 22:00:00,127.61,127.96,127.2,127.45,16707.39
2025-03-20 23:00:00,127.45,128.2,127.24,127.59,14684.735
2025-03-21 00:00:00,127.59,128.55,127.31,128.29,18591.948
2025-03-21 01:00:00,128.29,129.04,127.99,128.99,12557.017
2025-03-21 02:00:00,128.99,129.08,128.11,128.38,12748.825
2025-03-21 03:00:00,128.38,128.44,127.37,127.97,15623.602
2025-03-21 04:00:00,127.97,128.77,127.97,128.44,12985.423
2025-03-21 05:00:00,128.44,128.68,127.59,128.29,25479.034
2025-03-21 06:00:00,128.29,128.46,127.86,128.12,16313.121
2025-03-21 07:00:00,128.12,128.35,127.41,128.1,18886.384
2025-03-21 08:00:00,128.1,128.86,127.81,128.4,33608.431
2025-03-21 09:00:00,128.4,129.12,127.55,127.64,47357.312
2025-03-21 10:00:00,127.64,127.98,125.92,126.61,49531.334
2025-03-21 11:00:00,126.61,126.77,125.75,126.41,20914.338
2025-03-21 12:00:00,126.41,126.91,125.71,125.86,23768.491
2025-03-21 13:00:00,125.86,127.53,125.39,127.21,45017.66
2025-03-21 14:00:00,127.21,127.79,126.2,127.09,52028.975
2025-03-21 15:00:00,127.09,127.11,125.83,125.98,20671.631
2025-03-21 16:00:00,125.98,126.76,124.84,126.72,72544.044
2025-03-21 17:00:00,126.72,127.01,126.13,126.9,24843.937
2025-03-21 18:00:00,126.9,129.75,126.07,127.29,123788.868
2025-03-21 19:00:00,127.29,128.54,127.18,128.23,26853.82
2025-03-21 20:00:00,128.23,128.53,127.82,128.48,17121.965
2025-03-21 21:00:00,128.48,130.18,128.4,129.19,29251.719
2025-03-21 22:00:00,129.19,129.3,127.59,128.04,19819.7
2025-03-21 23:00:00,128.04,128.63,127.87,128.48,15461.505
2025-03-22 00:00:00,128.48,129.26,128.26,128.69,23970.194
2025-03-22 01:00:00,128.69,129.06,128.03,128.04,12310.378
2025-03-22 02:00:00,128.04,128.45,127.81,128.11,6235.721
2025-03-22 03:00:00,128.11,129.37,128.05,128.87,52725.492
2025-03-22 04:00:00,128.87,129.52,128.64,129.34,12169.572
2025-03-22 05:00:00,129.34,129.47,128.77,129.1,5865.591
2025-03-22 06:00:00,129.1,129.74,128.83,129.22,12313.055
2025-03-22 07:00:00,129.22,129.57,128.56,128.82,11117.13
2025-03-22 08:00:00,128.82,129.53,128.77,129.41,6166.583
2025-03-22 09:00:00,129.41,131.39,129.4,130.71,33514.834
2025-03-22 10:00:00,130.71,131.84,130.62,131.29,22303.9
2025-03-22 11:00:00,131.29,131.61,130.25,130.36,26057.309
2025-03-22 12:00:00,130.36,130.55,129.94,130.1,12636.319
2025-03-22 13:00:00,130.1,130.3,129.18,129.57,24506.745
2025-03-22 14:00:00,129.57,129.66,128.86,128.9,11962.972
2025-03-22 15:00:00,128.9,129.39,128.63,129.23,19706.71
2025-03-22 16:00:00,129.23,129.39,128.88,129.24,8125.937
2025-03-22 17:00:00,129.24,129.62,128.99,129.43,7772.847
2025-03-22 18:00:00,129.43,129.98,129.3,129.76,15086.971
2025-03-22 19:00:00,129.76,130.27,129.64,129.99,16527.847
2025-03-22 20:00:00,129.99,130.06,129.09,129.12,11022.292
2025-03-22 21:00:00,129.12,129.72,128.33,128.55,13406.542
2025-03-22 22:00:00,128.55,128.86,128.36,128.74,9576.504
2025-03-22 23:00:00,128.74,128.77,128.13,128.51,8907.983
2025-03-23 00:00:00,128.51,128.9,128.21,128.76,7374.03
2025-03-23 01:00:00,128.76,129.35,128.57,129.26,8293.647
2025-03-23 02:00:00,129.26,129.98,129.02,129.96,7203.988
2025-03-23 03:00:00,129.96,130.86,129.6,130.82,12894.317
2025-03-23 04:00:00,130.82,130.95,129.71,129.97,26857.221
2025-03-23 05:00:00,129.97,130.52,129.74,130.42,10883.136
2025-03-23 06:00:00,130.42,131.0,130.28,130.6,22272.933
2025-03-23 07:00:00,130.6,131.48,130.55,131.15,14634.326
2025-03-23 08:00:00,131.15,131.42,130.95,131.05,10563.09
2025-03-23 09:00:00,131.05,131.59,131.05,131.34,12789.718
2025-03-23 10:00:00,131.34,132.75,131.34,132.38,36496.147
2025-03-23 11:00:00,132.38,134.04,132.38,133.1,48568.011
2025-03-23 12:00:00,133.1,133.69,133.1,133.26,23417.331
2025-03-23 13:00:00,133.26,133.85,132.72,133.6,26254.199
2025-03-23 14:00:00,133.6,133.76,131.58,132.35,34446.284
2025-03-23 15:00:00,132.35,133.07,132.32,132.5,26726.607
2025-03-23 16:00:00,132.5,132.74,131.73,131.99,19175.721
2025-03-23 17:00:00,131.99,132.35,130.89,131.27,14529.748
2025-03-23 18:00:00,131.27,131.28,130.6,130.8,20889.388
2025-03-23 19:00:00,130.8,131.11,130.34,130.54,16352.219
2025-03-23 20:00:00,130.54,131.19,130.54,130.63,14233.999
2025-03-23 21:00:00,130.63,131.19,130.21,131.1,12889.054
2025-03-23 22:00:00,131.1,131.78,130.98,131.44,25744.919
2025-03-23 23:00:00,131.44,132.84,131.34,132.82,18015.374
2025-03-24 00:00:00,132.82,135.0,132.05,134.72,40011.652
2025-03-24 01:00:00,134.72,135.33,132.92,133.01,171896.157
2025-03-24 02:00:00,133.01,135.19,132.85,134.96,39069.211
2025-03-24 03:00:00,134.96,138.47,134.65,138.17,89338.138
2025-03-24 04:00:00,138.17,139.4,138.17,139.18,85978.129
2025-03-24 05:00:00,139.18,139.28,137.86,138.02,37336.051
2025-03-24 06:00:00,138.02,138.9,137.88,137.96,53786.226
2025-03-24 07:00:00,137.96,139.12,137.77,138.89,22866.433
2025-03-24 08:00:00,138.89,140.89,138.61,140.25,49414.401
2025-03-24 09:00:00,140.25,140.56,139.55,139.89,24578.255
2025-03-24 10:00:00,139.89,142.42,139.84,141.84,50812.984
2025-03-24 11:00:00,141.84,144.09,141.23,143.39,55749.494
2025-03-24 12:00:00,143.39,143.83,142.38,143.18,47036.61
2025-03-24 13:00:00,143.18,144.49,142.42,144.48,42212.444
2025-03-24 14:00:00,144.48,144.97,142.35,142.49,79284.743
2025-03-24 15:00:00,142.49,143.47,142.33,143.24,26350.905
2025-03-24 16:00:00,143.24,143.44,141.77,142.08,62232.822
2025-03-24 17:00:00,142.08,142.85,141.97,142.4,32500.74
2025-03-24 18:00:00,142.4,142.73,141.29,142.24,37310.301
2025-03-24 19:00:00,142.24,142.94,141.84,142.77,19259.408
2025-03-24 20:00:00,142.77,143.69,141.78,141.84,21394.083
2025-03-24 21:00:00,141.84,142.63,141.36,141.37,18611.026
2025-03-24 22:00:00,141.37,141.64,140.14,140.39,24213.127
2025-03-24 23:00:00,140.39,141.17,139.65,141.0,21794.294
2025-03-25 00:00:00,141.0,142.29,140.51,142.13,21160.067
2025-03-25 01:00:00,142.13,142.13,139.66,140.23,22920.851
2025-03-25 02:00:00,140.23,140.26,139.34,139.68,22030.2
2025-03-25 03:00:00,139.68,140.11,138.22,138.57,33227.434
2025-03-25 04:00:00,138.57,139.56,138.2,139.11,19867.974
2025-03-25 05:00:00,139.11,139.93,138.74,139.59,12178.034
2025-03-25 06:00:00,139.59,140.23,139.35,139.76,23727.334
2025-03-25 07:00:00,139.76,140.38,139.24,139.5,15799.883
2025-03-25 08:00:00,139.5,140.59,139.46,140.3,27682.148
2025-03-25 09:00:00,140.3,143.42,139.9,142.83,38445.233
2025-03-25 10:00:00,142.83,143.2,141.7,142.46,22469.481
2025-03-25 11:00:00,142.46,142.93,141.47,142.17,29751.209
2025-03-25 12:00:00,142.17,142.9,141.1,142.16,60641.516
2025-03-25 13:00:00,142.16,146.72,142.08,144.56,121970.988
2025-03-25 14:00:00,144.56,147.48,143.86,146.36,81084.885
2025-03-25 15:00:00,146.36,146.55,144.42,145.27,56529.594
2025-03-25 16:00:00,145.27,146.24,143.61,144.35,48716.367
2025-03-25 17:00:00,144.35,145.67,144.35,144.95,31895.09
2025-03-25 18:00:00,144.95,145.83,144.54,145.1,25816.759
2025-03-25 19:00:00,145.1,145.86,144.58,145.04,20597.766
2025-03-25 20:00:00,145.04,146.05,144.42,144.53,40750.128
2025-03-25 21:00:00,144.53,145.26,143.58,143.71,36533.142
2025-03-25 22:00:00,143.71,144.35,142.51,143.42,39630.129
2025-03-25 23:00:00,143.42,144.08,143.3,143.65,15756.771
2025-03-26 00:00:00,143.65,144.6,143.1,144.17,15688.093
2025-03-26 01:00:00,144.17,144.46,143.7,144.08,14880.179
2025-03-26 02:00:00,144.08,144.08,142.56,142.65,18626.201
2025-03-26 03:00:00,142.65,143.08,141.52,141.88,19282.541
2025-03-26 04:00:00,141.88,142.59,141.67,142.36,25955.154
2025-03-26 05:00:00,142.36,143.46,141.88,142.98,16492.59
2025-03-26 06:00:00,142.98,144.32,142.61,144.07,21671.21
2025-03-26 07:00:00,144.07,144.87,143.65,144.52,26321.903
2025-03-26 08:00:00,144.52,145.06,143.95,144.4,14568.104
2025-03-26 09:00:00,144.4,144.92,143.81,144.34,16194.071
2025-03-26 10:00:00,144.34,145.35,144.01,144.83,28268.58
2025-03-26 11:00:00,144.83,145.49,144.42,144.62,43007.781
2025-03-26 12:00:00,144.62,145.08,143.64,144.93,20401.837
2025-03-26 13:00:00,144.93,144.93,141.2,141.25,84269.333
2025-03-26 14:00:00,141.25,142.03,138.92,140.02,107564.32
2025-03-26 15:00:00,140.02,140.44,138.93,139.34,60996.17
2025-03-26 16:00:00,139.34,140.21,138.95,139.41,29213.164
2025-03-26 17:00:00,139.41,139.58,137.87,137.94,30846.247
2025-03-26 18:00:00,137.94,138.72,137.16,137.36,35818.953
2025-03-26 19:00:00,137.36,138.24,136.23,137.46,81272.411
2025-03-26 20:00:00,137.46,138.49,137.27,137.96,36196.651
2025-03-26 21:00:00,137.96,138.14,136.27,137.43,38843.048
2025-03-26 22:00:00,137.43,137.44,136.21,136.86,26821.329
2025-03-26 23:00:00,136.86,137.43,135.88,137.37,23484.121
2025-03-27 00:00:00,137.37,138.04,136.81,138.0,22764.914
2025-03-27 01:00:00,138.0,138.59,137.81,138.47,15883.081
2025-03-27 02:00:00,138.47,140.2,138.37,139.48,30709.738
2025-03-27 03:00:00,139.48,140.0,138.75,139.94,19646.57
2025-03-27 04:00:00,139.94,140.07,138.9,139.56,17956.188
2025-03-27 05:00:00,139.56,139.57,138.41,138.58,15758.309
2025-03-27 06:00:00,138.58,139.17,137.93,138.45,32887.663
2025-03-27 07:00:00,138.45,139.46,138.02,138.88,20327.331
2025-03-27 08:00:00,138.88,139.28,138.03,138.37,42510.012
2025-03-27 09:00:00,138.37,138.62,137.53,138.24,27546.974
2025-03-27 10:00:00,138.24,138.87,137.32,137.7,29517.504
2025-03-27 11:00:00,137.7,138.44,137.12,137.41,31034.281
2025-03-27 12:00:00,137.41,138.28,136.89,137.53,48041.697
2025-03-27 13:00:00,137.53,138.11,135.66,137.06,44728.08
2025-03-27 14:00:00,137.06,139.8,137.01,139.76,51492.617
2025-03-27 15:00:00,139.76,139.8,137.78,137.79,39933.116
2025-03-27 16:00:00,137.79,139.06,137.73,137.96,22994.942
2025-03-27 17:00:00,137.96,138.59,137.36,137.55,20820.199
2025-03-27 18:00:00,137.55,139.3,137.45,138.89,20346.478
2025-03-27 19:00:00,138.89,139.69,138.6,139.06,13136.246
2025-03-27 20:00:00,139.06,139.45,138.71,139.12,14293.762
2025-03-27 21:00:00,139.12,139.95,138.81,139.64,10892.718
2025-03-27 22:00:00,139.64,139.81,138.87,138.9,19839.569
2025-03-27 23:00:00,138.9,139.13,138.11,138.45,33958.069
2025-03-28 00:00:00,138.45,138.53,136.76,137.85,56924.178
2025-03-28 01:00:00,137.85,139.11,137.22,138.32,53429.708
2025-03-28 02:00:00,138.32,138.95,137.61,137.84,46148.329
2025-03-28 03:00:00,137.84,138.02,136.0,136.81,101112.73
2025-03-28 04:00:00,136.81,137.31,133.57,134.3,179845.909
2025-03-28 05:00:00,134.3,134.3,133.34,133.38,88092.518
2025-03-28 06:00:00,133.38,134.57,133.09,133.19,74208.875
2025-03-28 07:00:00,133.19,133.46,131.38,131.62,133932.316
2025-03-28 08:00:00,131.62,132.64,131.12,131.3,122832.897
2025-03-28 09:00:00,131.3,131.72,130.63,130.85,87515.94
2025-03-28 10:00:00,130.85,131.32,130.39,130.88,80381.168
2025-03-28 11:00:00,130.88,131.99,130.49,131.9,119453.142
2025-03-28 12:00:00,131.9,132.4,130.58,130.79,140945.352
2025-03-28 13:00:00,130.79,131.88,129.5,129.93,107600.916
2025-03-28 14:00:00,129.93,130.42,129.13,130.09,117013.818
2025-03-28 15:00:00,130.09,130.41,129.27,129.9,79647.688
2025-03-28 16:00:00,129.9,130.3,129.03,129.41,32000.777
2025-03-28 17:00:00,129.41,130.11,129.12,130.08,14897.107
2025-03-28 18:00:00,130.08,130.19,129.14,129.6,21853.088
2025-03-28 19:00:00,129.6,129.72,129.12,129.43,21798.457
2025-03-28 20:00:00,129.43,130.45,127.72,128.35,68024.044
2025-03-28 21:00:00,128.35,129.29,127.81,129.04,26913.363
2025-03-28 22:00:00,129.04,129.88,129.02,129.82,18512.087
2025-03-28 23:00:00,129.82,129.85,129.11,129.48,13260.104
2025-03-29 00:00:00,129.48,130.53,129.38,129.78,25305.664
2025-03-29 01:00:00,129.78,129.98,129.15,129.47,18092.994
2025-03-29 02:00:00,129.47,129.73,127.11,127.15,36167.999
2025-03-29 03:00:00,127.15,129.17,126.57,128.81,49053.141
2025-03-29 04:00:00,128.81,129.1,127.95,128.62,20572.692
2025-03-29 05:00:00,128.62,128.62,127.33,127.79,22749.388
2025-03-29 06:00:00,127.79,127.8,126.25,126.98,29874.687
2025-03-29 07:00:00,126.98,127.13,125.44,126.39,28918.349
2025-03-29 08:00:00,126.39,127.09,126.22,126.87,20032.823
2025-03-29 09:00:00,126.87,127.09,125.6,126.68,26850.361
2025-03-29 10:00:00,126.68,126.84,125.63,125.89,32254.063
2025-03-29 11:00:00,125.89,126.06,124.33,125.28,55498.617
2025-03-29 12:00:00,125.28,125.87,124.99,125.49,23515.568
2025-03-29 13:00:00,125.49,126.76,125.47,126.75,38197.163
2025-03-29 14:00:00,126.75,126.82,125.73,125.93,49776.806
2025-03-29 15:00:00,125.93,126.55,125.91,126.31,14458.876
2025-03-29 16:00:00,126.31,126.77,125.1,125.3,40770.263
2025-03-29 17:00:00,125.3,125.82,123.7,124.54,71955.028
2025-03-29 18:00:00,124.54,125.67,124.4,124.89,20219.401
2025-03-29 19:00:00,124.89,125.29,124.39,125.29,20032.435
2025-03-29 20:00:00,125.29,125.42,123.82,124.01,20423.882
2025-03-29 21:00:00,124.01,124.81,123.28,124.44,27737.962
2025-03-29 22:00:00,124.44,124.44,122.68,123.42,48984.253
2025-03-29 23:00:00,123.42,124.73,123.19,124.56,30999.268
2025-03-30 00:00:00,124.56,124.87,123.48,124.73,25849.05
2025-03-30 01:00:00,124.73,125.5,124.69,125.32,24621.209
2025-03-30 02:00:00,125.32,126.4,125.18,126.21,35536.432
2025-03-30 03:00:00,126.21,126.59,125.65,125.71,28699.61
2025-03-30 04:00:00,125.71,126.47,125.68,126.23,20651.115
2025-03-30 05:00:00,126.23,126.55,125.74,125.93,19773.73
2025-03-30 06:00:00,125.93,126.06,125.13,125.86,18237.427
2025-03-30 07:00:00,125.86,126.26,125.28,125.46,14451.361
2025-03-30 08:00:00,125.46,126.25,125.41,126.17,9704.858
2025-03-30 09:00:00,126.17,126.2,125.6,126.06,17303.432
2025-03-30 10:00:00,126.06,126.44,124.77,124.96,23956.335
2025-03-30 11:00:00,124.96,125.9,124.64,125.1,21489.734
2025-03-30 12:00:00,125.1,125.42,124.7,125.05,13980.279
2025-03-30 13:00:00,125.05,125.08,123.11,123.48,41220.065
2025-03-30 14:00:00,123.48,125.06,123.41,124.72,45824.332
2025-03-30 15:00:00,124.72,125.59,124.53,124.91,16753.411
2025-03-30 16:00:00,124.91,125.25,123.31,123.7,18261.464
2025-03-30 17:00:00,123.7,124.67,123.0,124.48,36779.269
2025-03-30 18:00:00,124.48,126.83,124.48,126.2,42908.758
2025-03-30 19:00:00,126.2,127.07,125.71,125.84,24812.694
2025-03-30 20:00:00,125.84,126.36,125.23,125.36,11154.662
2025-03-30 21:00:00,125.36,126.14,124.32,124.79,15925.696
2025-03-30 22:00:00,124.79,125.98,123.15,125.07,57690.311
2025-03-30 23:00:00,125.07,125.16,123.88,124.82,30201.782
2025-03-31 00:00:00,124.82,125.13,122.71,123.8,67688.874
2025-03-31 01:00:00,123.8,126.51,123.63,126.23,64338.18
2025-03-31 02:00:00,126.23,127.61,125.57,126.58,29541.753
2025-03-31 03:00:00,126.58,127.18,124.21,124.58,35158.153
2025-03-31 04:00:00,124.58,125.49,124.33,124.99,20804.215
2025-03-31 05:00:00,124.99,126.67,124.85,126.01,30597.629
2025-03-31 06:00:00,126.01,126.53,125.24,126.29,26487.513
2025-03-31 07:00:00,126.29,127.04,125.28,125.9,36135.088
2025-03-31 08:00:00,125.9,126.7,125.27,125.4,28421.084
2025-03-31 09:00:00,125.4,125.47,123.44,123.92,49101.775
2025-03-31 10:00:00,123.92,124.78,123.06,124.57,40750.034
2025-03-31 11:00:00,124.57,124.81,123.41,124.3,26320.952
2025-03-31 12:00:00,124.3,126.14,123.67,125.89,68185.398
2025-03-31 13:00:00,125.89,126.27,123.24,125.49,78763.987
2025-03-31 14:00:00,125.49,127.22,125.43,126.72,73420.855
2025-03-31 15:00:00,126.72,127.81,126.72,126.78,54963.605
2025-03-31 16:00:00,126.78,127.36,125.88,125.98,24184.42
2025-03-31 17:00:00,125.98,126.56,123.8,124.07,92490.418
2025-03-31 18:00:00,124.07,126.52,124.07,125.66,62264.069
2025-03-31 19:00:00,125.66,126.24,125.1,125.22,36798.167
2025-03-31 20:00:00,125.22,125.97,125.1,125.36,19758.547
2025-03-31 21:00:00,125.36,126.26,125.34,125.72,14984.61
2025-03-31 22:00:00,125.72,125.97,124.83,125.53,67557.659
2025-03-31 23:00:00,125.53,126.15,124.51,124.54,48413.421
2025-04-01 00:00:00,124.54,125.19,124.05,124.52,30782.423
2025-04-01 01:00:00,124.52,124.73,123.76,124.51,38236.439
2025-04-01 02:00:00,124.51,126.29,124.45,126.24,29104.703
2025-04-01 03:00:00,126.24,126.71,125.76,126.06,20063.295
2025-04-01 04:00:00,126.06,126.27,125.6,126.17,11968.743
2025-04-01 05:00:00,126.17,126.78,125.94,125.98,15077.706
2025-04-01 06:00:00,125.98,126.74,125.63,126.55,25182.831
2025-04-01 07:00:00,126.55,126.69,126.03,126.69,15856.832
2025-04-01 08:00:00,126.69,130.01,126.65,129.37,99581.351
2025-04-01 09:00:00,129.37,129.84,128.43,129.27,39972.354
2025-04-01 10:00:00,129.27,129.34,127.83,127.91,48638.962
2025-04-01 11:00:00,127.91,128.2,127.13,127.59,40683.937
2025-04-01 12:00:00,127.59,127.91,126.43,127.17,40315.558
2025-04-01 13:00:00,127.17,128.38,126.91,127.62,52290.026
2025-04-01 14:00:00,127.62,127.83,124.68,127.05,89388.342
2025-04-01 15:00:00,127.05,130.43,126.78,129.28,113940.26
2025-04-01 16:00:00,129.28,129.63,128.13,128.25,43801.214
2025-04-01 17:00:00,128.25,128.43,127.06,127.28,34399.077
2025-04-01 18:00:00,127.28,127.31,125.52,126.5,66197.911
2025-04-01 19:00:00,126.5,127.13,126.44,126.8,25115.532
2025-04-01 20:00:00,126.8,126.81,125.29,126.41,35508.033
2025-04-01 21:00:00,126.41,126.78,126.11,126.33,13462.68
2025-04-01 22:00:00,126.33,127.24,125.91,126.78,27463.352
2025-04-01 23:00:00,126.78,127.56,126.17,126.69,22061.446
2025-04-02 00:00:00,126.69,126.99,126.05,126.25,41950.169
2025-04-02 01:00:00,126.25,126.28,125.41,125.72,20367.317
2025-04-02 02:00:00,125.72,125.77,124.11,124.77,37882.643
2025-04-02 03:00:00,124.77,125.33,124.21,124.33,12660.042
2025-04-02 04:00:00,124.33,125.02,124.23,124.9,13064.902
2025-04-02 05:00:00,124.9,124.9,123.47,123.73,44347.086
2025-04-02 06:00:00,123.73,124.6,123.68,124.02,20710.062
2025-04-02 07:00:00,124.02,124.81,123.91,124.53,30386.287
2025-04-02 08:00:00,124.53,125.83,124.29,125.44,44540.855
2025-04-02 09:00:00,125.44,126.74,125.31,126.05,42947.581
2025-04-02 10:00:00,126.05,126.5,125.46,125.73,17347.982
2025-04-02 11:00:00,125.73,126.32,125.65,125.7,11589.22
2025-04-02 12:00:00,125.7,126.8,125.14,126.62,39760.297
2025-04-02 13:00:00,126.62,127.94,125.14,126.2,126685.281
2025-04-02 14:00:00,126.2,128.14,126.13,127.71,57837.86
2025-04-02 15:00:00,127.71,131.08,127.62,130.4,196044.101
2025-04-02 16:00:00,130.4,131.8,130.0,131.14,99928.982
2025-04-02 17:00:00,131.14,131.5,129.26,129.64,50800.679
2025-04-02 18:00:00,129.64,130.32,129.15,129.99,25935.185
2025-04-02 19:00:00,129.99,131.53,129.99,131.44,24632.254
2025-04-02 20:00:00,131.44,136.29,126.84,128.01,580344.062
2025-04-02 21:00:00,128.01,128.28,124.59,125.34,118264.317
2025-04-02 22:00:00,125.34,125.34,118.22,118.67,233971.412
2025-04-02 23:00:00,118.67,119.55,117.15,117.4,123005.558
2025-04-03 00:00:00,117.4,120.15,116.25,119.97,128570.205
2025-04-03 01:00:00,119.97,120.44,118.61,119.42,93690.109
2025-04-03 02:00:00,119.42,120.84,119.05,120.8,31784.095
2025-04-03 03:00:00,120.8,120.95,119.71,119.81,36613.673
2025-04-03 04:00:00,119.81,120.87,119.42,120.32,31330.741
2025-04-03 05:00:00,120.32,120.63,118.77,118.97,37790.445
2025-04-03 06:00:00,118.97,119.33,117.9,118.28,49455.129
2025-04-03 07:00:00,118.28,118.97,117.9,118.65,46778.605
2025-04-03 08:00:00,118.65,119.24,118.08,118.9,57357.067
2025-04-03 09:00:00,118.9,119.1,117.71,117.91,30776.558
2025-04-03 10:00:00,117.91,118.38,115.43,115.97,88527.989
2025-04-03 11:00:00,115.97,116.57,115.16,115.76,47264.597
2025-04-03 12:00:00,115.76,116.03,112.6,113.1,145528.257
2025-04-03 13:00:00,113.1,115.58,112.85,114.8,104724.486
2025-04-03 14:00:00,114.8,114.87,112.24,112.63,84085.869
2025-04-03 15:00:00,112.63,114.48,112.56,114.18,57584.506
2025-04-03 16:00:00,114.18,114.84,113.44,113.68,41692.064
2025-04-03 17:00:00,113.68,114.79,113.26,114.23,33108.572
2025-04-03 18:00:00,114.23,115.99,113.8,115.11,64410.957
2025-04-03 19:00:00,115.11,115.78,114.89,115.4,37696.978
2025-04-03 20:00:00,115.4,116.55,115.1,116.24,32754.314
2025-04-03 21:00:00,116.24,117.4,115.99,117.19,38466.313
2025-04-03 22:00:00,117.19,117.36,116.49,116.98,45476.83
2025-04-03 23:00:00,116.98,117.43,116.02,117.15,36757.164
2025-04-04 00:00:00,117.15,117.4,115.96,116.01,25177.232
2025-04-04 01:00:00,116.01,116.37,114.65,114.92,36491.672
2025-04-04 02:00:00,114.92,116.46,114.92,115.55,22256.145
2025-04-04 03:00:00,115.55,115.76,114.92,115.41,21274.452
2025-04-04 04:00:00,115.41,115.44,114.72,115.03,22788.834
2025-04-04 05:00:00,115.03,116.57,114.74,116.51,28117.554
2025-04-04 06:00:00,116.51,116.91,116.08,116.1,24868.17
2025-04-04 07:00:00,116.1,118.35,116.03,118.17,53515.107
2025-04-04 08:00:00,118.17,119.17,118.13,118.92,45777.796
2025-04-04 09:00:00,118.92,119.94,118.55,119.62,39145.018
2025-04-04 10:00:00,119.62,119.76,114.88,115.03,135662.78
2025-04-04 11:00:00,115.03,115.52,113.28,114.54,92086.531
2025-04-04 12:00:00,114.54,116.42,113.89,115.62,124142.65
2025-04-04 13:00:00,115.62,116.67,114.07,116.39,89362.305
2025-04-04 14:00:00,116.39,117.82,115.31,117.44,115753.081
2025-04-04 15:00:00,117.44,121.0,117.4,118.59,194308.991
2025-04-04 16:00:00,118.59,122.86,118.25,121.79,125961.179
2025-04-04 17:00:00,121.79,123.96,119.65,123.11,145602.701
2025-04-04 18:00:00,123.11,123.24,121.44,121.74,63617.648
2025-04-04 19:00:00,121.74,123.02,121.38,122.61,42384.265
2025-04-04 20:00:00,122.61,123.89,121.78,123.38,43979.994
2025-04-04 21:00:00,123.38,124.0,122.91,123.13,37783.524
2025-04-04 22:00:00,123.13,123.87,122.85,123.32,33554.065
2025-04-04 23:00:00,123.32,123.39,122.06,122.78,21708.721
2025-04-05 00:00:00,122.78,122.84,121.86,122.24,24127.228
2025-04-05 01:00:00,122.24,122.81,121.67,121.87,39290.696
2025-04-05 02:00:00,121.87,122.01,120.71,121.02,27536.137
2025-04-05 03:00:00,121.02,121.26,120.67,120.74,15101.538
2025-04-05 04:00:00,120.74,121.33,120.39,120.65,15908.758
2025-04-05 05:00:00,120.65,121.07,120.4,120.67,10818.957
2025-04-05 06:00:00,120.67,121.12,120.2,120.65,13343.817
2025-04-05 07:00:00,120.65,121.24,120.2,121.1,12922.808
2025-04-05 08:00:00,121.1,121.47,120.7,121.2,12680.413
2025-04-05 09:00:00,121.2,121.96,121.14,121.86,14024.636
2025-04-05 10:00:00,121.86,121.95,120.79,120.91,10074.522
2025-04-05 11:00:00,120.91,121.07,119.75,120.3,35878.495
2025-04-05 12:00:00,120.3,120.34,118.85,119.16,26197.162
2025-04-05 13:00:00,119.16,119.29,117.56,117.86,39731.307
2025-04-05 14:00:00,117.86,118.47,117.19,118.13,34917.117
2025-04-05 15:00:00,118.13,118.16,117.17,117.56,18420.325
2025-04-05 16:00:00,117.56,118.27,117.54,117.86,13924.3
2025-04-05 17:00:00,117.86,118.52,117.64,117.97,13715.587
2025-04-05 18:00:00,117.97,119.04,117.87,118.96,12206.688
2025-04-05 19:00:00,118.96,119.38,118.38,118.63,17231.364
2025-04-05 20:00:00,118.63,119.38,118.41,119.28,14976.234
2025-04-05 21:00:00,119.28,119.46,118.73,118.93,12534.539
2025-04-05 22:00:00,118.93,119.57,118.84,119.22,15003.7
2025-04-05 23:00:00,119.22,120.55,119.16,120.3,19482.668
2025-04-06 00:00:00,120.3,120.64,119.78,120.37,16526.844
2025-04-06 01:00:00,120.37,121.13,120.12,120.42,18061.183
2025-04-06 02:00:00,120.42,120.86,119.78,120.02,17993.959
2025-04-06 03:00:00,120.02,120.38,119.41,119.97,15455.05
2025-04-06 04:00:00,119.97,120.07,119.42,119.83,8065.868
2025-04-06 05:00:00,119.83,120.48,119.65,120.3,11554.397
2025-04-06 06:00:00,120.3,120.58,119.31,119.39,11312.098
2025-04-06 07:00:00,119.39,119.51,118.81,119.2,13742.455
2025-04-06 08:00:00,119.2,119.62,118.49,119.56,13401.776
2025-04-06 09:00:00,119.56,120.18,119.28,119.75,12643.321
2025-04-06 10:00:00,119.75,119.76,118.7,119.17,16810.996
2025-04-06 11:00:00,119.17,119.17,118.16,118.61,18751.59
2025-04-06 12:00:00,118.61,118.85,116.2,116.46,39769.451
2025-04-06 13:00:00,116.46,116.48,114.32,114.7,69712.39
2025-04-06 14:00:00,114.7,115.8,114.31,115.69,59510.026
2025-04-06 15:00:00,115.69,115.91,114.84,114.98,19897.661
2025-04-06 16:00:00,114.98,115.28,113.71,114.05,43856.406
2025-04-06 17:00:00,114.05,114.4,110.57,111.41,129750.17
2025-04-06 18:00:00,111.41,111.47,107.33,107.7,217447.108
2025-04-06 19:00:00,107.7,108.61,106.28,108.09,119974.017
2025-04-06 20:00:00,108.09,108.55,105.44,106.54,181338.101
2025-04-06 21:00:00,106.54,107.79,106.26,106.91,52049.485
2025-04-06 22:00:00,106.91,108.29,105.76,105.98,134834.822
2025-04-06 23:00:00,105.98,106.5,103.83,105.89,129474.211
2025-04-07 00:00:00,105.89,106.27,103.27,104.79,99690.677
2025-04-07 01:00:00,104.79,107.81,104.79,107.46,76551.065
2025-04-07 02:00:00,107.46,107.63,105.37,105.91,35700.715
2025-04-07 03:00:00,105.91,106.12,102.2,103.23,78774.881
2025-04-07 04:00:00,103.23,103.75,101.62,102.58,82174.026
2025-04-07 05:00:00,102.58,103.12,101.12,101.93,88526.051
2025-04-07 06:00:00,101.93,102.67,95.2,97.15,412100.02
2025-04-07 07:00:00,97.15,98.86,97.06,97.14,179901.715
2025-04-07 08:00:00,97.14,101.58,96.92,100.48,182913.751
2025-04-07 09:00:00,100.48,101.79,99.06,100.34,111150.294
2025-04-07 10:00:00,100.34,102.64,100.29,100.35,105599.751
2025-04-07 11:00:00,100.35,101.15,99.2,100.29,78038.881
2025-04-07 12:00:00,100.29,103.17,99.73,102.98,119240.957
2025-04-07 13:00:00,102.98,107.23,100.74,106.56,256631.427
2025-04-07 14:00:00,106.56,113.01,104.58,107.48,774347.442
2025-04-07 15:00:00,107.48,108.06,103.7,106.67,259886.767
2025-04-07 16:00:00,106.67,106.8,103.56,103.86,88336.972
2025-04-07 17:00:00,103.86,107.99,103.83,107.59,115532.578
2025-04-07 18:00:00,107.59,107.69,105.87,105.96,78599.162
2025-04-07 19:00:00,105.96,106.99,105.26,105.75,57679.255
2025-04-07 20:00:00,105.75,108.0,105.75,107.38,40912.167
2025-04-07 21:00:00,107.38,108.67,106.63,107.95,45299.351
2025-04-07 22:00:00,107.95,109.3,107.64,108.6,38963.695
2025-04-07 23:00:00,108.6,108.72,106.71,106.99,42870.47
2025-04-08 00:00:00,106.99,107.74,106.67,107.05,35084.949
2025-04-08 01:00:00,107.05,111.37,106.69,111.04,73544.143
2025-04-08 02:00:00,111.04,112.58,110.7,111.27,85486.496
2025-04-08 03:00:00,111.27,111.77,110.49,111.35,79010.838
2025-04-08 04:00:00,111.35,112.18,111.09,111.72,43047.494
2025-04-08 05:00:00,111.72,111.88,110.19,110.52,33201.768
2025-04-08 06:00:00,110.52,110.52,108.6,108.66,37096.503
2025-04-08 07:00:00,108.66,109.15,107.96,108.7,37176.38
2025-04-08 08:00:00,108.7,108.78,107.16,108.14,39128.384
2025-04-08 09:00:00,108.14,108.97,107.86,108.44,45980.752
2025-04-08 10:00:00,108.44,109.66,108.26,108.84,31785.452
2025-04-08 11:00:00,108.84,111.8,108.68,111.53,66769.861
2025-04-08 12:00:00,111.53,111.92,109.44,109.99,52977.23
2025-04-08 13:00:00,109.99,112.21,109.5,110.19,125215.256
2025-04-08 14:00:00,110.19,111.21,107.61,107.83,111192.496
2025-04-08 15:00:00,107.83,108.52,106.68,107.2,73271.463
2025-04-08 16:00:00,107.2,107.3,103.65,104.32,106531.423
2025-04-08 17:00:00,104.32,105.83,102.95,105.12,123824.995
2025-04-08 18:00:00,105.12,106.96,104.57,105.75,88424.794
2025-04-08 19:00:00,105.75,106.11,103.44,104.06,71190.336
2025-04-08 20:00:00,104.06,106.19,103.66,106.01,48990.86
2025-04-08 21:00:00,106.01,106.35,105.31,105.86,24957.955
2025-04-08 22:00:00,105.86,106.47,104.53,105.48,44995.446
2025-04-08 23:00:00,105.48,105.85,104.45,105.4,48993.651
2025-04-09 00:00:00,105.4,106.57,104.24,104.71,63782.085
2025-04-09 01:00:00,104.71,105.05,101.27,104.25,139657.228
2025-04-09 02:00:00,104.25,105.76,103.48,103.57,49394.746
2025-04-09 03:00:00,103.57,103.91,102.66,103.15,41054.976
2025-04-09 04:00:00,103.15,106.08,103.04,105.14,91535.608
2025-04-09 05:00:00,105.14,106.03,104.96,105.37,34479.098
2025-04-09 06:00:00,105.37,106.77,105.29,105.72,55478.21
2025-04-09 07:00:00,105.72,107.84,105.64,107.39,83038.138
2025-04-09 08:00:00,107.39,108.27,106.61,107.33,44717.026
2025-04-09 09:00:00,107.33,107.58,106.15,106.62,55333.1
2025-04-09 10:00:00,106.62,107.37,106.06,106.87,45665.915
2025-04-09 11:00:00,106.87,106.9,102.76,103.44,122356.396
2025-04-09 12:00:00,103.44,104.93,102.32,104.48,69507.364
2025-04-09 13:00:00,104.48,107.06,103.9,106.01,106746.47
2025-04-09 14:00:00,106.01,107.44,105.55,105.85,73396.716
2025-04-09 15:00:00,105.85,107.12,105.84,106.55,29824.598
2025-04-09 16:00:00,106.55,108.38,106.23,108.27,42885.425
2025-04-09 17:00:00,108.27,119.66,107.26,119.36,515729.603
2025-04-09 18:00:00,119.36,120.74,117.5,117.66,223975.481
2025-04-09 19:00:00,117.66,119.66,117.65,118.94,60183.578
2025-04-09 20:00:00,118.94,120.25,118.64,120.11,44208.392
2025-04-09 21:00:00,120.11,120.49,118.06,119.56,58061.793
2025-04-09 22:00:00,119.56,120.4,119.0,119.23,30932.925
2025-04-09 23:00:00,119.23,119.5,118.42,119.07,29930.587
2025-04-10 00:00:00,119.07,119.32,116.79,117.58,43604.217
2025-04-10 01:00:00,117.58,118.04,116.58,117.0,22313.965
2025-04-10 02:00:00,117.0,117.57,116.75,116.96,14897.011
2025-04-10 03:00:00,116.96,117.02,114.5,115.49,34193.835
2025-04-10 04:00:00,115.49,115.88,114.72,115.72,35723.083
2025-04-10 05:00:00,115.72,116.56,115.4,116.15,34291.014
2025-04-10 06:00:00,116.15,116.96,115.95,116.09,33148.799
2025-04-10 07:00:00,116.09,116.64,114.07,114.77,47379.307
2025-04-10 08:00:00,114.77,115.17,114.12,114.6,32172.153
2025-04-10 09:00:00,114.6,115.22,114.26,114.87,32559.207
2025-04-10 10:00:00,114.87,114.89,113.73,114.46,35173.16
2025-04-10 11:00:00,114.46,114.6,113.38,113.96,30072.448
2025-04-10 12:00:00,113.96,115.74,112.87,113.4,115909.158
2025-04-10 13:00:00,113.4,113.84,111.91,112.76,93915.436
2025-04-10 14:00:00,112.76,114.56,112.44,112.89,64739.376
2025-04-10 15:00:00,112.89,113.16,109.38,109.59,104830.891
2025-04-10 16:00:00,109.59,110.31,108.5,109.42,91816.333
2025-04-10 17:00:00,109.42,110.67,108.32,110.46,60495.975
2025-04-10 18:00:00,110.46,111.47,110.15,111.38,39352.276
2025-04-10 19:00:00,111.38,111.91,110.77,111.36,26943.092
2025-04-10 20:00:00,111.36,112.88,111.28,112.84,23747.268
2025-04-10 21:00:00,112.84,112.88,111.94,112.36,20216.862
2025-04-10 22:00:00,112.36,113.39,112.12,112.67,29140.22
2025-04-10 23:00:00,112.67,113.06,112.33,112.82,23361.62
2025-04-11 00:00:00,112.82,113.42,112.16,112.26,40612.314
2025-04-11 01:00:00,112.26,114.25,112.21,114.22,36287.299
2025-04-11 02:00:00,114.22,115.57,113.71,114.39,38287.977
2025-04-11 03:00:00,114.39,115.76,114.38,115.4,39454.175
2025-04-11 04:00:00,115.4,116.32,115.17,115.49,33838.435
2025-04-11 05:00:00,115.49,116.15,115.02,116.07,24422.933
2025-04-11 06:00:00,116.07,117.76,116.07,116.98,43752.359
2025-04-11 07:00:00,116.98,117.05,116.21,116.61,46624.957
2025-04-11 08:00:00,116.61,117.96,115.9,117.6,101877.319
2025-04-11 09:00:00,117.6,118.57,116.97,118.23,59630.871
2025-04-11 10:00:00,118.23,119.13,117.68,118.71,66667.436
2025-04-11 11:00:00,118.71,119.39,117.7,118.04,58305.912
2025-04-11 12:00:00,118.04,119.17,117.58,117.91,67559.35
2025-04-11 13:00:00,117.91,121.55,117.64,120.58,147884.272
2025-04-11 14:00:00,120.58,121.03,118.58,119.73,126467.205
2025-04-11 15:00:00,119.73,120.3,118.6,119.93,94418.716
2025-04-11 16:00:00,119.93,120.62,118.69,119.99,63214.382
2025-04-11 17:00:00,119.99,122.09,119.85,121.45,107696.988
2025-04-11 18:00:00,121.45,121.83,119.85,119.96,65461.336
2025-04-11 19:00:00,119.96,120.95,119.94,120.92,32038.664
2025-04-11 20:00:00,120.92,121.98,120.63,121.64,30006.659
2025-04-11 21:00:00,121.64,122.68,120.96,121.17,37966.317
2025-04-11 22:00:00,121.17,121.43,120.76,121.16,26900.638
2025-04-11 23:00:00,121.16,121.91,120.01,121.41,34475.741
2025-04-12 00:00:00,121.41,122.22,120.83,121.2,57988.033
2025-04-12 01:00:00,121.2,121.83,120.64,121.19,36613.416
2025-04-12 02:00:00,121.19,121.52,119.41,119.66,37070.879
2025-04-12 03:00:00,119.66,120.5,119.59,120.19,21267.136
2025-04-12 04:00:00,120.19,123.92,119.81,122.71,76459.687
2025-04-12 05:00:00,122.71,122.96,122.13,122.39,48474.758
2025-04-12 06:00:00,122.39,123.62,122.38,122.93,44069.584
2025-04-12 07:00:00,122.93,124.57,122.77,124.25,58935.953
2025-04-12 08:00:00,124.25,125.52,124.03,124.32,50623.811
2025-04-12 09:00:00,124.32,125.01,124.05,124.66,56189.411
2025-04-12 10:00:00,124.66,124.94,124.02,124.38,48340.846
2025-04-12 11:00:00,124.38,125.31,124.37,124.59,29597.881
2025-04-12 12:00:00,124.59,126.63,124.4,126.39,50022.235
2025-04-12 13:00:00,126.39,128.99,126.12,128.6,99142.256
2025-04-12 14:00:00,128.6,131.61,128.22,130.62,136625.359
2025-04-12 15:00:00,130.62,131.75,129.77,130.5,99813.305
2025-04-12 16:00:00,130.5,131.42,129.22,129.69,93179.374
2025-04-12 17:00:00,129.69,129.86,128.21,129.07,79544.854
2025-04-12 18:00:00,129.07,131.07,129.02,130.96,39862.733
2025-04-12 19:00:00,130.96,131.54,129.77,130.7,45677.338
2025-04-12 20:00:00,130.7,134.07,130.65,132.77,92174.014
2025-04-12 21:00:00,132.77,133.03,131.03,132.73,54939.945
2025-04-12 22:00:00,132.73,133.95,131.94,132.07,43883.696
2025-04-12 23:00:00,132.07,132.67,131.65,132.24,46820.203
2025-04-13 00:00:00,132.24,133.72,131.68,133.02,62989.644
2025-04-13 01:00:00,133.02,134.0,131.06,131.39,62725.905
2025-04-13 02:00:00,131.39,133.27,130.9,132.9,39342.662
2025-04-13 03:00:00,132.9,133.22,131.6,131.81,33312.779
2025-04-13 04:00:00,131.81,132.02,129.95,130.21,61954.894
2025-04-13 05:00:00,130.21,130.63,129.54,129.94,46217.545
2025-04-13 06:00:00,129.94,130.2,128.93,128.99,39842.043
2025-04-13 07:00:00,128.99,129.74,128.17,128.54,28272.37
2025-04-13 08:00:00,128.54,129.97,128.19,129.94,42951.079
2025-04-13 09:00:00,129.94,131.59,129.5,131.49,45400.064
2025-04-13 10:00:00,131.49,131.52,130.18,130.82,44873.181
2025-04-13 11:00:00,130.82,130.9,128.85,129.83,51166.09
2025-04-13 12:00:00,129.83,130.42,129.26,129.77,29038.795
2025-04-13 13:00:00,129.77,130.12,126.82,127.64,90220.827
2025-04-13 14:00:00,127.64,129.26,127.32,128.61,64693.957
2025-04-13 15:00:00,128.61,128.94,127.59,128.72,53154.287
2025-04-13 16:00:00,128.72,130.02,128.67,129.64,42044.831
2025-04-13 17:00:00,129.64,132.58,129.46,131.64,83469.608
2025-04-13 18:00:00,131.64,132.3,131.15,131.43,41867.161
2025-04-13 19:00:00,131.43,131.51,127.06,128.21,100418.25
2025-04-13 20:00:00,128.21,129.83,126.09,126.74,96099.353
2025-04-13 21:00:00,126.74,127.6,125.33,127.38,63372.506
2025-04-13 22:00:00,127.38,127.87,126.76,127.14,29486.682
2025-04-13 23:00:00,127.14,129.23,126.8,128.36,50319.418
2025-04-14 00:00:00,128.36,131.71,127.97,130.33,82588.155
2025-04-14 01:00:00,130.33,131.67,129.88,130.62,32042.042
2025-04-14 02:00:00,130.62,136.12,130.11,133.44,116308.77
2025-04-14 03:00:00,133.44,133.63,131.2,131.7,59153.334
2025-04-14 04:00:00,131.7,134.33,131.67,133.65,44368.471
2025-04-14 05:00:00,133.65,134.2,132.2,132.92,26920.34
2025-04-14 06:00:00,132.92,132.96,131.73,132.14,21493.256
2025-04-14 07:00:00,132.14,132.88,131.13,132.3,44459.581
2025-04-14 08:00:00,132.3,133.68,131.83,133.08,61996.004
2025-04-14 09:00:00,133.08,133.93,131.53,131.99,75735.406
2025-04-14 10:00:00,131.99,134.19,131.94,133.78,102084.106
2025-04-14 11:00:00,133.78,133.91,132.57,133.53,60191.125
2025-04-14 12:00:00,133.53,134.33,132.42,133.96,46003.565
2025-04-14 13:00:00,133.96,134.76,131.21,131.58,111461.287
2025-04-14 14:00:00,131.58,134.78,131.17,133.37,69710.827
2025-04-14 15:00:00,133.37,133.45,128.12,128.8,114946.605
2025-04-14 16:00:00,128.8,130.13,128.08,129.15,78073.519
2025-04-14 17:00:00,129.15,130.83,128.99,130.18,52219.246
2025-04-14 18:00:00,130.18,130.86,129.45,130.36,27660.344
2025-04-14 19:00:00,130.36,131.99,130.32,131.08,31279.245
2025-04-14 20:00:00,131.08,131.2,129.48,130.2,26021.865
2025-04-14 21:00:00,130.2,130.26,128.63,129.57,22543.871
2025-04-14 22:00:00,129.57,129.79,128.86,129.67,13192.822
2025-04-14 23:00:00,129.67,130.29,129.18,129.4,20465.993
2025-04-15 00:00:00,129.4,129.49,127.72,129.19,43554.978
2025-04-15 01:00:00,129.19,130.5,127.83,130.36,27592.41
2025-04-15 02:00:00,130.36,130.51,128.28,129.52,32220.806
2025-04-15 03:00:00,129.52,130.75,129.27,130.53,30776.803
2025-04-15 04:00:00,130.53,130.94,129.68,130.87,18748.59
2025-04-15 05:00:00,130.87,132.3,130.83,131.28,29792.666
2025-04-15 06:00:00,131.28,131.66,130.71,131.0,19982.825
2025-04-15 07:00:00,131.0,131.97,131.0,131.55,12589.135
2025-04-15 08:00:00,131.55,132.16,131.38,131.72,38301.825
2025-04-15 09:00:00,131.72,133.55,131.51,133.54,45424.765
2025-04-15 10:00:00,133.54,133.91,131.69,132.33,46017.128
2025-04-15 11:00:00,132.33,132.65,131.63,132.16,27077.055
2025-04-15 12:00:00,132.16,133.06,131.25,132.59,41814.961
2025-04-15 13:00:00,132.59,134.49,131.96,132.09,86376.686
2025-04-15 14:00:00,132.09,132.8,129.85,130.7,93474.613
2025-04-15 15:00:00,130.7,131.69,129.11,129.61,59717.503
2025-04-15 16:00:00,129.61,130.6,129.28,129.68,28636.76
2025-04-15 17:00:00,129.68,129.97,127.92,128.24,45163.931
2025-04-15 18:00:00,128.24,128.61,127.33,128.15,46910.877
2025-04-15 19:00:00,128.15,128.71,127.38,127.87,32354.145
2025-04-15 20:00:00,127.87,128.34,126.77,127.71,41473.611
2025-04-15 21:00:00,127.71,128.58,127.43,128.09,31668.141
2025-04-15 22:00:00,128.09,128.09,125.82,126.48,72406.158
2025-04-15 23:00:00,126.48,127.12,126.02,126.11,42136.722
2025-04-16 00:00:00,126.11,127.33,125.07,125.2,51667.72
2025-04-16 01:00:00,125.2,126.51,124.82,126.2,35091.64
2025-04-16 02:00:00,126.2,127.08,125.8,126.98,45248.323
2025-04-16 03:00:00,126.98,127.27,126.2,126.44,20353.777
2025-04-16 04:00:00,126.44,126.68,125.15,125.91,38240.643
2025-04-16 05:00:00,125.91,126.57,124.3,125.35,49517.516
2025-04-16 06:00:00,125.35,126.4,125.09,126.08,25238.404
2025-04-16 07:00:00,126.08,126.34,124.56,124.75,41532.855
2025-04-16 08:00:00,124.75,125.66,123.45,125.12,84862.089
2025-04-16 09:00:00,125.12,125.67,124.32,124.35,38447.195
2025-04-16 10:00:00,124.35,125.94,124.23,125.88,24233.729
2025-04-16 11:00:00,125.88,126.63,124.91,126.26,41254.12
2025-04-16 12:00:00,126.26,126.54,125.18,125.24,42035.741
2025-04-16 13:00:00,125.24,126.17,124.43,124.65,51136.553
2025-04-16 14:00:00,124.65,128.15,124.63,127.82,93940.855
2025-04-16 15:00:00,127.82,129.59,127.75,128.36,75101.541
2025-04-16 16:00:00,128.36,129.37,126.94,128.82,64569.486
2025-04-16 17:00:00,128.82,130.95,124.83,125.15,166524.761
2025-04-16 18:00:00,125.15,128.82,125.09,128.57,122214.91
2025-04-16 19:00:00,128.57,133.87,128.55,132.43,146019.089
2025-04-16 20:00:00,132.43,133.67,131.47,131.68,96739.089
2025-04-16 21:00:00,131.68,133.44,131.58,132.96,41545.502
2025-04-16 22:00:00,132.96,133.13,131.97,132.11,17933.738
2025-04-16 23:00:00,132.11,132.3,130.79,131.32,30391.167
2025-04-17 00:00:00,131.32,131.71,130.74,131.7,37207.535
2025-04-17 01:00:00,131.7,132.67,131.22,132.09,21069.094
2025-04-17 02:00:00,132.09,132.19,130.32,131.34,38907.922
2025-04-17 03:00:00,131.34,131.74,129.47,129.76,74838.642
2025-04-17 04:00:00,129.76,131.09,129.59,131.09,25278.275
2025-04-17 05:00:00,131.09,133.51,131.01,133.13,44972.173
2025-04-17 06:00:00,133.13,135.31,132.62,134.48,56690.042
2025-04-17 07:00:00,134.48,135.6,133.87,134.27,54477.336
2025-04-17 08:00:00,134.27,134.99,133.12,133.38,34785.583
2025-04-17 09:00:00,133.38,134.1,132.78,133.54,45536.302
2025-04-17 10:00:00,133.54,133.7,132.71,133.11,18056.075
2025-04-17 11:00:00,133.11,133.7,132.44,133.12,21926.927
2025-04-17 12:00:00,133.12,134.48,132.94,134.07,27156.713
2025-04-17 13:00:00,134.07,134.09,132.59,132.89,38503.595
2025-04-17 14:00:00,132.89,132.94,130.56,131.44,49742.151
2025-04-17 15:00:00,131.44,133.87,131.37,133.45,49540.279
2025-04-17 16:00:00,133.45,135.17,132.71,134.59,62974.447
2025-04-17 17:00:00,134.59,135.94,134.25,135.41,47976.22
2025-04-17 18:00:00,135.41,136.2,134.27,134.28,48689.166
2025-04-17 19:00:00,134.28,134.83,132.01,132.92,59414.662
2025-04-17 20:00:00,132.92,135.3,132.91,134.92,55684.235
2025-04-17 21:00:00,134.92,135.07,133.81,134.51,23780.246
2025-04-17 22:00:00,134.51,134.8,133.4,133.46,30418.107
2025-04-17 23:00:00,133.46,134.98,133.46,134.83,20958.967
2025-04-18 00:00:00,134.83,135.07,133.77,134.25,19113.029
2025-04-18 01:00:00,134.25,135.75,133.95,135.01,45976.144
2025-04-18 02:00:00,135.01,136.0,134.47,135.3,18680.102
2025-04-18 03:00:00,135.3,135.35,134.26,134.5,18510.345
2025-04-18 04:00:00,134.5,134.64,133.62,133.84,21829.969
2025-04-18 05:00:00,133.84,134.26,133.25,134.16,15776.161
2025-04-18 06:00:00,134.16,134.48,133.38,134.35,28546.059
2025-04-18 07:00:00,134.35,134.98,133.76,134.91,31186.171
2025-04-18 08:00:00,134.91,135.51,134.44,134.75,26826.977
2025-04-18 09:00:00,134.75,135.27,134.29,134.72,21186.305
2025-04-18 10:00:00,134.72,134.85,133.55,133.86,26866.655
2025-04-18 11:00:00,133.86,134.28,133.66,134.25,31136.926
2025-04-18 12:00:00,134.25,135.17,133.81,134.89,24230.496
2025-04-18 13:00:00,134.89,134.99,134.09,134.55,27367.316
2025-04-18 14:00:00,134.55,134.86,133.02,133.3,39686.5
2025-04-18 15:00:00,133.3,133.48,132.46,132.88,40046.81
2025-04-18 16:00:00,132.88,133.51,132.69,133.4,19692.423
2025-04-18 17:00:00,133.4,134.35,133.03,133.93,17813.47
2025-04-18 18:00:00,133.93,134.18,133.53,133.97,11694.092
2025-04-18 19:00:00,133.97,134.47,133.7,134.21,11940.312
2025-04-18 20:00:00,134.21,134.31,133.46,134.07,10379.407
2025-04-18 21:00:00,134.07,134.41,133.77,134.23,7112.135
2025-04-18 22:00:00,134.23,134.35,133.9,133.91,4185.489
2025-04-18 23:00:00,133.91,134.26,133.21,134.05,16121.25
2025-04-19 00:00:00,134.05,134.32,133.56,134.18,16066.628
2025-04-19 01:00:00,134.18,135.0,134.09,134.94,20730.852
2025-04-19 02:00:00,134.94,138.3,134.84,137.45,63341.975
2025-04-19 03:00:00,137.45,139.13,137.31,138.82,45079.937
2025-04-19 04:00:00,138.82,139.45,138.25,138.33,31539.054
2025-04-19 05:00:00,138.33,138.72,137.86,138.4,16446.369
2025-04-19 06:00:00,138.4,138.51,137.78,138.19,12822.613
2025-04-19 07:00:00,138.19,139.04,138.19,138.77,27919.24
2025-04-19 08:00:00,138.77,139.28,138.47,139.11,17853.388
2025-04-19 09:00:00,139.11,139.84,138.92,139.36,42147.594
2025-04-19 10:00:00,139.36,139.97,138.82,139.05,29647.147
2025-04-19 11:00:00,139.05,139.66,138.5,138.77,25894.688
2025-04-19 12:00:00,138.77,139.2,138.51,138.79,12609.296
2025-04-19 13:00:00,138.79,139.61,138.51,139.57,19464.307
2025-04-19 14:00:00,139.57,139.74,139.25,139.61,13409.764
2025-04-19 15:00:00,139.61,140.56,138.53,138.96,43919.858
2025-04-19 16:00:00,138.96,139.19,137.73,138.0,54001.444
2025-04-19 17:00:00,138.0,139.48,137.67,138.92,49253.956
2025-04-19 18:00:00,138.92,139.08,138.44,138.6,13945.896
2025-04-19 19:00:00,138.6,138.85,138.22,138.72,9706.395
2025-04-19 20:00:00,138.72,139.14,138.32,138.76,33121.466
2025-04-19 21:00:00,138.76,139.16,138.55,138.98,23719.862
2025-04-19 22:00:00,138.98,139.67,138.8,139.61,10183.986
2025-04-19 23:00:00,139.61,139.89,139.1,139.86,13551.427
2025-04-20 00:00:00,139.86,141.41,139.38,140.3,44922.075
2025-04-20 01:00:00,140.3,141.97,140.21,141.87,48578.876
2025-04-20 02:00:00,141.87,141.95,141.25,141.42,21149.603
2025-04-20 03:00:00,141.42,141.5,140.56,140.97,18490.274
2025-04-20 04:00:00,140.97,141.6,140.66,141.2,10034.674
2025-04-20 05:00:00,141.2,141.23,140.74,140.77,13174.264
2025-04-20 06:00:00,140.77,141.22,139.73,139.9,25399.313
2025-04-20 07:00:00,139.9,139.94,138.6,139.6,42501.278
2025-04-20 08:00:00,139.6,139.78,138.66,139.09,27339.957
2025-04-20 09:00:00,139.09,139.53,138.79,139.18,54101.0
2025-04-20 10:00:00,139.18,139.59,137.8,138.31,53014.345
2025-04-20 11:00:00,138.31,138.47,135.87,136.41,100960.078
2025-04-20 12:00:00,136.41,137.45,136.06,136.92,35426.892
2025-04-20 13:00:00,136.92,137.47,136.39,137.16,23525.735
2025-04-20 14:00:00,137.16,138.02,136.93,137.57,22983.934
2025-04-20 15:00:00,137.57,137.57,135.65,135.94,34019.332
2025-04-20 16:00:00,135.94,137.04,135.71,136.94,27597.651
2025-04-20 17:00:00,136.94,137.0,136.14,136.37,12225.705
2025-04-20 18:00:00,136.37,136.77,136.1,136.48,12707.552
2025-04-20 19:00:00,136.48,137.23,136.27,137.17,15220.251
2025-04-20 20:00:00,137.17,138.49,137.0,137.25,35146.35
2025-04-20 21:00:00,137.25,137.55,136.66,137.51,17761.873
2025-04-20 22:00:00,137.51,137.52,136.34,136.77,13533.248
2025-04-20 23:00:00,136.77,137.89,136.77,137.86,17345.706
2025-04-21 00:00:00,137.86,143.24,137.66,141.2,113674.813
2025-04-21 01:00:00,141.2,142.22,140.71,141.69,42848.441
2025-04-21 02:00:00,141.69,141.89,139.37,140.19,40021.017
2025-04-21 03:00:00,140.19,140.64,139.1,139.37,31007.725
2025-04-21 04:00:00,139.37,141.19,139.21,141.08,52716.513
2025-04-21 05:00:00,141.08,141.88,140.68,140.9,53789.994
2025-04-21 06:00:00,140.9,141.47,140.68,140.85,28828.111
2025-04-21 07:00:00,140.85,141.1,140.16,140.2,17700.88
2025-04-21 08:00:00,140.2,140.82,139.92,140.62,18434.227
2025-04-21 09:00:00,140.62,141.15,139.77,140.21,20442.707
2025-04-21 10:00:00,140.21,140.31,139.41,140.05,18755.985
2025-04-21 11:00:00,140.05,140.08,138.31,138.97,34241.447
2025-04-21 12:00:00,138.97,139.54,138.22,138.32,25289.447
2025-04-21 13:00:00,138.32,138.59,137.03,137.2,92312.542
2025-04-21 14:00:00,137.2,140.15,136.77,139.73,113190.262
2025-04-21 15:00:00,139.73,139.87,137.92,138.32,45876.911
2025-04-21 16:00:00,138.32,138.78,135.42,135.61,79675.232
2025-04-21 17:00:00,135.61,135.61,133.83,134.74,99423.342
2025-04-21 18:00:00,134.74,135.55,134.41,135.2,35027.922
2025-04-21 19:00:00,135.2,137.15,135.0,136.91,41896.263
2025-04-21 20:00:00,136.91,137.4,136.36,137.23,28240.723
2025-04-21 21:00:00,137.23,137.24,136.11,136.75,15305.612
2025-04-21 22:00:00,136.75,136.82,135.98,136.07,24617.412
2025-04-21 23:00:00,136.07,136.79,135.33,136.55,27714.025
2025-04-22 00:00:00,136.55,137.23,134.66,137.21,40487.49
2025-04-22 01:00:00,137.21,139.57,136.78,139.1,54721.478
2025-04-22 02:00:00,139.1,139.69,138.31,139.22,29945.15
2025-04-22 03:00:00,139.22,139.89,138.77,139.35,32990.833
2025-04-22 04:00:00,139.35,139.58,138.66,138.82,20738.041
2025-04-22 05:00:00,138.82,139.65,138.58,139.43,18998.125
2025-04-22 06:00:00,139.43,139.79,138.45,139.33,30295.721
2025-04-22 07:00:00,139.33,140.61,139.01,140.18,32657.659
2025-04-22 08:00:00,140.18,140.67,139.16,139.24,35893.74
2025-04-22 09:00:00,139.24,139.83,138.98,139.77,17373.269
2025-04-22 10:00:00,139.77,140.18,139.28,139.86,16050.947
2025-04-22 11:00:00,139.86,140.77,139.78,140.46,19565.506
2025-04-22 12:00:00,140.46,141.93,140.07,141.43,38001.548
2025-04-22 13:00:00,141.43,144.05,141.02,143.23,113915.856
2025-04-22 14:00:00,143.23,144.88,142.64,144.21,95967.439
2025-04-22 15:00:00,144.21,145.52,143.81,145.34,86479.412
2025-04-22 16:00:00,145.34,147.68,144.09,144.74,96070.705
2025-04-22 17:00:00,144.74,145.19,144.07,144.74,44333.845
2025-04-22 18:00:00,144.74,145.21,144.46,144.83,19103.922
2025-04-22 19:00:00,144.83,145.21,143.52,144.25,39490.987
2025-04-22 20:00:00,144.25,144.79,143.44,144.54,25568.573
2025-04-22 21:00:00,144.54,149.0,144.28,147.83,79012.804
2025-04-22 22:00:00,147.83,149.55,146.8,149.11,80653.223
2025-04-22 23:00:00,149.11,150.21,148.38,148.79,73672.973
2025-04-23 00:00:00,148.79,149.44,147.64,147.92,45474.145
2025-04-23 01:00:00,147.92,149.05,147.15,147.39,33629.162
2025-04-23 02:00:00,147.39,149.07,147.36,148.47,24761.78
2025-04-23 03:00:00,148.47,149.49,148.13,149.25,27170.602
2025-04-23 04:00:00,149.25,152.02,148.6,151.52,55968.349
2025-04-23 05:00:00,151.52,151.52,150.4,150.69,96433.529
2025-04-23 06:00:00,150.69,152.29,150.5,150.75,51300.477
2025-04-23 07:00:00,150.75,151.83,150.27,151.58,37182.992
2025-04-23 08:00:00,151.58,152.85,151.03,152.5,54546.53
2025-04-23 09:00:00,152.5,153.76,151.66,151.66,45629.948
2025-04-23 10:00:00,151.66,152.84,150.98,152.67,36179.749
2025-04-23 11:00:00,152.67,153.03,151.65,152.08,28700.461
2025-04-23 12:00:00,152.08,152.47,151.71,152.23,25003.67
2025-04-23 13:00:00,152.23,154.2,149.0,149.95,154624.288
2025-04-23 14:00:00,149.95,152.39,149.14,151.11,75690.022
2025-04-23 15:00:00,151.11,151.72,148.72,151.42,99917.236
2025-04-23 16:00:00,151.42,152.19,149.61,151.1,36767.599
2025-04-23 17:00:00,151.1,152.19,150.84,151.48,38558.415
2025-04-23 18:00:00,151.48,152.45,150.6,150.61,80143.154
2025-04-23 19:00:00,150.61,150.7,148.88,150.16,38839.401
2025-04-23 20:00:00,150.16,151.27,149.86,150.98,23418.571
2025-04-23 21:00:00,150.98,151.24,150.39,150.7,12410.454
2025-04-23 22:00:00,150.7,151.58,150.5,151.38,13874.256
2025-04-23 23:00:00,151.38,151.8,150.74,151.1,12825.037
2025-04-24 00:00:00,151.1,151.43,149.79,150.13,24738.869
2025-04-24 01:00:00,150.13,150.73,149.07,150.18,18163.063
2025-04-24 02:00:00,150.18,150.75,148.8,148.93,17549.439
2025-04-24 03:00:00,148.93,149.69,147.65,147.77,38339.194
2025-04-24 04:00:00,147.77,148.61,147.58,148.42,30216.896
2025-04-24 05:00:00,148.42,148.82,147.75,148.15,17861.798
2025-04-24 06:00:00,148.15,149.15,147.81,148.03,18735.443
2025-04-24 07:00:00,148.03,148.79,146.95,147.15,35190.986
2025-04-24 08:00:00,147.15,147.7,145.11,146.46,71140.858
2025-04-24 09:00:00,146.46,147.16,146.31,146.89,26512.414
2025-04-24 10:00:00,146.89,147.33,146.58,147.03,23065.819
2025-04-24 11:00:00,147.03,147.77,146.41,147.71,23547.462
2025-04-24 12:00:00,147.71,148.6,147.11,148.54,30988.89
2025-04-24 13:00:00,148.54,149.52,148.0,148.66,28444.767
2025-04-24 14:00:00,148.66,151.02,148.56,149.76,72303.412
2025-04-24 15:00:00,149.76,151.46,149.19,149.36,90529.274
2025-04-24 16:00:00,149.36,151.69,149.22,151.11,42262.856
2025-04-24 17:00:00,151.11,151.69,148.85,150.64,52699.516
2025-04-24 18:00:00,150.64,152.46,150.56,151.88,47254.304
2025-04-24 19:00:00,151.88,152.0,151.06,151.55,21076.742
2025-04-24 20:00:00,151.55,152.31,151.25,151.25,24989.28
2025-04-24 21:00:00,151.25,151.51,150.0,150.8,20510.071
2025-04-24 22:00:00,150.8,151.44,150.58,150.97,8429.471
2025-04-24 23:00:00,150.97,152.88,150.63,152.53,29780.841
2025-04-25 00:00:00,152.53,152.86,151.86,152.23,16814.032
2025-04-25 01:00:00,152.23,154.48,152.14,152.52,34062.715
2025-04-25 02:00:00,152.52,153.17,150.53,150.96,34469.216
2025-04-25 03:00:00,150.96,151.83,150.76,151.75,14731.095
2025-04-25 04:00:00,151.75,152.5,150.78,150.89,15975.186
2025-04-25 05:00:00,150.89,151.98,150.78,151.87,25335.802
2025-04-25 06:00:00,151.87,153.99,151.72,153.34,27908.2
2025-04-25 07:00:00,153.34,154.99,152.75,154.87,54769.918
2025-04-25 08:00:00,154.87,155.04,154.26,154.37,34685.404
2025-04-25 09:00:00,154.37,154.48,153.29,154.26,45555.16
2025-04-25 10:00:00,154.26,155.0,152.95,153.0,51846.649
2025-04-25 11:00:00,153.0,154.76,153.0,154.76,31440.6
2025-04-25 12:00:00,154.76,157.0,153.17,153.6,78241.057
2025-04-25 13:00:00,153.6,153.97,152.24,153.46,44675.14
2025-04-25 14:00:00,153.46,155.94,153.46,155.0,99511.326
2025-04-25 15:00:00,155.0,155.27,152.42,152.89,99026.806
2025-04-25 16:00:00,152.89,153.19,151.57,152.52,51938.24
2025-04-25 17:00:00,152.52,153.21,150.43,150.88,57120.446
2025-04-25 18:00:00,150.88,152.08,150.78,151.08,67513.655
2025-04-25 19:00:00,151.08,151.62,150.75,151.34,46506.523
2025-04-25 20:00:00,151.34,152.27,150.68,151.72,55331.08
2025-04-25 21:00:00,151.72,152.5,149.87,150.32,37445.6
2025-04-25 22:00:00,150.32,151.33,150.29,151.1,28861.799
2025-04-25 23:00:00,151.1,151.47,150.44,150.83,10832.795
2025-04-26 00:00:00,150.83,151.78,150.83,151.46,8540.244
2025-04-26 01:00:00,151.46,153.18,151.03,152.41,20743.464
2025-04-26 02:00:00,152.41,152.55,151.47,151.6,15585.67
2025-04-26 03:00:00,151.6,152.13,151.09,151.35,9903.985
2025-04-26 04:00:00,151.35,151.61,150.45,150.49,12659.02
2025-04-26 05:00:00,150.49,151.27,150.0,150.99,15612.285
2025-04-26 06:00:00,150.99,151.98,150.85,151.7,7561.658
2025-04-26 07:00:00,151.7,152.33,151.3,151.34,21625.634
2025-04-26 08:00:00,151.34,152.34,150.48,150.79,16549.248
2025-04-26 09:00:00,150.79,150.82,148.14,149.56,47204.75
2025-04-26 10:00:00,149.56,149.79,149.09,149.13,12681.666
2025-04-26 11:00:00,149.13,149.39,147.99,148.5,37665.698
2025-04-26 12:00:00,148.5,148.98,148.1,148.31,30344.158
2025-04-26 13:00:00,148.31,149.07,147.77,149.03,16000.119
2025-04-26 14:00:00,149.03,149.1,148.18,148.53,12580.578
2025-04-26 15:00:00,148.53,149.55,148.5,149.33,10781.197
2025-04-26 16:00:00,149.33,149.47,148.63,149.06,10759.946
2025-04-26 17:00:00,149.06,149.42,148.8,149.08,12946.572
2025-04-26 18:00:00,149.08,149.15,148.55,148.55,5090.994
2025-04-26 19:00:00,148.55,149.28,148.34,149.26,6314.002
2025-04-26 20:00:00,149.26,149.43,148.37,148.37,6749.299
2025-04-26 21:00:00,148.37,148.97,148.36,148.6,10393.495
2025-04-26 22:00:00,148.6,149.7,148.57,149.18,34059.344
2025-04-26 23:00:00,149.18,149.36,148.73,149.22,7295.958
2025-04-27 00:00:00,149.22,150.42,149.01,149.69,19048.448
2025-04-27 01:00:00,149.69,150.27,146.21,146.35,45539.367
2025-04-27 02:00:00,146.35,147.82,146.06,147.09,15716.564
2025-04-27 03:00:00,147.09,147.55,146.62,147.54,10400.399
2025-04-27 04:00:00,147.54,147.87,146.35,146.43,30598.394
2025-04-27 05:00:00,146.43,146.89,145.51,146.34,19624.157
2025-04-27 06:00:00,146.34,147.06,146.26,146.97,8735.01
2025-04-27 07:00:00,146.97,147.74,146.79,147.41,7737.151
2025-04-27 08:00:00,147.41,148.63,147.35,148.36,16565.023
2025-04-27 09:00:00,148.36,148.64,148.07,148.41,8888.326
2025-04-27 10:00:00,148.41,148.64,148.0,148.62,8185.23
2025-04-27 11:00:00,148.62,148.76,147.96,147.96,13506.655
2025-04-27 12:00:00,147.96,149.02,147.25,147.85,25367.29
2025-04-27 13:00:00,147.85,149.39,147.01,149.09,35437.659
2025-04-27 14:00:00,149.09,149.76,148.75,148.99,22215.598
2025-04-27 15:00:00,148.99,149.65,148.59,149.03,15985.307
2025-04-27 16:00:00,149.03,149.54,148.22,148.6,13181.465
2025-04-27 17:00:00,148.6,149.3,148.34,149.18,10375.201
2025-04-27 18:00:00,149.18,150.28,148.95,149.74,15417.317
2025-04-27 19:00:00,149.74,150.11,149.5,150.06,13549.472
2025-04-27 20:00:00,150.06,150.11,148.74,148.75,26340.616
2025-04-27 21:00:00,148.75,149.77,148.48,149.36,12214.347
2025-04-27 22:00:00,149.36,149.4,147.85,148.56,22040.495
2025-04-27 23:00:00,148.56,148.7,147.97,147.98,12874.489
2025-04-28 00:00:00,147.98,148.54,146.78,147.06,41657.084
2025-04-28 01:00:00,147.06,147.39,144.63,144.98,54830.145
2025-04-28 02:00:00,144.98,146.21,144.65,146.06,26940.144
2025-04-28 03:00:00,146.06,149.57,145.59,148.4,43395.364
2025-04-28 04:00:00,148.4,149.55,148.4,148.73,18567.424
2025-04-28 05:00:00,148.73,149.96,148.67,149.76,35288.143
2025-04-28 06:00:00,149.76,151.36,149.64,150.82,40374.911
2025-04-28 07:00:00,150.82,151.5,150.55,151.08,28790.465
2025-04-28 08:00:00,151.08,151.8,150.89,151.51,39091.996
2025-04-28 09:00:00,151.51,151.94,151.27,151.59,28572.647
2025-04-28 10:00:00,151.59,153.38,148.95,152.46,156691.026
2025-04-28 11:00:00,152.46,152.85,151.4,151.68,26975.562
2025-04-28 12:00:00,151.68,151.82,150.63,150.65,39746.24
2025-04-28 13:00:00,150.65,151.01,147.83,148.08,61144.34
2025-04-28 14:00:00,148.08,148.89,146.94,147.31,50646.695
2025-04-28 15:00:00,147.31,147.64,145.51,146.32,60535.133
2025-04-28 16:00:00,146.32,146.74,145.38,146.17,42454.076
2025-04-28 17:00:00,146.17,147.23,145.85,147.06,42849.263
2025-04-28 18:00:00,147.06,147.08,146.33,146.66,18751.918
2025-04-28 19:00:00,146.66,148.88,146.56,148.41,32678.029
2025-04-28 20:00:00,148.41,148.44,146.54,147.01,37606.469
2025-04-28 21:00:00,147.01,147.71,146.88,147.71,18934.225
2025-04-28 22:00:00,147.71,148.2,147.16,147.96,20545.677
2025-04-28 23:00:00,147.96,148.35,147.6,147.86,15857.967
2025-04-29 00:00:00,147.86,148.64,147.25,148.19,30316.627
2025-04-29 01:00:00,148.19,149.2,147.43,148.26,21002.841
2025-04-29 02:00:00,148.26,148.39,146.95,147.54,21730.63
2025-04-29 03:00:00,147.54,147.8,147.21,147.49,10287.268
2025-04-29 04:00:00,147.49,148.06,146.24,146.38,18209.275
2025-04-29 05:00:00,146.38,146.8,145.56,146.64,21584.006
2025-04-29 06:00:00,146.64,148.27,146.58,147.98,22983.121
2025-04-29 07:00:00,147.98,148.94,147.91,148.9,20977.388
2025-04-29 08:00:00,148.9,149.53,148.66,149.36,57733.384
2025-04-29 09:00:00,149.36,149.57,148.55,149.06,96069.916
2025-04-29 10:00:00,149.06,149.24,147.61,148.25,20903.353
2025-04-29 11:00:00,148.25,149.17,148.14,148.99,11876.232
2025-04-29 12:00:00,148.99,149.22,147.78,147.81,21596.705
2025-04-29 13:00:00,147.81,148.04,146.95,147.62,28787.707
2025-04-29 14:00:00,147.62,148.39,146.88,148.25,36748.935
2025-04-29 15:00:00,148.25,148.5,147.38,148.01,14369.678
2025-04-29 16:00:00,148.01,149.74,147.69,148.36,33628.823
2025-04-29 17:00:00,148.36,149.08,147.65,148.8,14458.407
2025-04-29 18:00:00,148.8,150.34,148.43,149.85,27106.318
2025-04-29 19:00:00,149.85,150.27,149.1,149.26,22740.64
2025-04-29 20:00:00,149.26,149.54,148.16,148.57,11202.282
2025-04-29 21:00:00,148.57,148.85,145.87,147.28,27435.461
2025-04-29 22:00:00,147.28,147.28,145.81,146.05,18526.686
2025-04-29 23:00:00,146.05,146.8,144.93,146.3,64695.929
2025-04-30 00:00:00,146.3,147.07,145.95,146.7,16655.512
2025-04-30 01:00:00,146.7,146.78,145.06,146.15,21181.801
2025-04-30 02:00:00,146.15,147.3,145.79,146.98,24226.74
2025-04-30 03:00:00,146.98,148.68,146.2,148.2,79055.107
2025-04-30 04:00:00,148.2,148.4,147.26,147.56,28323.707
2025-04-30 05:00:00,147.56,147.59,146.89,147.1,26356.617
2025-04-30 06:00:00,147.1,147.88,146.78,146.99,17252.241
2025-04-30 07:00:00,146.99,147.33,146.11,146.42,20314.866
2025-04-30 08:00:00,146.42,147.03,146.07,146.78,18545.243
2025-04-30 09:00:00,146.78,147.47,146.77,147.24,14784.783
2025-04-30 10:00:00,147.24,147.71,146.9,147.55,13497.658
2025-04-30 11:00:00,147.55,147.99,147.47,147.94,11965.328
2025-04-30 12:00:00,147.94,148.0,144.28,144.82,47596.072
2025-04-30 13:00:00,144.82,144.97,140.35,140.69,120050.268
2025-04-30 14:00:00,140.69,143.37,140.47,141.99,74362.335
2025-04-30 15:00:00,141.99,142.98,141.96,142.22,51034.112
2025-04-30 16:00:00,142.22,143.24,141.39,143.09,27025.257
2025-04-30 17:00:00,143.09,145.05,142.62,144.69,28968.955
2025-04-30 18:00:00,144.69,146.04,144.54,145.6,33087.817
2025-04-30 19:00:00,145.6,146.06,144.39,145.6,40541.663
2025-04-30 20:00:00,145.6,147.4,145.33,147.01,73044.921
2025-04-30 21:00:00,147.01,147.27,146.25,146.39,24159.203
2025-04-30 22:00:00,146.39,147.4,146.35,147.14,14119.708
2025-04-30 23:00:00,147.14,148.12,146.96,147.55,18839.463
2025-05-01 00:00:00,147.55,148.46,147.54,147.97,19712.231
2025-05-01 01:00:00,147.97,149.04,147.96,148.91,36778.065
2025-05-01 02:00:00,148.91,149.61,148.57,148.67,41946.249
2025-05-01 03:00:00,148.67,149.24,148.39,148.71,17877.999
2025-05-01 04:00:00,148.71,149.03,148.02,148.54,14065.807
2025-05-01 05:00:00,148.54,149.45,148.28,149.16,12441.409
2025-05-01 06:00:00,149.16,149.29,148.27,148.72,11002.956
2025-05-01 07:00:00,148.72,150.27,148.44,149.81,37963.846
2025-05-01 08:00:00,149.81,151.02,149.57,150.75,35844.43
2025-05-01 09:00:00,150.75,151.87,150.34,151.19,51500.2
2025-05-01 10:00:00,151.19,152.23,151.18,152.04,45546.932
2025-05-01 11:00:00,152.04,152.5,151.47,151.77,46709.704
2025-05-01 12:00:00,151.77,152.31,151.25,152.08,21234.006
2025-05-01 13:00:00,152.08,152.6,150.63,150.64,47513.784
2025-05-01 14:00:00,150.64,153.15,150.63,153.02,53338.715
2025-05-01 15:00:00,153.02,153.94,151.57,151.84,48534.006
2025-05-01 16:00:00,151.84,152.84,151.61,151.66,19691.798
2025-05-01 17:00:00,151.66,152.74,151.0,151.29,51216.433
2025-05-01 18:00:00,151.29,151.41,150.07,151.1,46402.247
2025-05-01 19:00:00,151.1,151.16,150.16,150.25,18489.199
2025-05-01 20:00:00,150.25,150.78,149.87,150.19,29273.129
2025-05-01 21:00:00,150.19,150.94,150.19,150.5,9596.001
2025-05-01 22:00:00,150.5,150.74,150.03,150.24,8541.792
2025-05-01 23:00:00,150.24,150.89,150.0,150.82,9391.349
2025-05-02 00:00:00,150.82,151.69,150.53,151.46,18932.198
2025-05-02 01:00:00,151.46,151.73,150.12,150.53,15509.052
2025-05-02 02:00:00,150.53,151.0,150.06,150.62,8666.439
2025-05-02 03:00:00,150.62,150.92,150.16,150.79,5892.971
2025-05-02 04:00:00,150.79,151.07,150.13,150.19,11860.395
2025-05-02 05:00:00,150.19,150.34,149.38,149.51,18359.862
2025-05-02 06:00:00,149.51,149.76,148.59,149.01,22766.611
2025-05-02 07:00:00,149.01,149.19,148.41,148.54,18059.43
2025-05-02 08:00:00,148.54,149.64,148.44,149.34,20979.642
2025-05-02 09:00:00,149.34,149.81,149.13,149.45,7174.11
2025-05-02 10:00:00,149.45,150.3,149.45,149.92,11880.499
2025-05-02 11:00:00,149.92,150.78,149.92,150.72,11891.433
2025-05-02 12:00:00,150.72,150.97,149.37,150.93,28647.123
2025-05-02 13:00:00,150.93,150.96,150.14,150.58,20424.833
2025-05-02 14:00:00,150.58,151.91,150.58,151.56,30427.494
2025-05-02 15:00:00,151.56,151.77,149.62,149.9,35006.343
2025-05-02 16:00:00,149.9,151.43,149.9,150.19,24163.763
2025-05-02 17:00:00,150.19,150.33,149.5,149.82,20202.195
2025-05-02 18:00:00,149.82,150.5,149.51,149.56,10939.773
2025-05-02 19:00:00,149.56,149.56,147.77,148.1,36392.343
2025-05-02 20:00:00,148.1,148.39,147.45,148.27,19770.271
2025-05-02 21:00:00,148.27,148.66,147.25,147.7,24621.8
2025-05-02 22:00:00,147.7,147.91,147.3,147.72,15890.082
2025-05-02 23:00:00,147.72,148.13,147.61,148.03,9363.754
2025-05-03 00:00:00,148.03,148.47,147.74,148.09,11410.139
2025-05-03 01:00:00,148.09,148.21,147.51,148.06,10328.903
2025-05-03 02:00:00,148.06,148.98,147.97,148.75,10236.95
2025-05-03 03:00:00,148.75,149.04,148.04,148.28,9433.989
2025-05-03 04:00:00,148.28,148.57,148.1,148.11,5377.195
2025-05-03 05:00:00,148.11,148.17,147.61,147.78,9411.157
2025-05-03 06:00:00,147.78,147.92,147.42,147.86,10452.549
2025-05-03 07:00:00,147.86,148.2,147.39,148.12,5888.26
2025-05-03 08:00:00,148.12,148.39,147.66,147.92,8550.49
2025-05-03 09:00:00,147.92,148.0,146.95,147.28,17521.668
2025-05-03 10:00:00,147.28,147.65,146.69,146.79,17519.135
2025-05-03 11:00:00,146.79,147.39,146.78,147.13,10714.86
2025-05-03 12:00:00,147.13,148.11,147.13,148.08,9976.458
2025-05-03 13:00:00,148.08,148.58,148.01,148.42,11590.615
2025-05-03 14:00:00,148.42,148.83,148.05,148.48,7813.778
2025-05-03 15:00:00,148.48,149.0,148.35,148.45,9272.709
2025-05-03 16:00:00,148.45,148.46,147.27,147.39,9448.067
2025-05-03 17:00:00,147.39,147.39,145.83,146.81,24138.362
2025-05-03 18:00:00,146.81,147.44,146.46,146.72,24106.454
2025-05-03 19:00:00,146.72,147.49,146.55,147.43,11916.607
2025-05-03 20:00:00,147.43,147.77,147.16,147.51,8545.671
2025-05-03 21:00:00,147.51,147.92,146.93,147.63,9693.441
2025-05-03 22:00:00,147.63,147.77,147.29,147.4,19346.438
2025-05-03 23:00:00,147.4,147.4,146.63,146.7,7265.659
2025-05-04 00:00:00,146.7,147.1,146.01,146.42,12611.886
2025-05-04 01:00:00,146.42,147.22,145.89,147.06,10966.381
2025-05-04 02:00:00,147.06,147.7,146.06,146.34,7690.752
2025-05-04 03:00:00,146.34,146.34,145.51,145.62,12871.302
2025-05-04 04:00:00,145.62,145.93,145.23,145.45,11337.217
2025-05-04 05:00:00,145.45,146.54,145.35,146.24,10930.242
2025-05-04 06:00:00,146.24,146.38,145.56,145.67,13659.648
2025-05-04 07:00:00,145.67,146.01,145.2,145.63,15088.373
2025-05-04 08:00:00,145.63,145.96,145.07,145.34,7336.476
2025-05-04 09:00:00,145.34,145.34,144.68,144.94,15071.407
2025-05-04 10:00:00,144.94,145.58,144.76,145.43,13622.367
2025-05-04 11:00:00,145.43,145.99,145.19,145.44,10955.986
2025-05-04 12:00:00,145.44,146.07,145.43,145.53,8721.298
2025-05-04 13:00:00,145.53,145.87,144.95,145.6,10303.839
2025-05-04 14:00:00,145.6,146.67,145.51,146.52,11658.805
2025-05-04 15:00:00,146.52,147.23,146.44,146.81,20326.244
2025-05-04 16:00:00,146.81,147.15,146.45,146.82,11263.889
2025-05-04 17:00:00,146.82,147.34,146.35,147.16,14924.506
2025-05-04 18:00:00,147.16,147.8,146.57,146.57,21724.137
2025-05-04 19:00:00,146.57,146.8,145.99,146.17,12376.466
2025-05-04 20:00:00,146.17,147.14,146.1,146.96,7470.285
2025-05-04 21:00:00,146.96,147.11,146.43,147.1,7467.941
2025-05-04 22:00:00,147.1,147.15,145.02,145.16,21794.27
2025-05-04 23:00:00,145.16,145.24,143.65,143.95,38983.108
2025-05-05 00:00:00,143.95,145.45,143.74,145.13,17151.006
2025-05-05 01:00:00,145.13,145.21,142.9,143.23,27125.828
2025-05-05 02:00:00,143.23,145.05,142.51,144.76,25568.782
2025-05-05 03:00:00,144.76,145.32,144.35,144.91,14154.038
2025-05-05 04:00:00,144.91,146.52,144.91,146.32,22825.397
2025-05-05 05:00:00,146.32,147.16,146.02,147.03,17653.612
2025-05-05 06:00:00,147.03,147.36,146.6,146.78,18519.76
2025-05-05 07:00:00,146.78,147.23,146.54,146.87,15428.383
2025-05-05 08:00:00,146.87,147.07,146.34,146.57,16902.641
2025-05-05 09:00:00,146.57,146.78,146.08,146.12,20747.976
2025-05-05 10:00:00,146.12,146.18,143.73,144.21,27401.295
2025-05-05 11:00:00,144.21,144.67,143.59,144.19,15674.943
2025-05-05 12:00:00,144.19,144.98,143.88,144.62,20996.924
2025-05-05 13:00:00,144.62,144.93,143.44,144.91,22513.068
2025-05-05 14:00:00,144.91,145.43,144.22,144.53,29510.316
2025-05-05 15:00:00,144.53,144.78,143.2,143.77,26494.213
2025-05-05 16:00:00,143.77,145.42,143.66,144.98,27527.998
2025-05-05 17:00:00,144.98,146.0,144.67,145.79,13521.12
2025-05-05 18:00:00,145.79,147.13,145.61,146.69,21123.918
2025-05-05 19:00:00,146.69,147.09,146.36,146.48,16273.46
2025-05-05 20:00:00,146.48,146.6,144.95,145.6,19007.121
2025-05-05 21:00:00,145.6,147.02,145.58,146.69,16884.194
2025-05-05 22:00:00,146.69,147.76,146.68,147.34,19125.091
2025-05-05 23:00:00,147.34,147.56,146.6,146.73,12530.345
2025-05-06 00:00:00,146.73,146.85,145.81,146.16,15794.762
2025-05-06 01:00:00,146.16,146.47,144.68,144.8,17530.332
2025-05-06 02:00:00,144.8,145.0,143.83,144.43,19525.671
2025-05-06 03:00:00,144.43,144.86,144.14,144.65,16761.879
2025-05-06 04:00:00,144.65,145.05,144.35,144.96,8523.982
2025-05-06 05:00:00,144.96,145.27,144.4,144.5,8963.359
2025-05-06 06:00:00,144.5,145.35,144.49,145.35,5329.147
2025-05-06 07:00:00,145.35,145.88,144.93,145.25,21922.484
2025-05-06 08:00:00,145.25,145.28,143.69,144.64,20056.796
2025-05-06 09:00:00,144.64,144.64,143.52,144.37,12979.569
2025-05-06 10:00:00,144.37,144.38,142.93,143.1,19306.429
2025-05-06 11:00:00,143.1,143.67,142.0,142.6,32758.778
2025-05-06 12:00:00,142.6,143.17,142.49,143.04,19075.399
2025-05-06 13:00:00,143.04,143.09,141.43,141.95,24842.384
2025-05-06 14:00:00,141.95,143.96,141.93,142.74,24250.139
2025-05-06 15:00:00,142.74,143.95,142.16,143.2,16494.242
2025-05-06 16:00:00,143.2,143.88,142.43,142.48,14973.933
2025-05-06 17:00:00,142.48,144.37,142.46,143.68,19826.653
2025-05-06 18:00:00,143.68,144.9,143.59,144.84,14614.82
2025-05-06 19:00:00,144.84,145.27,144.53,144.85,24498.674
2025-05-06 20:00:00,144.85,145.02,143.63,143.98,15636.679
2025-05-06 21:00:00,143.98,144.64,143.52,144.47,12496.917
2025-05-06 22:00:00,144.47,146.78,144.44,146.14,44151.808
2025-05-06 23:00:00,146.14,147.21,145.6,146.87,57546.25
2025-05-07 00:00:00,146.87,149.19,146.65,149.03,63626.562
2025-05-07 01:00:00,149.03,149.55,148.12,148.36,30866.369
2025-05-07 02:00:00,148.36,148.61,146.66,146.81,31282.891
2025-05-07 03:00:00,146.81,146.85,145.45,146.25,31423.668
2025-05-07 04:00:00,146.25,146.78,145.85,146.21,25606.429
2025-05-07 05:00:00,146.21,146.3,145.45,145.57,14417.47
2025-05-07 06:00:00,145.57,146.28,145.5,146.05,13043.206
2025-05-07 07:00:00,146.05,147.32,146.02,147.27,10173.632
2025-05-07 08:00:00,147.27,147.96,146.94,147.84,17092.622
2025-05-07 09:00:00,147.84,148.29,147.55,147.84,16712.62
2025-05-07 10:00:00,147.84,147.94,147.39,147.77,15326.821
2025-05-07 11:00:00,147.77,147.86,147.46,147.61,21101.573
2025-05-07 12:00:00,147.61,147.76,146.83,147.2,26969.752
2025-05-07 13:00:00,147.2,147.44,146.34,146.87,18956.333
2025-05-07 14:00:00,146.87,147.55,145.82,146.11,21831.934
2025-05-07 15:00:00,146.11,146.38,145.46,145.76,37261.968
2025-05-07 16:00:00,145.76,146.47,145.11,146.26,19646.876
2025-05-07 17:00:00,146.26,146.63,145.17,145.67,25993.896
2025-05-07 18:00:00,145.67,147.35,144.71,146.59,66572.787
2025-05-07 19:00:00,146.59,146.87,145.16,145.77,31247.298
2025-05-07 20:00:00,145.77,146.37,145.48,146.37,10427.244
2025-05-07 21:00:00,146.37,147.91,146.18,147.33,20852.501
2025-05-07 22:00:00,147.33,147.94,147.19,147.75,21864.555
2025-05-07 23:00:00,147.75,148.3,147.05,147.34,21572.452
2025-05-08 00:00:00,147.34,148.93,147.07,148.83,41553.045
2025-05-08 01:00:00,148.83,150.0,147.94,148.12,41432.788
2025-05-08 02:00:00,148.12,150.31,148.04,149.81,26410.997
2025-05-08 03:00:00,149.81,151.17,149.58,150.86,40103.351
2025-05-08 04:00:00,150.86,151.94,150.74,150.85,55636.331
2025-05-08 05:00:00,150.85,151.32,150.03,150.17,39313.262
2025-05-08 06:00:00,150.17,150.69,150.13,150.63,10205.916
2025-05-08 07:00:00,150.63,151.97,150.56,151.58,43516.742
2025-05-08 08:00:00,151.58,153.3,151.54,152.82,37719.002
2025-05-08 09:00:00,152.82,154.88,152.51,154.62,36855.572
2025-05-08 10:00:00,154.62,155.29,154.36,154.87,54554.381
2025-05-08 11:00:00,154.87,154.97,153.7,154.58,42955.128
2025-05-08 12:00:00,154.58,155.86,154.19,154.55,38200.792
2025-05-08 13:00:00,154.55,155.7,154.51,154.98,32861.562
2025-05-08 14:00:00,154.98,158.62,154.27,157.05,79786.931
2025-05-08 15:00:00,157.05,163.03,156.91,160.2,207320.081
2025-05-08 16:00:00,160.2,161.06,159.41,159.97,55906.036
2025-05-08 17:00:00,159.97,160.26,158.54,158.69,40797.025
2025-05-08 18:00:00,158.69,160.38,158.69,159.94,27779.507
2025-05-08 19:00:00,159.94,160.74,159.68,160.54,32055.904
2025-05-08 20:00:00,160.54,163.47,159.79,162.85,75682.697
2025-05-08 21:00:00,162.85,164.0,160.2,160.96,63346.015
2025-05-08 22:00:00,160.96,161.69,160.36,161.45,52786.082
2025-05-08 23:00:00,161.45,164.59,161.1,164.45,28936.344
2025-05-09 00:00:00,164.45,164.45,162.36,162.4,26336.22
2025-05-09 01:00:00,162.4,163.64,162.02,163.54,20992.696
2025-05-09 02:00:00,163.54,163.6,162.2,162.53,17514.013
2025-05-09 03:00:00,162.53,163.37,161.35,161.36,27940.739
2025-05-09 04:00:00,161.36,162.02,161.06,161.86,39095.571
2025-05-09 05:00:00,161.86,162.88,161.72,162.86,30791.916
2025-05-09 06:00:00,162.86,164.68,162.45,164.27,58372.872
2025-05-09 07:00:00,164.27,166.92,164.06,165.09,101405.335
2025-05-09 08:00:00,165.09,169.99,164.77,166.37,173649.482
2025-05-09 09:00:00,166.37,167.99,164.3,166.45,103221.455
2025-05-09 10:00:00,166.45,174.5,166.15,173.98,187895.541
2025-05-09 11:00:00,173.98,176.2,171.21,172.34,295654.944
2025-05-09 12:00:00,172.34,172.79,169.58,172.53,88097.707
2025-05-09 13:00:00,172.53,173.43,170.86,172.72,57675.374
2025-05-09 14:00:00,172.72,172.72,167.41,169.32,98361.495
2025-05-09 15:00:00,169.32,171.7,168.56,170.77,69583.804
2025-05-09 16:00:00,170.77,170.93,168.61,169.05,41741.511
2025-05-09 17:00:00,169.05,172.11,168.7,171.97,51806.646
2025-05-09 18:00:00,171.97,172.53,171.27,171.77,27131.549
2025-05-09 19:00:00,171.77,172.61,170.72,171.94,36265.816
2025-05-09 20:00:00,171.94,173.05,171.56,173.01,27721.173
2025-05-09 21:00:00,173.01,173.04,171.16,172.67,29676.407
2025-05-09 22:00:00,172.67,173.62,172.1,173.34,22868.854
2025-05-09 23:00:00,173.34,173.86,172.38,172.82,20956.158
2025-05-10 00:00:00,172.82,175.24,170.7,171.37,57356.869
2025-05-10 01:00:00,171.37,172.54,171.21,171.7,12490.422
2025-05-10 02:00:00,171.7,172.67,171.28,172.14,24642.726
2025-05-10 03:00:00,172.14,172.18,171.11,171.6,13347.728
2025-05-10 04:00:00,171.6,171.6,170.17,170.87,24657.356
2025-05-10 05:00:00,170.87,171.33,169.76,171.2,19621.023
2025-05-10 06:00:00,171.2,172.34,171.11,172.15,39684.689
2025-05-10 07:00:00,172.15,172.53,171.24,172.31,33434.191
2025-05-10 08:00:00,172.31,173.43,171.2,171.63,38402.455
2025-05-10 09:00:00,171.63,172.06,170.6,171.67,36951.054
2025-05-10 10:00:00,171.67,172.32,170.32,170.35,21411.755
2025-05-10 11:00:00,170.35,170.74,168.78,168.99,52349.932
2025-05-10 12:00:00,168.99,171.34,168.98,171.16,25365.48
2025-05-10 13:00:00,171.16,171.98,170.97,171.7,33252.278
2025-05-10 14:00:00,171.7,172.0,170.29,171.65,18716.3
2025-05-10 15:00:00,171.65,171.85,170.93,171.09,17762.686
2025-05-10 16:00:00,171.09,172.47,170.85,171.85,29223.738
2025-05-10 17:00:00,171.85,173.79,171.54,171.83,47034.271
2025-05-10 18:00:00,171.83,172.53,171.13,172.51,25360.86
2025-05-10 19:00:00,172.51,172.8,171.57,172.2,30087.157
2025-05-10 20:00:00,172.2,172.95,171.4,172.69,18751.881
2025-05-10 21:00:00,172.69,174.51,172.38,174.15,28296.104
2025-05-10 22:00:00,174.15,175.13,173.01,174.97,39573.761
2025-05-10 23:00:00,174.97,178.92,174.57,177.9,92774.394
2025-05-11 00:00:00,177.9,179.5,172.99,179.19,176095.845
2025-05-11 01:00:00,179.19,180.29,175.47,176.98,125495.215
2025-05-11 02:00:00,176.98,177.88,174.76,175.82,30886.42
2025-05-11 03:00:00,175.82,176.71,174.91,175.86,26010.365
2025-05-11 04:00:00,175.86,177.72,175.76,177.26,65008.433
2025-05-11 05:00:00,177.26,177.58,176.12,176.18,31266.82
2025-05-11 06:00:00,176.18,176.26,173.86,174.77,87048.841
2025-05-11 07:00:00,174.77,174.78,172.32,172.64,51710.159
2025-05-11 08:00:00,172.64,173.95,172.58,172.98,28228.73
2025-05-11 09:00:00,172.98,175.04,172.78,174.41,25708.375
2025-05-11 10:00:00,174.41,174.82,173.3,174.64,23231.559
2025-05-11 11:00:00,174.64,174.89,173.95,174.78,20288.674
2025-05-11 12:00:00,174.78,175.77,173.62,174.09,33566.0
2025-05-11 13:00:00,174.09,174.76,170.92,170.97,39725.015
2025-05-11 14:00:00,170.97,172.13,170.88,171.91,28843.181
2025-05-11 15:00:00,171.91,172.95,169.38,170.49,40052.947
2025-05-11 16:00:00,170.49,171.74,169.42,170.53,32728.799
2025-05-11 17:00:00,170.53,171.92,170.23,171.86,35758.765
2025-05-11 18:00:00,171.86,173.27,170.83,172.68,31798.876
2025-05-11 19:00:00,172.68,173.44,172.19,172.75,22797.226
2025-05-11 20:00:00,172.75,172.85,171.73,172.36,17569.982
2025-05-11 21:00:00,172.36,173.27,171.67,173.18,15872.936
2025-05-11 22:00:00,173.18,173.85,171.27,171.97,18757.426
2025-05-11 23:00:00,171.97,173.26,171.88,173.2,10339.204
2025-05-12 00:00:00,173.2,175.78,173.07,174.51,40685.552
2025-05-12 01:00:00,174.51,176.03,171.78,173.75,39650.42
2025-05-12 02:00:00,173.75,176.9,172.94,174.01,55023.8
2025-05-12 03:00:00,174.01,174.91,173.06,174.91,25245.309
2025-05-12 04:00:00,174.91,176.13,174.11,175.83,30813.062
2025-05-12 05:00:00,175.83,176.18,173.64,174.57,35512.427
2025-05-12 06:00:00,174.57,176.01,173.83,175.73,44317.833
2025-05-12 07:00:00,175.73,179.74,174.93,176.11,308123.816
2025-05-12 08:00:00,176.11,177.04,173.62,176.57,81502.826
2025-05-12 09:00:00,176.57,176.95,175.46,175.69,26998.204
2025-05-12 10:00:00,175.69,176.16,174.78,175.97,22594.298
2025-05-12 11:00:00,175.97,176.44,173.79,174.09,39957.565
2025-05-12 12:00:00,174.09,176.94,173.99,176.38,39690.201
2025-05-12 13:00:00,176.38,180.59,175.8,179.34,167390.126
2025-05-12 14:00:00,179.34,181.4,175.29,175.86,177287.735
2025-05-12 15:00:00,175.86,177.21,174.1,174.45,109407.681
2025-05-12 16:00:00,174.45,176.29,173.29,175.96,39137.286
2025-05-12 17:00:00,175.96,176.67,171.78,172.13,56474.965
2025-05-12 18:00:00,172.13,172.72,168.33,170.42,100483.362
2025-05-12 19:00:00,170.42,171.63,169.77,171.21,45134.776
2025-05-12 20:00:00,171.21,172.83,170.42,172.27,26322.505
2025-05-12 21:00:00,172.27,172.95,171.92,172.7,15251.147
2025-05-12 22:00:00,172.7,174.66,172.13,173.72,21388.615
2025-05-12 23:00:00,173.72,174.83,173.63,174.2,26514.779
2025-05-13 00:00:00,174.2,174.38,171.61,171.72,18829.419
2025-05-13 01:00:00,171.72,172.59,169.61,171.07,63565.01
2025-05-13 02:00:00,171.07,171.45,168.25,168.99,61496.788
2025-05-13 03:00:00,168.99,169.67,166.94,166.99,45613.884
2025-05-13 04:00:00,166.99,170.06,166.19,169.88,23087.448
2025-05-13 05:00:00,169.88,170.48,168.86,169.85,32582.634
2025-05-13 06:00:00,169.85,171.77,169.85,171.15,35657.393
2025-05-13 07:00:00,171.15,172.42,171.0,171.53,19427.671
2025-05-13 08:00:00,171.53,172.87,170.98,172.57,27458.566
2025-05-13 09:00:00,172.57,174.0,172.33,173.7,39923.323
2025-05-13 10:00:00,173.7,174.33,173.02,174.08,21710.946
2025-05-13 11:00:00,174.08,175.17,173.65,174.02,42084.148
2025-05-13 12:00:00,174.02,175.58,172.95,174.22,71331.205
2025-05-13 13:00:00,174.22,175.83,173.69,174.36,41510.452
2025-05-13 14:00:00,174.36,174.58,172.15,173.29,51535.669
2025-05-13 15:00:00,173.29,176.28,173.15,176.05,42100.84
2025-05-13 16:00:00,176.05,177.82,175.69,176.59,76025.807
2025-05-13 17:00:00,176.59,179.03,176.47,178.36,61115.301
2025-05-13 18:00:00,178.36,179.23,177.95,179.05,64768.974
2025-05-13 19:00:00,179.05,184.42,178.23,182.05,198535.183
2025-05-13 20:00:00,182.05,183.42,180.36,183.13,62694.586
2025-05-13 21:00:00,183.13,183.34,181.68,182.74,37028.512
2025-05-13 22:00:00,182.74,183.24,182.2,182.94,28690.191
2025-05-13 23:00:00,182.94,184.86,182.35,183.73,96947.532
2025-05-14 00:00:00,183.73,184.05,181.68,182.09,41585.153
2025-05-14 01:00:00,182.09,184.86,182.01,182.92,50502.571
2025-05-14 02:00:00,182.92,183.14,179.1,180.48,65279.246
2025-05-14 03:00:00,180.48,180.74,179.16,180.29,24769.129
2025-05-14 04:00:00,180.29,182.06,179.86,181.69,91881.355
2025-05-14 05:00:00,181.69,183.3,181.05,182.81,33298.533
2025-05-14 06:00:00,182.81,184.0,182.4,183.72,32944.249
2025-05-14 07:00:00,183.72,183.89,180.62,181.75,35766.112
2025-05-14 08:00:00,181.75,182.65,178.28,178.45,62547.791
2025-05-14 09:00:00,178.45,179.88,175.82,179.79,61925.172
2025-05-14 10:00:00,179.79,181.19,179.29,179.38,28673.313
2025-05-14 11:00:00,179.38,181.93,179.38,181.06,34039.86
2025-05-14 12:00:00,181.06,181.86,179.81,180.27,22416.434
2025-05-14 13:00:00,180.27,181.07,177.38,178.93,61578.857
2025-05-14 14:00:00,178.93,178.97,176.5,177.0,114599.355
2025-05-14 15:00:00,177.0,177.4,175.61,177.36,64066.705
2025-05-14 16:00:00,177.36,177.68,174.95,175.97,65500.668
2025-05-14 17:00:00,175.97,176.09,173.24,175.88,64012.327
2025-05-14 18:00:00,175.88,176.75,175.12,176.69,36923.754
2025-05-14 19:00:00,176.69,177.61,176.37,177.1,32492.697
2025-05-14 20:00:00,177.1,177.44,176.61,176.81,19010.351
2025-05-14 21:00:00,176.81,177.69,175.81,177.5,22116.964
2025-05-14 22:00:00,177.5,177.56,175.33,176.09,33357.518
2025-05-14 23:00:00,176.09,176.87,175.21,176.63,20104.704
2025-05-15 00:00:00,176.63,178.33,176.6,177.65,20625.262
2025-05-15 01:00:00,177.65,177.9,174.1,174.58,39229.888
2025-05-15 02:00:00,174.58,176.47,174.29,175.88,26344.613
2025-05-15 03:00:00,175.88,176.29,174.06,174.1,19507.003
2025-05-15 04:00:00,174.1,175.32,173.89,174.97,18671.48
2025-05-15 05:00:00,174.97,175.07,172.75,173.21,76052.268
2025-05-15 06:00:00,173.21,174.5,172.88,173.19,56620.415
2025-05-15 07:00:00,173.19,173.55,169.79,170.42,88516.84
2025-05-15 08:00:00,170.42,173.1,170.2,172.81,59527.268
2025-05-15 09:00:00,172.81,172.83,169.6,170.77,58905.102
2025-05-15 10:00:00,170.77,170.94,168.74,170.04,44949.042
2025-05-15 11:00:00,170.04,171.52,169.83,171.06,38162.092
2025-05-15 12:00:00,171.06,172.85,170.22,171.0,67131.399
2025-05-15 13:00:00,171.0,171.98,168.17,169.77,78411.36
2025-05-15 14:00:00,169.77,170.7,166.99,169.57,97690.14
2025-05-15 15:00:00,169.57,172.56,168.78,172.22,68335.821
2025-05-15 16:00:00,172.22,173.97,170.82,173.97,70422.493
2025-05-15 17:00:00,173.97,174.49,172.77,173.12,50735.272
2025-05-15 18:00:00,173.12,173.32,169.26,169.56,54585.193
2025-05-15 19:00:00,169.56,170.83,167.74,169.78,79154.679
2025-05-15 20:00:00,169.78,170.65,168.53,169.68,49875.512
2025-05-15 21:00:00,169.68,169.77,166.73,169.02,45659.083
2025-05-15 22:00:00,169.02,170.33,168.2,168.23,26418.657
2025-05-15 23:00:00,168.23,169.55,166.98,169.15,30939.716
2025-05-16 00:00:00,169.15,172.17,168.66,170.31,29842.897
2025-05-16 01:00:00,170.31,172.03,168.97,171.91,28707.416
2025-05-16 02:00:00,171.91,173.67,171.87,172.67,39211.942
2025-05-16 03:00:00,172.67,172.96,171.9,172.63,20406.571
2025-05-16 04:00:00,172.63,173.21,171.15,171.95,26526.539
2025-05-16 05:00:00,171.95,173.53,171.94,172.91,20506.982
2025-05-16 06:00:00,172.91,173.15,172.27,172.43,14855.887
2025-05-16 07:00:00,172.43,173.05,171.59,172.16,17813.959
2025-05-16 08:00:00,172.16,172.42,169.39,170.11,28222.16
2025-05-16 09:00:00,170.11,172.78,170.11,172.68,19046.179
2025-05-16 10:00:00,172.68,173.55,172.0,173.21,47168.212
2025-05-16 11:00:00,173.21,174.19,172.41,172.83,42027.673
2025-05-16 12:00:00,172.83,173.4,172.14,172.14,19940.868
2025-05-16 13:00:00,172.14,174.12,171.89,173.84,43939.945
2025-05-16 14:00:00,173.84,173.84,170.85,171.54,51737.643
2025-05-16 15:00:00,171.54,173.27,171.51,172.12,53077.901
2025-05-16 16:00:00,172.12,172.74,170.05,171.1,40617.751
2025-05-16 17:00:00,171.1,172.25,170.0,170.38,21080.298
2025-05-16 18:00:00,170.38,171.38,169.79,170.31,27223.083
2025-05-16 19:00:00,170.31,171.57,169.82,171.45,24167.992
2025-05-16 20:00:00,171.45,171.45,168.84,169.63,34475.639
2025-05-16 21:00:00,169.63,170.31,168.61,169.05,40377.837
2025-05-16 22:00:00,169.05,169.11,166.36,167.43,85569.117
2025-05-16 23:00:00,167.43,168.46,167.05,167.44,29404.586
2025-05-17 00:00:00,167.44,168.31,165.68,166.81,49665.996
2025-05-17 01:00:00,166.81,166.81,164.0,165.1,45447.175
2025-05-17 02:00:00,165.1,167.01,164.15,166.57,62142.463
2025-05-17 03:00:00,166.57,168.57,165.35,168.28,27886.152
2025-05-17 04:00:00,168.28,169.51,167.92,168.9,25517.709
2025-05-17 05:00:00,168.9,169.19,167.27,167.52,26536.692
2025-05-17 06:00:00,167.52,169.35,167.52,169.1,21278.732
2025-05-17 07:00:00,169.1,170.0,167.98,168.59,20283.64
2025-05-17 08:00:00,168.59,169.42,168.02,168.08,20659.049
2025-05-17 09:00:00,168.08,168.84,167.02,167.75,22184.87
2025-05-17 10:00:00,167.75,168.69,167.06,167.56,14037.921
2025-05-17 11:00:00,167.56,168.14,166.74,167.61,14421.432
2025-05-17 12:00:00,167.61,168.09,167.14,167.27,13928.187
2025-05-17 13:00:00,167.27,167.66,165.79,166.46,43790.15
2025-05-17 14:00:00,166.46,168.1,166.43,168.03,46580.606
2025-05-17 15:00:00,168.03,168.23,167.3,167.31,11292.089
2025-05-17 16:00:00,167.31,167.51,164.25,165.24,63078.098
2025-05-17 17:00:00,165.24,166.77,164.89,165.73,33867.699
2025-05-17 18:00:00,165.73,167.05,165.64,165.75,35847.294
2025-05-17 19:00:00,165.75,166.34,164.99,165.26,15772.924
2025-05-17 20:00:00,165.26,167.95,164.7,167.5,34805.723
2025-05-17 21:00:00,167.5,167.68,166.73,167.03,20824.586
2025-05-17 22:00:00,167.03,167.07,164.37,165.31,26005.214
2025-05-17 23:00:00,165.31,166.13,164.77,165.98,14794.142
2025-05-18 00:00:00,165.98,167.46,165.87,167.26,20715.398
2025-05-18 01:00:00,167.26,167.81,166.1,167.27,10131.42
2025-05-18 02:00:00,167.27,167.63,166.57,167.06,9407.344
2025-05-18 03:00:00,167.06,167.92,166.57,166.91,34639.259
2025-05-18 04:00:00,166.91,168.63,166.89,168.55,28086.488
2025-05-18 05:00:00,168.55,170.14,168.54,169.93,22419.541
2025-05-18 06:00:00,169.93,169.98,169.02,169.29,17921.998
2025-05-18 07:00:00,169.29,170.74,169.13,170.67,13464.616
2025-05-18 08:00:00,170.67,172.0,170.67,171.18,58782.245
2025-05-18 09:00:00,171.18,171.55,170.58,171.02,20526.64
2025-05-18 10:00:00,171.02,171.59,170.65,171.39,12918.177
2025-05-18 11:00:00,171.39,171.71,170.07,170.75,59115.379
2025-05-18 12:00:00,170.75,171.71,170.19,171.7,62052.398
2025-05-18 13:00:00,171.7,172.93,171.45,172.79,55030.728
2025-05-18 14:00:00,172.79,174.86,172.31,174.36,66194.393
2025-05-18 15:00:00,174.36,176.66,173.61,176.27,51937.484
2025-05-18 16:00:00,176.27,176.8,175.0,175.85,45362.282
2025-05-18 17:00:00,175.85,175.89,172.18,172.31,80604.637
2025-05-18 18:00:00,172.31,172.43,169.0,170.28,162612.005
2025-05-18 19:00:00,170.28,170.74,166.51,166.6,103107.352
2025-05-18 20:00:00,166.6,167.39,164.55,167.16,130666.2
2025-05-18 21:00:00,167.16,168.93,167.15,167.56,32164.188
2025-05-18 22:00:00,167.56,170.17,166.15,170.07,49704.79
2025-05-18 23:00:00,170.07,174.27,169.03,173.27,74288.45
2025-05-19 00:00:00,173.27,173.92,167.71,168.08,73174.629
2025-05-19 01:00:00,168.08,168.71,166.53,167.84,53222.351
2025-05-19 02:00:00,167.84,168.55,165.96,166.83,41697.574
2025-05-19 03:00:00,166.83,167.01,165.0,165.37,29079.441
2025-05-19 04:00:00,165.37,166.84,162.53,163.41,68985.305
2025-05-19 05:00:00,163.41,163.76,162.29,162.71,37754.994
2025-05-19 06:00:00,162.71,163.39,159.42,159.64,110318.548
2025-05-19 07:00:00,159.64,162.44,159.43,161.9,58554.517
2025-05-19 08:00:00,161.9,162.36,160.82,161.54,30237.72
2025-05-19 09:00:00,161.54,162.64,160.46,161.68,42924.718
2025-05-19 10:00:00,161.68,162.04,160.77,161.69,26106.203
2025-05-19 11:00:00,161.69,162.73,161.19,162.19,33617.641
2025-05-19 12:00:00,162.19,162.33,160.15,160.93,41966.44
2025-05-19 13:00:00,160.93,163.62,160.57,162.69,52747.846
2025-05-19 14:00:00,162.69,164.09,161.63,163.72,38565.03
2025-05-19 15:00:00,163.72,164.75,163.3,164.21,31876.967
2025-05-19 16:00:00,164.21,165.73,162.7,165.72,100399.088
2025-05-19 17:00:00,165.72,167.36,165.01,165.53,55127.813
2025-05-19 18:00:00,165.53,166.08,163.69,164.81,41097.448
2025-05-19 19:00:00,164.81,166.88,164.35,166.6,53644.565
2025-05-19 20:00:00,166.6,167.8,165.62,165.95,50484.776
2025-05-19 21:00:00,165.95,166.78,165.3,166.69,38380.574
2025-05-19 22:00:00,166.69,166.69,165.16,165.79,10894.963
2025-05-19 23:00:00,165.79,167.0,165.69,166.85,10397.651
2025-05-20 00:00:00,166.85,169.42,166.76,167.1,45576.797
2025-05-20 01:00:00,167.1,170.7,166.91,169.88,58888.03
2025-05-20 02:00:00,169.88,173.1,169.88,170.59,79695.64
2025-05-20 03:00:00,170.59,170.83,168.31,169.18,53042.499
2025-05-20 04:00:00,169.18,170.6,168.49,170.02,28701.061
2025-05-20 05:00:00,170.02,170.65,169.25,169.29,16733.31
2025-05-20 06:00:00,169.29,169.61,167.75,168.4,24489.379
2025-05-20 07:00:00,168.4,168.51,167.11,167.37,24759.956
2025-05-20 08:00:00,167.37,168.04,166.25,167.77,39216.543
2025-05-20 09:00:00,167.77,168.16,167.13,167.3,12217.351
2025-05-20 10:00:00,167.3,167.69,165.62,166.38,36584.509
2025-05-20 11:00:00,166.38,166.78,165.28,166.49,19569.721
2025-05-20 12:00:00,166.49,166.53,165.22,166.07,44893.997
2025-05-20 13:00:00,166.07,166.55,164.84,165.39,47347.854
2025-05-20 14:00:00,165.39,166.71,164.54,165.62,34125.321
2025-05-20 15:00:00,165.62,167.38,165.53,166.65,40790.211
2025-05-20 16:00:00,166.65,167.17,165.25,165.54,25004.641
2025-05-20 17:00:00,165.54,168.27,165.45,167.89,33855.662
2025-05-20 18:00:00,167.89,167.98,164.59,164.93,47609.043
2025-05-20 19:00:00,164.93,169.12,164.63,168.17,45564.991
2025-05-20 20:00:00,168.17,169.25,166.9,168.5,36799.427
2025-05-20 21:00:00,168.5,169.4,166.88,168.06,28527.037
2025-05-20 22:00:00,168.06,168.47,166.28,167.79,22118.878
2025-05-20 23:00:00,167.79,169.22,167.6,168.61,25132.0
2025-05-21 00:00:00,168.61,169.12,167.59,168.1,22648.732
2025-05-21 01:00:00,168.1,169.16,167.86,168.42,19255.625
2025-05-21 02:00:00,168.42,168.93,166.79,168.79,33356.898
2025-05-21 03:00:00,168.79,170.9,168.63,169.93,71502.202
2025-05-21 04:00:00,169.93,171.36,169.08,170.28,60190.658
2025-05-21 05:00:00,170.28,171.74,170.24,170.68,49422.991
2025-05-21 06:00:00,170.68,171.6,169.67,170.99,54196.58
2025-05-21 07:00:00,170.99,171.36,168.32,168.85,62141.83
2025-05-21 08:00:00,168.85,169.54,168.1,168.1,16944.08
2025-05-21 09:00:00,168.1,168.61,167.4,167.77,23044.625
2025-05-21 10:00:00,167.77,168.6,167.52,168.15,19701.83
2025-05-21 11:00:00,168.15,169.68,168.01,169.37,25128.524
2025-05-21 12:00:00,169.37,170.33,168.73,169.39,36090.211
2025-05-21 13:00:00,169.39,170.41,168.39,169.52,33327.982
2025-05-21 14:00:00,169.52,172.8,169.04,172.8,85060.381
2025-05-21 15:00:00,172.8,173.65,171.2,172.16,97591.261
2025-05-21 16:00:00,172.16,174.93,171.35,173.21,105067.543
2025-05-21 17:00:00,173.21,173.98,165.55,167.14,300792.019
2025-05-21 18:00:00,167.14,169.62,166.33,167.91,64578.52
2025-05-21 19:00:00,167.91,171.54,167.26,171.18,45414.11
2025-05-21 20:00:00,171.18,171.36,169.19,169.73,32411.174
2025-05-21 21:00:00,169.73,170.79,169.14,170.11,27563.197
2025-05-21 22:00:00,170.11,172.27,169.75,171.69,44158.934
2025-05-21 23:00:00,171.69,175.94,171.14,173.55,97941.193
2025-05-22 00:00:00,173.55,174.97,173.26,174.91,54318.037
2025-05-22 01:00:00,174.91,175.74,172.57,173.25,48068.044
2025-05-22 02:00:00,173.25,174.89,173.09,174.43,29597.801
2025-05-22 03:00:00,174.43,177.47,173.87,176.82,61248.564
2025-05-22 04:00:00,176.82,177.4,175.79,176.92,39720.315
2025-05-22 05:00:00,176.92,177.77,175.7,175.85,35560.409
2025-05-22 06:00:00,175.85,176.56,175.26,175.89,31317.071
2025-05-22 07:00:00,175.89,178.74,175.49,178.48,41420.94
2025-05-22 08:00:00,178.48,179.8,178.01,179.77,74555.852
2025-05-22 09:00:00,179.77,180.84,179.12,179.69,51970.72
2025-05-22 10:00:00,179.69,179.81,178.12,178.24,38604.287
2025-05-22 11:00:00,178.24,178.87,177.24,178.1,26602.742
2025-05-22 12:00:00,178.1,178.84,177.46,178.67,29239.682
2025-05-22 13:00:00,178.67,179.09,177.0,177.26,43068.861
2025-05-22 14:00:00,177.26,179.65,177.19,178.79,50690.379
2025-05-22 15:00:00,178.79,179.9,178.54,179.01,22149.028
2025-05-22 16:00:00,179.01,180.35,177.92,178.34,33530.047
2025-05-22 17:00:00,178.34,179.92,177.96,179.06,30677.853
2025-05-22 18:00:00,179.06,179.94,178.54,179.34,16686.237
2025-05-22 19:00:00,179.34,179.5,177.57,177.9,81487.177
2025-05-22 20:00:00,177.9,178.7,177.59,178.53,28316.54
2025-05-22 21:00:00,178.53,178.53,177.3,178.1,8104.138
2025-05-22 22:00:00,178.1,179.36,178.02,178.11,18334.147
2025-05-22 23:00:00,178.11,180.05,178.11,179.67,17644.352
2025-05-23 00:00:00,179.67,181.83,179.24,180.74,80454.722
2025-05-23 01:00:00,180.74,183.57,180.35,183.15,51198.583
2025-05-23 02:00:00,183.15,185.37,183.14,183.76,84118.371
2025-05-23 03:00:00,183.76,185.37,183.72,184.99,59363.715
2025-05-23 04:00:00,184.99,185.32,181.97,182.65,70155.399
2025-05-23 05:00:00,182.65,183.07,181.35,181.95,23746.911
2025-05-23 06:00:00,181.95,182.07,180.04,180.85,39130.688
2025-05-23 07:00:00,180.85,183.12,180.84,182.55,32707.724
2025-05-23 08:00:00,182.55,186.77,182.55,186.17,101957.052
2025-05-23 09:00:00,186.17,187.65,185.82,186.87,50991.234
2025-05-23 10:00:00,186.87,187.22,185.53,185.95,44915.063
2025-05-23 11:00:00,185.95,186.17,177.18,177.93,181988.393
2025-05-23 12:00:00,177.93,179.21,173.32,176.95,239210.363
2025-05-23 13:00:00,176.95,180.35,175.3,180.15,111908.15
2025-05-23 14:00:00,180.15,183.73,179.13,182.2,120369.169
2025-05-23 15:00:00,182.2,183.25,180.58,180.66,73102.705
2025-05-23 16:00:00,180.66,182.24,179.01,181.2,124145.392
2025-05-23 17:00:00,181.2,182.15,180.65,181.45,45296.85
2025-05-23 18:00:00,181.45,181.75,178.4,178.86,48522.636
2025-05-23 19:00:00,178.86,180.14,178.7,179.15,23772.858
2025-05-23 20:00:00,179.15,179.26,177.0,177.23,64192.944
2025-05-23 21:00:00,177.23,178.52,176.47,177.2,47817.143
2025-05-23 22:00:00,177.2,178.1,175.49,175.71,37362.922
2025-05-23 23:00:00,175.71,176.06,173.32,174.02,73779.913
2025-05-24 00:00:00,174.02,175.33,172.66,172.8,49546.607
2025-05-24 01:00:00,172.8,174.81,172.67,173.83,28216.2
2025-05-24 02:00:00,173.83,175.12,173.27,174.93,22563.918
2025-05-24 03:00:00,174.93,176.04,174.41,175.14,25495.699
2025-05-24 04:00:00,175.14,176.33,174.63,176.11,19413.384
2025-05-24 05:00:00,176.11,176.41,174.54,175.19,49435.036
2025-05-24 06:00:00,175.19,175.53,173.63,174.61,21139.422
2025-05-24 07:00:00,174.61,175.46,173.51,173.95,27726.837
2025-05-24 08:00:00,173.95,175.0,173.29,174.97,28567.776
2025-05-24 09:00:00,174.97,175.94,174.78,175.34,26645.548
2025-05-24 10:00:00,175.34,177.76,175.07,177.41,39758.047
2025-05-24 11:00:00,177.41,178.35,176.79,176.92,31551.607
2025-05-24 12:00:00,176.92,177.16,176.06,176.56,20746.37
2025-05-24 13:00:00,176.56,176.8,175.1,175.38,16782.122
2025-05-24 14:00:00,175.38,177.01,175.2,176.72,14715.665
2025-05-24 15:00:00,176.72,177.06,175.78,176.31,10416.062
2025-05-24 16:00:00,176.31,176.67,175.31,176.37,14967.904
2025-05-24 17:00:00,176.37,177.44,176.37,176.82,20272.976
2025-05-24 18:00:00,176.82,177.68,176.7,176.78,12805.938
2025-05-24 19:00:00,176.78,177.55,176.61,177.12,13348.938
2025-05-24 20:00:00,177.12,177.9,176.87,177.77,12890.834
2025-05-24 21:00:00,177.77,177.83,176.3,177.35,12687.86
2025-05-24 22:00:00,177.35,177.37,175.85,176.1,17609.426
2025-05-24 23:00:00,176.1,176.53,175.35,175.89,19296.471
2025-05-25 00:00:00,175.89,176.89,171.68,172.3,65275.851
2025-05-25 01:00:00,172.3,172.68,170.66,171.56,64180.957
2025-05-25 02:00:00,171.56,172.67,170.32,172.41,31050.392
2025-05-25 03:00:00,172.41,174.06,172.28,173.66,18553.738
2025-05-25 04:00:00,173.66,174.38,172.73,174.32,17877.745
2025-05-25 05:00:00,174.32,174.44,173.42,174.04,21983.857
2025-05-25 06:00:00,174.04,174.07,173.14,173.47,13366.45
2025-05-25 07:00:00,173.47,173.5,171.93,172.37,19838.738
2025-05-25 08:00:00,172.37,172.41,170.17,170.83,48114.508
2025-05-25 09:00:00,170.83,172.2,170.36,172.07,28290.411
2025-05-25 10:00:00,172.07,172.29,170.92,171.2,14407.151
2025-05-25 11:00:00,171.2,172.05,171.07,171.99,12921.045
2025-05-25 12:00:00,171.99,172.68,171.43,172.6,18468.717
2025-05-25 13:00:00,172.6,172.67,171.06,172.0,24003.999
2025-05-25 14:00:00,172.0,172.39,170.35,171.1,28468.825
2025-05-25 15:00:00,171.1,171.42,169.23,170.32,50473.533
2025-05-25 16:00:00,170.32,170.41,169.23,170.08,41269.349
2025-05-25 17:00:00,170.08,171.15,170.04,170.97,63515.148
2025-05-25 18:00:00,170.97,171.91,170.71,171.64,15886.435
2025-05-25 19:00:00,171.64,172.8,171.56,172.54,10789.324
2025-05-25 20:00:00,172.54,172.62,171.57,171.96,19239.055
2025-05-25 21:00:00,171.96,172.65,170.96,171.55,14950.224
2025-05-25 22:00:00,171.55,175.0,171.36,174.92,87249.033
2025-05-25 23:00:00,174.92,175.87,173.85,175.75,39382.8
2025-05-26 00:00:00,175.75,177.65,175.14,177.58,54564.489
2025-05-26 01:00:00,177.58,177.82,176.15,176.54,27457.705
2025-05-26 02:00:00,176.54,177.14,175.72,176.1,16565.583
2025-05-26 03:00:00,176.1,177.64,176.0,177.03,20262.521
2025-05-26 04:00:00,177.03,177.32,176.6,177.2,10071.425
2025-05-26 05:00:00,177.2,178.0,177.16,177.59,63227.639
2025-05-26 06:00:00,177.59,178.2,176.42,177.93,45870.057
2025-05-26 07:00:00,177.93,179.0,177.24,178.18,42797.023
2025-05-26 08:00:00,178.18,178.36,177.19,177.43,21664.343
2025-05-26 09:00:00,177.43,177.9,176.64,176.82,17569.683
2025-05-26 10:00:00,176.82,177.33,176.39,176.77,10429.492
2025-05-26 11:00:00,176.77,177.95,176.46,177.9,8952.662
2025-05-26 12:00:00,177.9,178.53,177.23,178.14,12148.437
2025-05-26 13:00:00,178.14,178.75,176.15,176.71,20694.83
2025-05-26 14:00:00,176.71,177.41,175.93,176.72,18375.777
2025-05-26 15:00:00,176.72,178.82,176.27,177.48,27548.654
2025-05-26 16:00:00,177.48,178.07,175.2,175.64,37292.39
2025-05-26 17:00:00,175.64,176.21,173.74,173.97,44101.243
2025-05-26 18:00:00,173.97,175.02,173.45,174.18,20386.736
2025-05-26 19:00:00,174.18,174.57,173.7,174.06,24335.927
2025-05-26 20:00:00,174.06,175.39,173.64,175.38,16120.866
2025-05-26 21:00:00,175.38,175.55,174.32,175.05,13349.259
2025-05-26 22:00:00,175.05,176.05,174.0,174.21,12392.197
2025-05-26 23:00:00,174.21,174.99,173.93,174.9,12606.619
2025-05-27 00:00:00,174.9,175.79,174.03,174.14,12581.395
2025-05-27 01:00:00,174.14,174.14,171.35,172.08,128344.002
2025-05-27 02:00:00,172.08,173.19,171.78,172.33,25728.708
2025-05-27 03:00:00,172.33,174.12,172.33,173.54,41988.115
2025-05-27 04:00:00,173.54,174.24,172.99,173.18,16027.456
2025-05-27 05:00:00,173.18,173.99,172.5,173.59,16463.604
2025-05-27 06:00:00,173.59,175.28,173.57,173.6,37208.317
2025-05-27 07:00:00,173.6,175.93,173.6,175.5,25619.566
2025-05-27 08:00:00,175.5,176.62,175.36,175.85,26136.518
2025-05-27 09:00:00,175.85,176.07,174.99,175.89,42979.27
2025-05-27 10:00:00,175.89,176.3,175.67,176.18,27967.077
2025-05-27 11:00:00,176.18,177.2,175.5,176.8,49476.117
2025-05-27 12:00:00,176.8,177.45,176.28,177.01,31786.328
2025-05-27 13:00:00,177.01,179.4,176.75,177.71,140378.534
2025-05-27 14:00:00,177.71,178.42,175.07,177.18,68641.212
2025-05-27 15:00:00,177.18,178.69,176.65,178.44,41145.862
2025-05-27 16:00:00,178.44,179.1,177.51,178.19,34410.799
2025-05-27 17:00:00,178.19,179.25,177.96,178.4,42178.67
2025-05-27 18:00:00,178.4,179.16,177.98,178.56,28482.298
2025-05-27 19:00:00,178.56,179.23,177.36,177.49,37493.34
2025-05-27 20:00:00,177.49,178.65,177.17,178.02,20209.44
2025-05-27 21:00:00,178.02,178.27,175.94,176.39,27552.48
2025-05-27 22:00:00,176.39,176.99,175.55,176.62,20907.615
2025-05-27 23:00:00,176.62,177.0,176.09,176.72,8447.859
2025-05-28 00:00:00,176.72,177.39,175.86,177.22,11495.837
2025-05-28 01:00:00,177.22,177.44,175.2,175.48,49159.084
2025-05-28 02:00:00,175.48,175.48,174.41,174.62,39309.598
2025-05-28 03:00:00,174.62,175.29,174.23,175.11,22016.827
2025-05-28 04:00:00,175.11,175.98,174.33,174.92,27096.153
2025-05-28 05:00:00,174.92,175.18,174.5,174.59,13734.312
2025-05-28 06:00:00,174.59,174.6,173.78,174.02,25932.913
2025-05-28 07:00:00,174.02,174.53,173.81,173.89,23213.733
2025-05-28 08:00:00,173.89,174.48,173.51,174.09,22753.994
2025-05-28 09:00:00,174.09,174.15,172.91,173.41,19967.692
2025-05-28 10:00:00,173.41,174.33,172.84,174.0,27223.994
2025-05-28 11:00:00,174.0,174.57,173.65,174.52,24650.448
2025-05-28 12:00:00,174.52,175.12,174.13,174.23,26095.183
2025-05-28 13:00:00,174.23,174.52,172.5,172.61,60876.345
2025-05-28 14:00:00,172.61,172.97,170.08,170.2,94781.179
2025-05-28 15:00:00,170.2,170.57,168.97,169.72,67621.937
2025-05-28 16:00:00,169.72,171.1,169.6,171.1,19203.101
2025-05-28 17:00:00,171.1,172.06,170.28,170.87,24029.025
2025-05-28 18:00:00,170.87,171.49,169.82,169.95,24146.627
2025-05-28 19:00:00,169.95,170.87,169.16,169.42,28493.743
2025-05-28 20:00:00,169.42,170.79,169.22,170.77,16889.122
2025-05-28 21:00:00,170.77,171.6,170.54,171.55,10152.731
2025-05-28 22:00:00,171.55,171.59,170.37,170.91,14333.202
2025-05-28 23:00:00,170.91,172.66,170.91,172.24,26058.439
2025-05-29 00:00:00,172.24,173.71,171.33,173.64,54595.227
2025-05-29 01:00:00,173.64,173.68,172.51,172.98,25547.776
2025-05-29 02:00:00,172.98,175.1,172.29,175.03,34535.508
2025-05-29 03:00:00,175.03,175.34,173.33,173.71,21619.646
2025-05-29 04:00:00,173.71,173.95,170.11,171.98,40818.751
2025-05-29 05:00:00,171.98,172.54,171.63,172.04,24220.967
2025-05-29 06:00:00,172.04,172.86,171.82,172.58,10186.621
2025-05-29 07:00:00,172.58,172.99,171.91,172.23,14144.77
2025-05-29 08:00:00,172.23,173.46,171.62,173.08,37156.127
2025-05-29 09:00:00,173.08,173.24,172.4,172.71,12253.819
2025-05-29 10:00:00,172.71,172.87,172.12,172.63,12298.281
2025-05-29 11:00:00,172.63,173.46,172.54,172.88,16284.953
2025-05-29 12:00:00,172.88,172.95,171.5,171.83,19977.539
2025-05-29 13:00:00,171.83,172.51,170.52,170.81,35934.167
2025-05-29 14:00:00,170.81,171.02,169.06,170.72,51213.091
2025-05-29 15:00:00,170.72,170.97,169.62,169.77,18228.306
2025-05-29 16:00:00,169.77,170.32,167.85,168.39,33153.145
2025-05-29 17:00:00,168.39,169.5,168.04,168.84,32222.874
2025-05-29 18:00:00,168.84,169.84,167.87,167.88,31345.418
2025-05-29 19:00:00,167.88,168.35,166.06,166.85,60080.617
2025-05-29 20:00:00,166.85,167.64,166.75,167.3,37002.144
2025-05-29 21:00:00,167.3,168.55,167.2,168.41,16723.854
2025-05-29 22:00:00,168.41,168.47,167.08,167.08,10796.042
2025-05-29 23:00:00,167.08,167.59,166.0,166.71,24150.61
2025-05-30 00:00:00,166.71,167.5,160.0,161.84,149898.781
2025-05-30 01:00:00,161.84,164.1,161.65,163.46,64046.246
2025-05-30 02:00:00,163.46,165.33,163.38,165.08,24515.421
2025-05-30 03:00:00,165.08,165.74,164.83,165.16,19165.546
2025-05-30 04:00:00,165.16,165.47,164.53,165.33,36037.182
2025-05-30 05:00:00,165.33,165.88,164.76,165.25,26207.842
2025-05-30 06:00:00,165.25,165.3,162.58,163.46,27165.123
2025-05-30 07:00:00,163.46,164.35,162.66,162.7,33509.113
2025-05-30 08:00:00,162.7,163.99,161.9,163.6,35425.409
2025-05-30 09:00:00,163.6,164.15,161.5,163.18,45723.019
2025-05-30 10:00:00,163.18,163.89,162.22,163.85,43024.159
2025-05-30 11:00:00,163.85,164.19,163.38,163.83,37365.044
2025-05-30 12:00:00,163.83,163.97,161.76,162.97,41352.092
2025-05-30 13:00:00,162.97,163.4,160.76,160.87,36868.791
2025-05-30 14:00:00,160.87,162.07,160.1,161.02,42247.717
2025-05-30 15:00:00,161.02,162.26,160.86,161.24,36417.114
2025-05-30 16:00:00,161.24,161.78,155.91,157.86,176164.464
2025-05-30 17:00:00,157.86,159.19,157.71,158.6,47467.023
2025-05-30 18:00:00,158.6,160.77,158.34,160.44,67208.505
2025-05-30 19:00:00,160.44,161.51,160.06,160.83,29080.719
2025-05-30 20:00:00,160.83,160.93,159.84,159.9,14908.483
2025-05-30 21:00:00,159.9,160.99,159.77,159.97,15954.805
2025-05-30 22:00:00,159.97,160.28,156.74,156.78,38378.762
2025-05-30 23:00:00,156.78,157.5,155.22,156.21,50745.446
2025-05-31 00:00:00,156.21,157.23,154.46,155.85,47148.758
2025-05-31 01:00:00,155.85,156.8,152.53,153.28,107014.245
2025-05-31 02:00:00,153.28,155.2,152.17,152.55,57254.343
2025-05-31 03:00:00,152.55,154.47,152.12,154.12,25944.903
2025-05-31 04:00:00,154.12,155.72,153.01,155.67,18952.335
2025-05-31 05:00:00,155.67,155.85,154.21,154.24,15345.786
2025-05-31 06:00:00,154.24,155.51,154.06,155.14,16315.102
2025-05-31 07:00:00,155.14,155.28,154.22,154.88,13377.079
2025-05-31 08:00:00,154.88,155.27,154.21,155.0,18808.87
2025-05-31 09:00:00,155.0,155.17,153.56,153.86,19945.918
2025-05-31 10:00:00,153.86,154.78,152.74,153.53,22648.359
2025-05-31 11:00:00,153.53,153.65,152.62,152.92,18162.588
2025-05-31 12:00:00,152.92,155.15,152.64,155.11,26381.637
2025-05-31 13:00:00,155.11,156.03,154.53,154.86,25252.586
2025-05-31 14:00:00,154.86,155.94,154.77,155.7,23593.714
2025-05-31 15:00:00,155.7,156.78,155.37,155.64,31098.188
2025-05-31 16:00:00,155.64,156.87,155.19,156.66,26296.029
2025-05-31 17:00:00,156.66,156.75,155.52,155.67,20031.027
2025-05-31 18:00:00,155.67,156.65,155.59,156.43,8337.066
2025-05-31 19:00:00,156.43,157.96,156.43,157.52,18744.719
2025-05-31 20:00:00,157.52,157.7,157.16,157.37,7323.112
2025-05-31 21:00:00,157.37,157.97,157.11,157.81,22237.716
2025-05-31 22:00:00,157.81,158.0,156.85,156.85,15818.414
2025-05-31 23:00:00,156.85,157.67,156.3,156.44,19886.994
2025-06-01 00:00:00,156.44,156.67,155.73,156.21,13274.596
2025-06-01 01:00:00,156.21,156.72,154.66,155.16,18424.406
2025-06-01 02:00:00,155.16,155.33,154.28,154.8,17539.169
2025-06-01 03:00:00,154.8,154.91,153.4,154.7,19455.213
2025-06-01 04:00:00,154.7,155.94,154.56,155.47,11367.652
2025-06-01 05:00:00,155.47,155.9,155.1,155.38,9728.917
2025-06-01 06:00:00,155.38,155.44,154.61,154.82,16664.889
2025-06-01 07:00:00,154.82,154.93,154.13,154.44,17378.673
2025-06-01 08:00:00,154.44,154.62,152.91,153.34,47955.246
2025-06-01 09:00:00,153.34,153.75,150.76,151.48,79276.342
2025-06-01 10:00:00,151.48,151.8,150.57,151.58,43681.732
2025-06-01 11:00:00,151.58,152.31,151.32,152.02,26049.914
2025-06-01 12:00:00,152.02,152.32,150.61,151.05,38637.283
2025-06-01 13:00:00,151.05,152.33,150.97,151.98,32886.867
2025-06-01 14:00:00,151.98,153.9,151.98,153.24,31949.189
2025-06-01 15:00:00,153.24,154.58,152.96,154.15,24139.137
2025-06-01 16:00:00,154.15,156.68,154.04,155.9,54957.04
2025-06-01 17:00:00,155.9,156.74,155.55,156.34,13788.779
2025-06-01 18:00:00,156.34,156.37,153.45,154.7,174031.578
2025-06-01 19:00:00,154.7,155.95,154.53,155.89,31443.485
2025-06-01 20:00:00,155.89,156.25,155.17,155.7,23954.913
2025-06-01 21:00:00,155.7,157.23,155.58,156.9,59044.514
2025-06-01 22:00:00,156.9,157.42,156.39,157.26,58897.349
2025-06-01 23:00:00,157.26,157.95,156.97,157.69,29468.828
2025-06-02 00:00:00,157.69,158.25,157.22,157.81,16359.334
2025-06-02 01:00:00,157.81,158.95,157.81,158.05,25359.689
2025-06-02 02:00:00,158.05,158.28,156.67,156.88,13510.041
2025-06-02 03:00:00,156.88,156.94,155.38,155.46,17116.408
2025-06-02 04:00:00,155.46,156.23,155.08,155.29,17599.159
2025-06-02 05:00:00,155.29,156.22,154.69,155.36,12825.697
2025-06-02 06:00:00,155.36,156.16,154.68,155.73,20264.802
2025-06-02 07:00:00,155.73,156.71,155.36,155.54,24196.972
2025-06-02 08:00:00,155.54,156.55,154.39,154.84,37490.526
2025-06-02 09:00:00,154.84,154.89,153.23,153.53,46091.352
2025-06-02 10:00:00,153.53,154.26,152.95,154.03,28144.436
2025-06-02 11:00:00,154.03,154.61,153.3,153.45,26376.674
2025-06-02 12:00:00,153.45,154.37,153.14,154.21,18867.131
2025-06-02 13:00:00,154.21,154.5,151.96,152.23,45351.625
2025-06-02 14:00:00,152.23,154.25,151.66,153.01,54983.084
2025-06-02 15:00:00,153.01,153.87,152.06,153.16,30834.117
2025-06-02 16:00:00,153.16,153.32,152.0,153.02,25141.488
2025-06-02 17:00:00,153.02,153.84,152.42,153.66,28181.99
2025-06-02 18:00:00,153.66,155.1,153.03,153.22,42567.002
2025-06-02 19:00:00,153.22,153.65,151.78,152.93,59016.112
2025-06-02 20:00:00,152.93,154.54,152.91,154.3,98781.589
2025-06-02 21:00:00,154.3,155.49,154.23,155.42,23722.374
2025-06-02 22:00:00,155.42,156.79,155.4,156.2,27446.83
2025-06-02 23:00:00,156.2,157.24,156.17,156.81,22277.164
2025-06-03 00:00:00,156.81,159.01,156.37,158.86,27253.519
2025-06-03 01:00:00,158.86,162.23,158.86,161.93,40740.325
2025-06-03 02:00:00,161.93,162.37,159.67,159.82,44013.005
2025-06-03 03:00:00,159.82,160.17,158.33,159.44,79199.527
2025-06-03 04:00:00,159.44,159.59,158.17,158.45,17743.262
2025-06-03 05:00:00,158.45,159.7,158.45,159.5,16307.82
2025-06-03 06:00:00,159.5,159.92,158.9,159.91,13787.761
2025-06-03 07:00:00,159.91,160.17,159.35,159.81,12009.324
2025-06-03 08:00:00,159.81,159.88,158.28,159.26,20682.016
2025-06-03 09:00:00,159.26,160.11,158.7,159.92,13119.493
2025-06-03 10:00:00,159.92,161.34,159.82,161.24,24476.354
2025-06-03 11:00:00,161.24,161.66,160.46,160.59,26495.295
2025-06-03 12:00:00,160.59,161.57,160.23,161.17,40717.462
2025-06-03 13:00:00,161.17,161.6,160.04,160.73,29368.426
2025-06-03 14:00:00,160.73,163.31,159.47,163.2,43227.274
2025-06-03 15:00:00,163.2,163.64,161.85,162.22,94112.769
2025-06-03 16:00:00,162.22,162.44,160.66,160.69,29468.002
2025-06-03 17:00:00,160.69,161.93,160.44,161.18,52680.625
2025-06-03 18:00:00,161.18,161.22,159.96,160.36,31181.408
2025-06-03 19:00:00,160.36,161.19,160.18,160.59,29637.851
2025-06-03 20:00:00,160.59,160.61,156.65,157.7,41485.488
2025-06-03 21:00:00,157.7,157.89,154.14,154.82,96097.901
2025-06-03 22:00:00,154.82,156.37,154.41,155.84,36616.866
2025-06-03 23:00:00,155.84,156.27,154.99,155.17,64205.92
2025-06-04 00:00:00,155.17,155.71,154.18,155.46,36964.009
2025-06-04 01:00:00,155.46,157.3,155.22,156.8,19264.858
2025-06-04 02:00:00,156.8,157.61,155.93,156.0,23484.181
2025-06-04 03:00:00,156.0,157.47,155.94,156.53,23506.737
2025-06-04 04:00:00,156.53,156.91,156.15,156.41,13267.355
2025-06-04 05:00:00,156.41,156.82,155.71,156.47,16306.707
2025-06-04 06:00:00,156.47,157.02,155.99,156.45,12509.647
2025-06-04 07:00:00,156.45,156.87,156.04,156.42,12574.92
2025-06-04 08:00:00,156.42,157.19,156.42,156.69,16950.914
2025-06-04 09:00:00,156.69,157.82,156.25,157.55,41427.379
2025-06-04 10:00:00,157.55,157.92,156.45,156.63,23417.766
2025-06-04 11:00:00,156.63,156.86,155.72,155.9,26525.917
2025-06-04 12:00:00,155.9,156.34,155.15,155.65,28979.409
2025-06-04 13:00:00,155.65,156.86,155.3,155.73,25731.334
2025-06-04 14:00:00,155.73,156.88,154.58,156.84,38847.191
2025-06-04 15:00:00,156.84,157.96,156.55,157.12,52067.86
2025-06-04 16:00:00,157.12,157.56,156.4,157.35,23667.289
2025-06-04 17:00:00,157.35,157.44,155.59,156.08,20561.258
2025-06-04 18:00:00,156.08,156.53,155.52,155.64,9763.109
2025-06-04 19:00:00,155.64,155.99,155.26,155.36,20347.847
2025-06-04 20:00:00,155.36,155.51,153.98,154.53,31270.522
2025-06-04 21:00:00,154.53,155.6,153.89,155.07,22891.595
2025-06-04 22:00:00,155.07,155.22,153.34,153.56,19272.471
2025-06-04 23:00:00,153.56,153.77,152.95,153.27,16769.458
2025-06-05 00:00:00,153.27,154.11,153.0,153.81,37254.519
2025-06-05 01:00:00,153.81,154.17,153.06,153.35,11212.306
2025-06-05 02:00:00,153.35,154.6,153.35,153.5,31646.647
2025-06-05 03:00:00,153.5,154.01,153.07,153.83,8267.254
2025-06-05 04:00:00,153.83,154.05,153.18,154.01,17800.469
2025-06-05 05:00:00,154.01,154.17,151.95,152.48,42673.297
2025-06-05 06:00:00,152.48,152.96,152.07,152.16,15270.458
2025-06-05 07:00:00,152.16,153.02,152.04,152.44,18983.15
2025-06-05 08:00:00,152.44,152.97,151.77,152.06,17671.617
2025-06-05 09:00:00,152.06,153.05,152.05,153.03,11010.913
2025-06-05 10:00:00,153.03,153.05,151.48,151.93,24636.656
2025-06-05 11:00:00,151.93,152.42,151.29,152.37,13445.363
2025-06-05 12:00:00,152.37,154.34,152.13,153.95,83141.642
2025-06-05 13:00:00,153.95,154.41,149.83,150.37,78001.832
2025-06-05 14:00:00,150.37,151.64,148.57,151.24,63253.717
2025-06-05 15:00:00,151.24,151.68,150.48,150.91,33017.283
2025-06-05 16:00:00,150.91,151.12,148.39,148.66,60260.098
2025-06-05 17:00:00,148.66,149.85,148.54,149.45,29105.602
2025-06-05 18:00:00,149.45,150.08,148.36,149.44,37277.898
2025-06-05 19:00:00,149.44,149.63,144.11,146.21,194066.111
2025-06-05 20:00:00,146.21,146.61,141.54,141.83,181990.571
2025-06-05 21:00:00,141.83,144.68,141.62,144.29,74150.63
2025-06-05 22:00:00,144.29,144.91,143.1,144.48,29885.031
2025-06-05 23:00:00,144.48,145.05,144.19,144.29,32425.503
2025-06-06 00:00:00,144.29,145.55,144.09,145.42,36587.607
2025-06-06 01:00:00,145.42,145.63,144.68,145.54,13587.16
2025-06-06 02:00:00,145.54,146.61,145.06,146.58,15330.385
2025-06-06 03:00:00,146.58,146.86,145.88,146.83,19060.483
2025-06-06 04:00:00,146.83,147.93,146.63,147.56,22425.881
2025-06-06 05:00:00,147.56,147.69,146.83,147.5,19746.882
2025-06-06 06:00:00,147.5,148.26,146.95,147.12,34398.453
2025-06-06 07:00:00,147.12,147.96,147.0,147.37,18331.036
2025-06-06 08:00:00,147.37,148.02,147.22,147.88,32375.079
2025-06-06 09:00:00,147.88,148.63,147.45,147.48,29596.628
2025-06-06 10:00:00,147.48,148.89,147.48,148.53,21589.062
2025-06-06 11:00:00,148.53,149.6,148.28,149.12,32863.463
2025-06-06 12:00:00,149.12,152.45,149.12,150.6,85597.179
2025-06-06 13:00:00,150.6,152.28,150.6,150.77,36932.43
2025-06-06 14:00:00,150.77,151.9,150.54,151.31,29923.75
2025-06-06 15:00:00,151.31,152.37,150.29,151.06,38295.617
2025-06-06 16:00:00,151.06,151.56,149.86,150.1,19594.439
2025-06-06 17:00:00,150.1,150.31,149.24,150.11,29095.546
2025-06-06 18:00:00,150.11,150.21,148.46,148.9,22471.72
2025-06-06 19:00:00,148.9,149.72,148.84,149.08,14782.956
2025-06-06 20:00:00,149.08,149.97,148.65,149.34,13061.871
2025-06-06 21:00:00,149.34,149.79,149.09,149.21,8823.866
2025-06-06 22:00:00,149.21,149.25,148.14,148.48,19699.958
2025-06-06 23:00:00,148.48,148.53,147.69,147.82,9310.777
2025-06-07 00:00:00,147.82,148.73,146.95,148.7,18145.635
2025-06-07 01:00:00,148.7,148.89,147.38,147.74,8580.392
2025-06-07 02:00:00,147.74,148.67,147.48,148.32,10059.776
2025-06-07 03:00:00,148.32,149.73,148.03,149.5,14915.218
2025-06-07 04:00:00,149.5,149.93,149.01,149.78,9345.202
2025-06-07 05:00:00,149.78,151.28,149.56,150.91,13198.392
2025-06-07 06:00:00,150.91,152.29,150.42,152.08,50153.849
2025-06-07 07:00:00,152.08,152.82,151.5,152.36,26622.265
2025-06-07 08:00:00,152.36,152.69,151.77,151.85,12573.575
2025-06-07 09:00:00,151.85,152.29,151.49,151.49,8225.164
2025-06-07 10:00:00,151.49,152.09,151.24,151.87,12930.744
2025-06-07 11:00:00,151.87,152.16,151.36,151.44,11163.039
2025-06-07 12:00:00,151.44,152.39,151.36,152.12,17084.479
2025-06-07 13:00:00,152.12,152.4,151.43,151.82,18355.837
2025-06-07 14:00:00,151.82,152.0,151.42,151.47,8314.355
2025-06-07 15:00:00,151.47,151.65,150.71,150.99,12111.182
2025-06-07 16:00:00,150.99,151.6,150.46,150.72,12704.69
2025-06-07 17:00:00,150.72,151.26,150.26,150.34,8337.109
2025-06-07 18:00:00,150.34,151.21,150.16,150.59,34000.613
2025-06-07 19:00:00,150.59,151.22,150.46,150.56,14067.695
2025-06-07 20:00:00,150.56,150.99,150.48,150.86,12854.935
2025-06-07 21:00:00,150.86,151.42,150.8,151.21,12904.435
2025-06-07 22:00:00,151.21,151.49,150.84,151.08,13576.355
2025-06-07 23:00:00,151.08,151.12,149.72,150.04,16465.669
2025-06-08 00:00:00,150.04,150.09,149.15,149.45,18461.45
2025-06-08 01:00:00,149.45,150.31,149.14,150.28,15442.158
2025-06-08 02:00:00,150.28,150.32,149.66,149.76,11767.983
2025-06-08 03:00:00,149.76,150.06,149.57,149.85,4831.662
2025-06-08 04:00:00,149.85,150.33,149.42,150.05,13786.535
2025-06-08 05:00:00,150.05,150.4,149.73,149.86,13406.805
2025-06-08 06:00:00,149.86,150.49,149.83,149.89,23363.29
2025-06-08 07:00:00,149.89,150.19,149.11,149.29,17260.148
2025-06-08 08:00:00,149.29,149.69,148.93,149.03,16662.633
2025-06-08 09:00:00,149.03,149.13,147.88,148.45,30875.167
2025-06-08 10:00:00,148.45,148.98,148.15,148.85,11648.696
2025-06-08 11:00:00,148.85,149.69,148.81,149.62,23240.701
2025-06-08 12:00:00,149.62,149.96,149.0,149.53,28109.996
2025-06-08 13:00:00,149.53,151.15,149.12,149.65,33001.541
2025-06-08 14:00:00,149.65,150.43,149.47,150.33,17036.367
2025-06-08 15:00:00,150.33,150.98,150.28,150.69,26762.754
2025-06-08 16:00:00,150.69,152.21,150.61,152.19,63649.095
2025-06-08 17:00:00,152.19,153.88,152.19,153.12,81069.021
2025-06-08 18:00:00,153.12,154.16,152.92,153.85,27252.049
2025-06-08 19:00:00,153.85,154.52,153.72,154.45,25569.122
2025-06-08 20:00:00,154.45,154.77,153.93,154.25,44242.651
2025-06-08 21:00:00,154.25,155.31,153.98,154.4,15863.263
2025-06-08 22:00:00,154.4,154.52,152.82,152.93,27606.658
2025-06-08 23:00:00,152.93,153.02,152.16,152.46,13045.461
2025-06-09 00:00:00,152.46,153.17,151.86,152.38,21454.151
2025-06-09 01:00:00,152.38,152.71,151.75,151.98,45116.098
2025-06-09 02:00:00,151.98,152.51,151.58,151.73,12972.648
2025-06-09 03:00:00,151.73,151.82,150.77,151.56,16266.596
2025-06-09 04:00:00,151.56,151.87,150.66,150.86,20597.465
2025-06-09 05:00:00,150.86,150.86,149.77,149.81,37036.412
2025-06-09 06:00:00,149.81,151.02,149.58,150.89,34294.912
2025-06-09 07:00:00,150.89,150.91,150.0,150.87,13422.535
2025-06-09 08:00:00,150.87,151.8,150.4,151.76,17723.861
2025-06-09 09:00:00,151.76,154.46,151.34,153.44,44065.13
2025-06-09 10:00:00,153.44,155.59,153.23,155.35,105348.02
2025-06-09 11:00:00,155.35,156.63,154.93,155.61,76557.804
2025-06-09 12:00:00,155.61,155.82,154.72,155.71,67101.417
2025-06-09 13:00:00,155.71,155.85,153.09,153.39,43374.96
2025-06-09 14:00:00,153.39,157.49,153.27,154.12,56829.694
2025-06-09 15:00:00,154.12,155.59,153.93,155.02,35431.61
2025-06-09 16:00:00,155.02,156.61,154.98,155.56,73517.153
2025-06-09 17:00:00,155.56,156.96,155.35,156.28,49267.999
2025-06-09 18:00:00,156.28,156.73,156.0,156.48,37417.008
2025-06-09 19:00:00,156.48,156.63,155.03,155.74,20657.239
2025-06-09 20:00:00,155.74,156.64,155.71,156.5,17424.778
2025-06-09 21:00:00,156.5,159.66,156.49,159.05,77910.062
2025-06-09 22:00:00,159.05,160.31,158.94,159.83,41673.321
2025-06-09 23:00:00,159.83,161.7,159.6,161.13,37332.721
2025-06-10 00:00:00,161.13,161.83,160.36,160.66,32504.466
2025-06-10 01:00:00,160.66,160.97,159.8,160.03,18457.485
2025-06-10 02:00:00,160.03,160.04,159.19,159.55,17800.464
2025-06-10 03:00:00,159.55,159.72,158.73,159.18,14907.684
2025-06-10 04:00:00,159.18,159.51,158.72,159.3,9419.587
2025-06-10 05:00:00,159.3,159.6,157.64,158.13,32595.982
2025-06-10 06:00:00,158.13,158.53,157.38,158.33,39192.252
2025-06-10 07:00:00,158.33,158.79,157.8,158.46,18477.108
2025-06-10 08:00:00,158.46,158.99,157.72,157.76,16773.741
2025-06-10 09:00:00,157.76,159.04,157.57,158.98,20898.573
2025-06-10 10:00:00,158.98,159.3,157.71,158.15,41251.161
2025-06-10 11:00:00,158.15,161.51,157.15,160.86,94863.34
2025-06-10 12:00:00,160.86,161.53,159.37,161.5,61540.918
2025-06-10 13:00:00,161.5,161.99,158.32,159.13,84890.083
2025-06-10 14:00:00,159.13,159.19,156.66,157.17,46694.426
2025-06-10 15:00:00,157.17,158.7,156.3,158.06,59779.362
2025-06-10 16:00:00,158.06,158.45,157.09,157.2,32645.779
2025-06-10 17:00:00,157.2,158.64,157.16,158.24,19523.936
2025-06-10 18:00:00,158.24,164.97,157.74,163.96,159637.895
2025-06-10 19:00:00,163.96,165.49,162.77,163.63,147083.776
2025-06-10 20:00:00,163.63,165.67,162.88,165.55,70977.082
2025-06-10 21:00:00,165.55,165.66,163.06,163.88,59730.326
2025-06-10 22:00:00,163.88,165.13,163.58,164.91,38703.513
2025-06-10 23:00:00,164.91,165.31,163.97,165.09,38570.087
2025-06-11 00:00:00,165.09,165.77,163.86,164.61,46696.684
2025-06-11 01:00:00,164.61,165.13,163.41,164.13,45432.172
2025-06-11 02:00:00,164.13,165.81,163.65,164.3,57735.472
2025-06-11 03:00:00,164.3,167.43,164.24,166.65,108740.357
2025-06-11 04:00:00,166.65,166.76,164.73,165.07,73868.703
2025-06-11 05:00:00,165.07,165.26,164.33,164.91,25624.063
2025-06-11 06:00:00,164.91,166.52,164.91,165.93,66134.607
2025-06-11 07:00:00,165.93,167.14,165.24,166.64,71347.246
2025-06-11 08:00:00,166.64,167.18,165.54,165.74,34915.349
2025-06-11 09:00:00,165.74,167.09,164.77,164.97,79449.761
2025-06-11 10:00:00,164.97,165.26,164.16,164.51,29773.533
2025-06-11 11:00:00,164.51,165.22,163.98,164.51,20684.711
2025-06-11 12:00:00,164.51,167.5,163.73,167.23,167309.651
2025-06-11 13:00:00,167.23,167.4,165.18,165.75,87986.909
2025-06-11 14:00:00,165.75,168.36,165.5,167.06,72348.851
2025-06-11 15:00:00,167.06,167.64,165.87,167.24,56190.412
2025-06-11 16:00:00,167.24,167.47,166.06,166.64,68077.703
2025-06-11 17:00:00,166.64,166.64,163.83,163.85,74133.694
2025-06-11 18:00:00,163.85,164.13,162.41,163.32,102583.592
2025-06-11 19:00:00,163.32,163.55,162.47,162.64,50286.331
2025-06-11 20:00:00,162.64,163.73,161.91,163.16,24175.568
2025-06-11 21:00:00,163.16,163.87,160.24,160.38,60114.794
2025-06-11 22:00:00,160.38,160.76,159.19,160.1,76759.9
2025-06-11 23:00:00,160.1,161.14,159.89,160.98,21158.402
2025-06-12 00:00:00,160.98,161.31,159.63,160.84,20874.346
2025-06-12 01:00:00,160.84,160.99,159.27,160.37,19801.061
2025-06-12 02:00:00,160.37,160.97,159.57,159.99,19844.593
2025-06-12 03:00:00,159.99,160.61,159.26,159.83,19370.43
2025-06-12 04:00:00,159.83,160.56,159.39,159.96,14203.633
2025-06-12 05:00:00,159.96,160.1,158.74,159.53,24901.918
2025-06-12 06:00:00,159.53,159.97,158.88,159.32,15585.216
2025-06-12 07:00:00,159.32,159.64,158.27,158.78,18809.07
2025-06-12 08:00:00,158.78,159.6,158.17,159.49,25778.45
2025-06-12 09:00:00,159.49,159.97,159.21,159.64,13454.009
2025-06-12 10:00:00,159.64,159.67,158.46,159.13,21121.224
2025-06-12 11:00:00,159.13,159.18,157.45,157.74,33094.701
2025-06-12 12:00:00,157.74,159.15,157.33,158.69,32220.888
2025-06-12 13:00:00,158.69,159.06,157.86,158.79,23045.242
2025-06-12 14:00:00,158.79,160.66,158.79,159.97,29215.185
2025-06-12 15:00:00,159.97,160.35,156.47,157.04,45661.65
2025-06-12 16:00:00,157.04,158.67,156.78,158.33,23266.65
2025-06-12 17:00:00,158.33,160.48,158.11,160.03,31920.953
2025-06-12 18:00:00,160.03,160.11,156.95,157.73,30684.29
2025-06-12 19:00:00,157.73,158.08,154.52,154.83,84490.224
2025-06-12 20:00:00,154.83,155.43,152.32,153.24,83153.882
2025-06-12 21:00:00,153.24,153.65,152.19,152.35,62139.227
2025-06-12 22:00:00,152.35,152.94,152.05,152.49,25342.354
2025-06-12 23:00:00,152.49,152.94,152.08,152.33,15500.338
2025-06-13 00:00:00,152.33,152.59,142.28,145.57,296391.312
2025-06-13 01:00:00,145.57,145.58,140.86,143.31,170624.778
2025-06-13 02:00:00,143.31,143.33,140.84,142.66,117374.405
2025-06-13 03:00:00,142.66,145.32,142.62,144.75,90144.144
2025-06-13 04:00:00,144.75,144.75,143.45,144.27,42145.386
2025-06-13 05:00:00,144.27,144.32,143.53,143.77,67587.326
2025-06-13 06:00:00,143.77,144.94,142.58,144.93,62540.586
2025-06-13 07:00:00,144.93,145.45,144.21,145.02,84142.599
2025-06-13 08:00:00,145.02,146.68,144.36,144.84,96364.006
2025-06-13 09:00:00,144.84,145.13,144.38,144.81,117171.853
2025-06-13 10:00:00,144.81,145.04,143.66,144.99,35087.407
2025-06-13 11:00:00,144.99,145.71,144.26,145.45,33562.88
2025-06-13 12:00:00,145.45,146.25,144.92,145.16,36798.415
2025-06-13 13:00:00,145.16,146.49,144.61,145.28,41993.627
2025-06-13 14:00:00,145.28,146.37,143.93,146.17,61002.432
2025-06-13 15:00:00,146.17,147.77,145.69,147.17,50748.272
2025-06-13 16:00:00,147.17,148.51,146.33,147.44,45183.936
2025-06-13 17:00:00,147.44,147.44,145.32,146.49,53484.209
2025-06-13 18:00:00,146.49,146.64,144.31,145.52,53385.216
2025-06-13 19:00:00,145.52,146.0,144.47,145.15,40034.32
2025-06-13 20:00:00,145.15,147.72,144.74,147.3,38688.807
2025-06-13 21:00:00,147.3,147.64,146.45,147.11,24474.163
2025-06-13 22:00:00,147.11,148.03,147.04,147.81,12922.177
2025-06-13 23:00:00,147.81,148.93,147.68,148.6,12956.978
2025-06-14 00:00:00,148.6,148.73,147.63,147.83,31591.885
2025-06-14 01:00:00,147.83,147.85,146.73,146.91,11020.358
2025-06-14 02:00:00,146.91,147.35,146.44,146.53,6676.606
2025-06-14 03:00:00,146.53,147.23,146.5,146.73,14125.489
2025-06-14 04:00:00,146.73,147.14,146.54,146.8,20718.142
2025-06-14 05:00:00,146.8,147.05,146.36,146.88,21519.057
2025-06-14 06:00:00,146.88,147.08,146.03,146.23,25916.745
2025-06-14 07:00:00,146.23,146.47,145.56,146.19,12856.032
2025-06-14 08:00:00,146.19,146.23,145.21,145.83,20722.502
2025-06-14 09:00:00,145.83,145.96,144.96,145.16,15175.672
2025-06-14 10:00:00,145.16,145.92,145.12,145.64,10273.53
2025-06-14 11:00:00,145.64,146.11,145.46,145.86,6320.979
2025-06-14 12:00:00,145.86,145.95,144.93,145.53,14330.908
2025-06-14 13:00:00,145.53,145.93,145.01,145.52,13410.911
2025-06-14 14:00:00,145.52,145.78,145.0,145.27,7907.703
2025-06-14 15:00:00,145.27,145.48,143.83,144.56,28254.331
2025-06-14 16:00:00,144.56,144.96,142.94,143.38,24653.218
2025-06-14 17:00:00,143.38,144.66,143.04,144.47,16387.643
2025-06-14 18:00:00,144.47,145.12,143.07,144.11,20315.846
2025-06-14 19:00:00,144.11,144.47,143.48,143.5,11735.723
2025-06-14 20:00:00,143.5,143.72,141.96,142.89,36490.763
2025-06-14 21:00:00,142.89,144.83,142.67,144.55,19700.969
2025-06-14 22:00:00,144.55,144.9,143.97,144.3,16029.714
2025-06-14 23:00:00,144.3,145.02,144.26,144.65,9049.414
2025-06-15 00:00:00,144.65,145.79,144.58,145.6,14241.566
2025-06-15 01:00:00,145.6,145.68,144.82,145.04,6793.884
2025-06-15 02:00:00,145.04,146.05,145.03,145.53,6157.652
2025-06-15 03:00:00,145.53,145.86,145.49,145.74,5124.83
2025-06-15 04:00:00,145.74,146.44,145.67,146.25,11203.175
2025-06-15 05:00:00,146.25,147.39,145.74,147.34,28988.574
2025-06-15 06:00:00,147.34,148.07,146.2,146.45,41341.981
2025-06-15 07:00:00,146.45,146.53,145.75,145.87,28314.327
2025-06-15 08:00:00,145.87,146.0,145.08,145.45,11337.361
2025-06-15 09:00:00,145.45,145.45,144.22,144.32,28371.701
2025-06-15 10:00:00,144.32,145.93,144.31,145.85,19046.131
2025-06-15 11:00:00,145.85,146.69,145.5,146.33,27713.076
2025-06-15 12:00:00,146.33,147.82,146.14,147.69,17728.699
2025-06-15 13:00:00,147.69,148.36,146.95,148.35,36204.519
2025-06-15 14:00:00,148.35,152.44,147.94,151.88,92679.156
2025-06-15 15:00:00,151.88,152.96,150.57,150.84,60365.454
2025-06-15 16:00:00,150.84,152.0,150.17,151.94,33068.618
2025-06-15 17:00:00,151.94,152.63,151.5,152.24,30925.433
2025-06-15 18:00:00,152.24,152.84,151.33,152.72,25783.056
2025-06-15 19:00:00,152.72,153.52,151.87,152.22,31166.517
2025-06-15 20:00:00,152.22,152.33,148.19,148.85,46679.541
2025-06-15 21:00:00,148.85,150.77,148.17,150.55,24254.565
2025-06-15 22:00:00,150.55,152.58,150.25,152.07,37835.165
2025-06-15 23:00:00,152.07,153.01,151.62,152.97,27107.105
2025-06-16 00:00:00,152.97,153.27,151.55,152.0,45330.071
2025-06-16 01:00:00,152.0,156.65,151.0,156.56,99159.066
2025-06-16 02:00:00,156.56,157.35,155.49,155.71,60187.232
2025-06-16 03:00:00,155.71,156.26,155.54,155.57,18576.713
2025-06-16 04:00:00,155.57,157.17,155.51,156.8,28947.563
2025-06-16 05:00:00,156.8,157.98,156.47,156.74,56663.342
2025-06-16 06:00:00,156.74,157.17,156.35,156.47,30547.325
2025-06-16 07:00:00,156.47,157.57,156.47,157.28,39247.182
2025-06-16 08:00:00,157.28,157.5,156.56,156.96,38049.265
2025-06-16 09:00:00,156.96,157.01,156.01,156.5,35057.01
2025-06-16 10:00:00,156.5,157.09,155.88,156.1,26594.39
2025-06-16 11:00:00,156.1,156.88,154.83,156.48,56543.539
2025-06-16 12:00:00,156.48,156.75,155.19,155.29,23378.192
2025-06-16 13:00:00,155.29,156.75,154.69,156.6,62672.191
2025-06-16 14:00:00,156.6,157.79,155.64,156.45,60252.922
2025-06-16 15:00:00,156.45,157.5,156.13,156.57,33694.444
2025-06-16 16:00:00,156.57,158.19,156.34,157.52,44602.429
2025-06-16 17:00:00,157.52,158.05,156.98,157.22,30904.775
2025-06-16 18:00:00,157.22,158.21,157.0,158.18,23763.349
2025-06-16 19:00:00,158.18,158.74,157.17,157.81,45132.898
2025-06-16 20:00:00,157.81,157.87,156.81,157.3,46583.833
2025-06-16 21:00:00,157.3,157.56,156.36,156.67,13869.825
2025-06-16 22:00:00,156.67,157.24,151.83,153.0,88572.06
2025-06-16 23:00:00,153.0,154.12,150.29,150.72,66796.528
2025-06-17 00:00:00,150.72,151.98,147.51,151.98,121390.394
2025-06-17 01:00:00,151.98,152.28,151.0,151.59,30461.675
2025-06-17 02:00:00,151.59,153.39,150.91,153.24,28583.092
2025-06-17 03:00:00,153.24,153.97,152.57,153.35,21137.793
2025-06-17 04:00:00,153.35,153.67,152.41,153.06,18340.65
2025-06-17 05:00:00,153.06,153.9,152.7,153.6,17880.037
2025-06-17 06:00:00,153.6,154.31,152.69,153.06,31134.01
2025-06-17 07:00:00,153.06,153.37,152.49,152.69,31891.441
2025-06-17 08:00:00,152.69,152.9,151.47,151.57,35258.166
2025-06-17 09:00:00,151.57,152.02,151.04,151.52,34577.516
2025-06-17 10:00:00,151.52,151.53,150.3,151.21,33089.487
2025-06-17 11:00:00,151.21,151.21,150.18,150.53,26481.474
2025-06-17 12:00:00,150.53,151.41,149.53,149.68,44783.029
2025-06-17 13:00:00,149.68,150.53,149.15,149.6,34972.624
2025-06-17 14:00:00,149.6,150.78,148.71,148.84,38992.904
2025-06-17 15:00:00,148.84,149.05,146.53,147.64,75422.375
2025-06-17 16:00:00,147.64,148.02,145.98,146.03,69324.932
2025-06-17 17:00:00,146.03,147.34,145.62,146.29,79698.568
2025-06-17 18:00:00,146.29,148.16,145.65,148.15,39033.525
2025-06-17 19:00:00,148.15,150.4,147.84,148.89,99344.568
2025-06-17 20:00:00,148.89,149.25,148.09,148.66,31399.718
2025-06-17 21:00:00,148.66,148.97,146.68,147.78,54631.096
2025-06-17 22:00:00,147.78,147.93,146.28,146.44,16553.814
2025-06-17 23:00:00,146.44,148.34,146.37,147.59,13608.169
2025-06-18 00:00:00,147.59,148.25,146.55,148.24,22415.779
2025-06-18 01:00:00,148.24,149.11,147.5,147.55,19318.498
2025-06-18 02:00:00,147.55,148.2,147.2,147.57,10186.837
2025-06-18 03:00:00,147.57,148.55,147.39,148.37,13249.514
2025-06-18 04:00:00,148.37,149.27,148.19,148.79,15341.58
2025-06-18 05:00:00,148.79,149.09,148.25,148.31,12734.663
2025-06-18 06:00:00,148.31,148.35,146.9,147.22,20127.025
2025-06-18 07:00:00,147.22,147.98,147.02,147.98,16569.213
2025-06-18 08:00:00,147.98,148.54,147.08,147.64,46582.047
2025-06-18 09:00:00,147.64,148.37,147.2,147.44,15970.725
2025-06-18 10:00:00,147.44,147.54,145.35,145.71,50452.423
2025-06-18 11:00:00,145.71,146.77,145.52,146.51,28115.509
2025-06-18 12:00:00,146.51,146.58,145.0,145.16,42378.025
2025-06-18 13:00:00,145.16,145.49,143.78,145.29,113896.407
2025-06-18 14:00:00,145.29,146.8,144.64,145.3,63967.422
2025-06-18 15:00:00,145.3,146.14,144.67,145.75,44525.256
2025-06-18 16:00:00,145.75,145.76,144.43,144.86,30520.564
2025-06-18 17:00:00,144.86,145.9,143.94,145.58,38874.549
2025-06-18 18:00:00,145.58,146.5,143.97,143.98,56354.361
2025-06-18 19:00:00,143.98,146.03,143.66,144.72,58391.53
2025-06-18 20:00:00,144.72,147.87,144.08,147.47,30504.926
2025-06-18 21:00:00,147.47,147.85,146.26,147.56,23480.641
2025-06-18 22:00:00,147.56,147.92,147.15,147.38,19363.918
2025-06-18 23:00:00,147.38,147.81,145.96,146.36,14452.793
2025-06-19 00:00:00,146.36,147.9,145.85,146.9,23491.421
2025-06-19 01:00:00,146.9,146.97,145.45,145.69,20983.979
2025-06-19 02:00:00,145.69,146.18,144.98,145.49,12712.339
2025-06-19 03:00:00,145.49,146.7,145.49,146.59,14325.648
2025-06-19 04:00:00,146.59,146.65,145.6,146.57,32748.684
2025-06-19 05:00:00,146.57,147.16,145.88,145.96,17883.439
2025-06-19 06:00:00,145.96,146.19,145.02,145.12,18712.593
2025-06-19 07:00:00,145.12,145.59,145.01,145.07,13025.851
2025-06-19 08:00:00,145.07,145.92,145.07,145.17,42121.648
2025-06-19 09:00:00,145.17,146.26,145.05,146.13,15466.466
2025-06-19 10:00:00,146.13,146.5,145.78,146.08,17328.591
2025-06-19 11:00:00,146.08,146.11,144.85,145.09,21199.626
2025-06-19 12:00:00,145.09,145.5,144.52,145.22,23664.874
2025-06-19 13:00:00,145.22,145.35,143.78,143.92,32326.296
2025-06-19 14:00:00,143.92,144.64,142.95,143.14,57394.375
2025-06-19 15:00:00,143.14,143.92,142.92,143.15,23921.781
2025-06-19 16:00:00,143.15,144.18,143.13,143.3,19576.352
2025-06-19 17:00:00,143.3,145.22,143.12,144.79,34278.719
2025-06-19 18:00:00,144.79,146.04,144.69,145.36,30450.156
2025-06-19 19:00:00,145.36,145.85,145.05,145.5,19512.475
2025-06-19 20:00:00,145.5,146.21,145.04,145.37,18263.687
2025-06-19 21:00:00,145.37,146.02,145.21,145.69,29247.842
2025-06-19 22:00:00,145.69,147.48,145.69,146.7,26345.865
2025-06-19 23:00:00,146.7,147.27,146.4,147.04,11790.937
2025-06-20 00:00:00,147.04,147.53,146.6,146.97,17131.942
2025-06-20 01:00:00,146.97,147.27,146.18,147.15,10746.491
2025-06-20 02:00:00,147.15,147.18,145.67,145.97,17299.991
2025-06-20 03:00:00,145.97,146.08,145.44,145.47,11648.288
2025-06-20 04:00:00,145.47,145.63,144.3,144.51,23976.291
2025-06-20 05:00:00,144.51,145.49,144.5,145.33,17435.479
2025-06-20 06:00:00,145.33,145.72,145.0,145.49,12806.775
2025-06-20 07:00:00,145.49,147.76,145.24,147.45,50757.836
2025-06-20 08:00:00,147.45,148.23,146.92,147.41,80592.956
2025-06-20 09:00:00,147.41,147.82,147.16,147.76,17799.762
2025-06-20 10:00:00,147.76,148.81,147.61,148.58,41089.217
2025-06-20 11:00:00,148.58,148.66,147.9,148.17,31763.666
2025-06-20 12:00:00,148.17,148.38,147.42,147.49,20704.86
2025-06-20 13:00:00,147.49,147.97,146.04,146.65,37960.093
2025-06-20 14:00:00,146.65,146.87,143.75,143.97,58883.839
2025-06-20 15:00:00,143.97,144.42,142.39,142.85,91036.624
2025-06-20 16:00:00,142.85,143.01,141.92,142.34,44899.92
2025-06-20 17:00:00,142.34,142.68,135.62,138.4,309487.389
2025-06-20 18:00:00,138.4,139.51,137.96,139.28,103225.971
2025-06-20 19:00:00,139.28,139.91,138.04,139.81,70557.958
2025-06-20 20:00:00,139.81,141.7,139.76,140.95,72534.588
2025-06-20 21:00:00,140.95,141.03,140.02,140.16,21145.288
2025-06-20 22:00:00,140.16,140.18,138.66,139.07,21163.735
2025-06-20 23:00:00,139.07,140.17,138.78,140.09,11022.774
2025-06-21 00:00:00,140.09,140.45,139.53,139.93,10937.964
2025-06-21 01:00:00,139.93,140.6,139.88,140.22,15096.475
2025-06-21 02:00:00,140.22,140.43,139.62,139.98,7770.18
2025-06-21 03:00:00,139.98,141.33,139.96,140.75,31675.957
2025-06-21 04:00:00,140.75,140.98,140.04,140.09,9575.869
2025-06-21 05:00:00,140.09,140.57,139.95,140.39,7810.973
2025-06-21 06:00:00,140.39,140.52,140.03,140.44,13545.383
2025-06-21 07:00:00,140.44,140.72,139.86,140.64,9123.903
2025-06-21 08:00:00,140.64,141.9,140.29,141.62,17567.339
2025-06-21 09:00:00,141.62,142.03,140.99,141.9,53433.15
2025-06-21 10:00:00,141.9,142.62,141.71,142.22,50000.064
2025-06-21 11:00:00,142.22,142.53,141.91,142.05,20877.428
2025-06-21 12:00:00,142.05,142.45,141.49,141.72,23619.177
2025-06-21 13:00:00,141.72,142.22,140.25,140.7,33687.361
2025-06-21 14:00:00,140.7,141.39,140.18,140.39,45344.176
2025-06-21 15:00:00,140.39,140.78,139.16,140.32,50169.434
2025-06-21 16:00:00,140.32,141.06,139.81,140.14,26847.854
2025-06-21 17:00:00,140.14,140.91,138.27,138.67,30586.992
2025-06-21 18:00:00,138.67,139.64,137.38,137.72,45263.046
2025-06-21 19:00:00,137.72,138.31,137.24,137.3,33046.82
2025-06-21 20:00:00,137.3,138.9,136.84,138.43,35937.798
2025-06-21 21:00:00,138.43,138.6,130.83,132.75,127867.774
2025-06-21 22:00:00,132.75,134.74,132.69,134.19,48977.675
2025-06-21 23:00:00,134.19,135.64,131.92,135.38,111342.147
2025-06-22 00:00:00,135.38,137.6,134.04,136.52,94119.04
2025-06-22 01:00:00,136.52,137.17,134.88,135.04,32796.831
2025-06-22 02:00:00,135.04,136.12,133.21,134.7,54902.724
2025-06-22 03:00:00,134.7,135.55,134.04,135.11,33520.115
2025-06-22 04:00:00,135.11,136.29,134.62,135.82,33068.099
2025-06-22 05:00:00,135.82,136.49,135.47,136.24,30475.716
2025-06-22 06:00:00,136.24,136.5,135.57,135.93,16654.214
2025-06-22 07:00:00,135.93,135.93,134.44,134.82,44536.431
2025-06-22 08:00:00,134.82,135.08,134.11,134.89,25574.64
2025-06-22 09:00:00,134.89,135.37,132.28,132.32,54839.839
2025-06-22 10:00:00,132.32,133.76,131.95,133.21,50898.072
2025-06-22 11:00:00,133.21,134.03,132.46,133.25,37643.506
2025-06-22 12:00:00,133.25,133.87,132.51,133.5,36058.41
2025-06-22 13:00:00,133.5,133.76,126.81,128.72,292096.542
2025-06-22 14:00:00,128.72,130.25,126.51,129.88,180630.084
2025-06-22 15:00:00,129.88,130.44,128.22,128.57,79504.127
2025-06-22 16:00:00,128.57,129.92,128.29,129.83,68414.685
2025-06-22 17:00:00,129.83,131.46,129.32,130.49,61266.608
2025-06-22 18:00:00,130.49,131.12,129.3,129.45,39922.65
2025-06-22 19:00:00,129.45,129.51,128.54,129.07,41173.75
2025-06-22 20:00:00,129.07,130.13,126.0,129.55,153648.992
2025-06-22 21:00:00,129.55,130.05,127.97,129.01,52171.591
2025-06-22 22:00:00,129.01,132.45,128.83,132.17,91120.695
2025-06-22 23:00:00,132.17,132.57,131.42,131.71,28512.357
2025-06-23 00:00:00,131.71,133.52,131.52,132.53,42700.425
2025-06-23 01:00:00,132.53,133.15,131.73,133.05,25613.733
2025-06-23 02:00:00,133.05,133.23,132.54,132.85,15253.194
2025-06-23 03:00:00,132.85,133.15,132.29,132.67,13824.413
2025-06-23 04:00:00,132.67,133.73,132.36,133.17,22286.83
2025-06-23 05:00:00,133.17,134.77,133.13,134.41,29765.971
2025-06-23 06:00:00,134.41,134.76,133.58,134.3,28699.688
2025-06-23 07:00:00,134.3,135.0,134.01,134.37,28212.572
2025-06-23 08:00:00,134.37,134.88,133.94,134.35,18630.066
2025-06-23 09:00:00,134.35,134.46,133.46,134.34,27690.746
2025-06-23 10:00:00,134.34,134.52,133.29,133.82,21181.383
2025-06-23 11:00:00,133.82,134.45,133.24,134.1,16418.266
2025-06-23 12:00:00,134.1,135.54,133.76,135.52,35324.941
2025-06-23 13:00:00,135.52,136.95,132.92,136.64,147580.553
2025-06-23 14:00:00,136.64,137.49,134.58,134.77,116644.054
2025-06-23 15:00:00,134.77,135.49,133.13,133.41,53088.687
2025-06-23 16:00:00,133.41,133.64,130.67,132.51,121665.185
2025-06-23 17:00:00,132.51,137.27,132.27,136.77,144070.095
2025-06-23 18:00:00,136.77,139.33,136.76,138.11,119521.887
2025-06-23 19:00:00,138.11,140.24,138.06,139.77,66806.961
2025-06-23 20:00:00,139.77,142.26,139.23,140.59,137168.94
2025-06-23 21:00:00,140.59,141.72,140.46,140.93,34851.648
2025-06-23 22:00:00,140.93,146.93,140.92,144.89,248806.629
2025-06-23 23:00:00,144.89,145.24,144.21,144.5,43441.554
2025-06-24 00:00:00,144.5,144.78,143.02,143.34,40385.859
2025-06-24 01:00:00,143.34,144.39,142.98,143.84,19429.273
2025-06-24 02:00:00,143.84,143.84,142.3,142.53,30428.589
2025-06-24 03:00:00,142.53,143.56,142.47,143.25,23145.591
2025-06-24 04:00:00,143.25,143.54,142.86,143.27,23834.987
2025-06-24 05:00:00,143.27,145.58,143.14,145.47,54792.506
2025-06-24 06:00:00,145.47,146.76,144.77,146.08,51398.571
2025-06-24 07:00:00,146.08,146.39,143.87,143.99,57940.824
2025-06-24 08:00:00,143.99,144.86,143.43,144.24,48705.039
2025-06-24 09:00:00,144.24,145.81,143.73,143.98,56682.547
2025-06-24 10:00:00,143.98,144.22,143.3,144.08,23189.069
2025-06-24 11:00:00,144.08,144.71,143.02,144.54,25788.336
2025-06-24 12:00:00,144.54,144.91,143.72,144.43,19986.045
2025-06-24 13:00:00,144.43,145.01,143.44,144.03,46605.722
2025-06-24 14:00:00,144.03,145.71,143.9,144.99,45811.246
2025-06-24 15:00:00,144.99,145.62,143.63,144.31,31981.946
2025-06-24 16:00:00,144.31,146.61,143.77,146.48,48648.464
2025-06-24 17:00:00,146.48,146.62,143.92,144.81,44709.468
2025-06-24 18:00:00,144.81,145.19,143.5,143.7,28267.568
2025-06-24 19:00:00,143.7,143.91,142.85,143.6,33677.615
2025-06-24 20:00:00,143.6,145.15,143.17,145.07,18539.721
2025-06-24 21:00:00,145.07,145.69,144.41,145.43,16839.341
2025-06-24 22:00:00,145.43,145.43,144.4,144.99,11285.658
2025-06-24 23:00:00,144.99,145.95,144.47,145.92,24064.236
2025-06-25 00:00:00,145.92,146.32,145.02,146.08,78046.666
2025-06-25 01:00:00,146.08,146.2,145.08,145.83,27353.326
2025-06-25 02:00:00,145.83,146.92,145.62,145.9,64689.846
2025-06-25 03:00:00,145.9,146.35,145.51,145.51,16270.916
2025-06-25 04:00:00,145.51,145.61,144.88,145.41,15037.994
2025-06-25 05:00:00,145.41,145.83,145.12,145.4,15921.838
2025-06-25 06:00:00,145.4,146.44,145.21,146.32,24562.016
2025-06-25 07:00:00,146.32,147.53,146.02,147.01,49233.407
2025-06-25 08:00:00,147.01,147.14,145.03,145.86,33369.281
2025-06-25 09:00:00,145.86,146.84,145.04,145.5,39964.889
2025-06-25 10:00:00,145.5,146.27,145.09,145.89,27828.457
2025-06-25 11:00:00,145.89,146.38,145.17,146.26,24326.565
2025-06-25 12:00:00,146.26,146.48,145.43,146.42,22742.986
2025-06-25 13:00:00,146.42,147.96,146.14,147.37,66475.675
2025-06-25 14:00:00,147.37,147.45,144.75,145.65,62235.819
2025-06-25 15:00:00,145.65,145.68,143.11,143.69,70809.458
2025-06-25 16:00:00,143.69,144.26,142.82,143.43,50015.58
2025-06-25 17:00:00,143.43,144.56,143.08,143.87,45519.785
2025-06-25 18:00:00,143.87,143.95,143.11,143.3,32139.579
2025-06-25 19:00:00,143.3,144.75,143.25,144.74,49852.279
2025-06-25 20:00:00,144.74,145.18,144.18,145.08,29300.744
2025-06-25 21:00:00,145.08,145.6,144.08,144.38,20894.649
2025-06-25 22:00:00,144.38,144.39,142.94,143.19,32458.264
2025-06-25 23:00:00,143.19,143.6,142.29,143.54,50051.451
2025-06-26 00:00:00,143.54,144.37,143.39,144.16,12655.404
2025-06-26 01:00:00,144.16,146.18,143.68,145.3,58754.47
2025-06-26 02:00:00,145.3,146.49,144.94,146.22,32286.801
2025-06-26 03:00:00,146.22,148.0,145.69,145.91,48264.699
2025-06-26 04:00:00,145.91,146.09,144.97,145.43,18109.566
2025-06-26 05:00:00,145.43,145.73,144.04,144.51,29324.708
2025-06-26 06:00:00,144.51,145.14,144.21,144.86,19066.963
2025-06-26 07:00:00,144.86,145.92,144.75,145.13,35323.758
2025-06-26 08:00:00,145.13,145.81,144.69,144.86,20073.449
2025-06-26 09:00:00,144.86,145.15,143.64,143.82,38063.652
2025-06-26 10:00:00,143.82,144.23,143.19,143.54,18766.619
2025-06-26 11:00:00,143.54,143.95,143.13,143.62,24080.62
2025-06-26 12:00:00,143.62,143.96,142.74,142.98,74233.528
2025-06-26 13:00:00,142.98,143.25,141.4,141.8,86026.721
2025-06-26 14:00:00,141.8,143.75,141.51,143.12,69798.615
2025-06-26 15:00:00,143.12,143.58,141.56,143.01,53913.487
2025-06-26 16:00:00,143.01,143.24,142.11,142.34,19362.354
2025-06-26 17:00:00,142.34,143.06,141.58,141.71,22643.567
2025-06-26 18:00:00,141.71,142.51,140.91,141.5,38292.983
2025-06-26 19:00:00,141.5,142.63,141.19,142.29,27932.474
2025-06-26 20:00:00,142.29,143.96,142.0,142.97,32649.455
2025-06-26 21:00:00,142.97,143.24,139.42,140.41,53317.792
2025-06-26 22:00:00,140.41,140.88,138.93,139.02,30102.37
2025-06-26 23:00:00,139.02,139.35,138.64,139.07,22536.717
2025-06-27 00:00:00,139.07,139.34,137.86,137.86,35741.114
2025-06-27 01:00:00,137.86,139.88,137.17,139.45,41968.173
2025-06-27 02:00:00,139.45,141.03,139.24,140.88,19158.221
2025-06-27 03:00:00,140.88,141.59,140.74,141.37,19382.474
2025-06-27 04:00:00,141.37,141.59,140.86,141.33,26218.854
2025-06-27 05:00:00,141.33,142.11,140.51,140.67,36738.24
2025-06-27 06:00:00,140.67,141.41,140.32,141.27,26391.324
2025-06-27 07:00:00,141.27,142.22,140.2,140.34,38551.352
2025-06-27 08:00:00,140.34,142.8,140.34,142.23,40658.376
2025-06-27 09:00:00,142.23,142.31,141.55,142.08,28762.834
2025-06-27 10:00:00,142.08,142.26,141.52,141.88,15545.381
2025-06-27 11:00:00,141.88,142.34,141.6,142.14,16514.605
2025-06-27 12:00:00,142.14,142.8,141.16,141.36,31346.025
2025-06-27 13:00:00,141.36,142.97,141.17,142.75,32806.778
2025-06-27 14:00:00,142.75,143.47,141.32,141.88,52329.558
2025-06-27 15:00:00,141.88,143.87,141.61,143.46,47182.584
2025-06-27 16:00:00,143.46,144.85,143.09,143.73,70553.225
2025-06-27 17:00:00,143.73,143.87,140.82,141.57,46660.951
2025-06-27 18:00:00,141.57,141.76,140.11,140.65,29034.884
2025-06-27 19:00:00,140.65,142.05,140.51,141.78,39872.32
2025-06-27 20:00:00,141.78,142.88,141.63,142.88,27308.143
2025-06-27 21:00:00,142.88,143.35,142.37,142.58,58083.847
2025-06-27 22:00:00,142.58,143.03,142.57,142.65,8452.117
2025-06-27 23:00:00,142.65,142.65,141.85,142.1,15800.154
2025-06-28 00:00:00,142.1,142.48,141.47,141.75,26389.767
2025-06-28 01:00:00,141.75,142.67,141.14,142.59,48694.379
2025-06-28 02:00:00,142.59,143.42,142.53,143.03,17608.403
2025-06-28 03:00:00,143.03,143.54,142.85,143.39,17407.575
2025-06-28 04:00:00,143.39,143.44,143.08,143.24,10769.124
2025-06-28 05:00:00,143.24,144.12,143.23,143.89,43845.277
2025-06-28 06:00:00,143.89,144.81,143.78,144.81,29689.828
2025-06-28 07:00:00,144.81,146.79,144.57,146.57,52246.085
2025-06-28 08:00:00,146.57,147.23,146.18,146.39,56803.365
2025-06-28 09:00:00,146.39,147.55,145.63,147.21,39425.775
2025-06-28 10:00:00,147.21,147.49,146.79,146.95,13721.355
2025-06-28 11:00:00,146.95,147.52,146.94,147.12,17874.097
2025-06-28 12:00:00,147.12,147.31,146.4,146.44,17995.421
2025-06-28 13:00:00,146.44,146.84,145.89,146.13,19677.166
2025-06-28 14:00:00,146.13,147.09,146.12,146.83,18550.64
2025-06-28 15:00:00,146.83,148.68,146.72,148.17,40878.936
2025-06-28 16:00:00,148.17,149.84,148.07,149.16,86797.892
2025-06-28 17:00:00,149.16,152.7,149.11,152.13,70160.01
2025-06-28 18:00:00,152.13,152.25,150.39,151.28,52795.57
2025-06-28 19:00:00,151.28,151.57,150.65,150.67,36147.441
2025-06-28 20:00:00,150.67,150.91,150.05,150.07,16977.119
2025-06-28 21:00:00,150.07,151.21,150.05,151.05,35783.538
2025-06-28 22:00:00,151.05,151.37,150.52,150.81,42874.435
2025-06-28 23:00:00,150.81,151.26,150.54,150.71,24080.79
2025-06-29 00:00:00,150.71,151.07,150.26,150.64,18684.638
2025-06-29 01:00:00,150.64,150.88,150.22,150.26,8083.869
2025-06-29 02:00:00,150.26,150.33,149.36,149.87,20629.911
2025-06-29 03:00:00,149.87,150.16,149.48,149.48,12466.152
2025-06-29 04:00:00,149.48,149.96,149.38,149.78,6920.768
2025-06-29 05:00:00,149.78,149.91,149.41,149.71,19473.571
2025-06-29 06:00:00,149.71,150.23,149.61,149.77,13936.362
2025-06-29 07:00:00,149.77,150.34,149.57,150.33,30579.378
2025-06-29 08:00:00,150.33,151.0,149.96,150.78,39529.58
2025-06-29 09:00:00,150.78,152.25,150.49,151.1,55051.335
2025-06-29 10:00:00,151.1,151.8,150.88,151.41,67644.046
2025-06-29 11:00:00,151.41,151.74,150.92,151.69,23794.318
2025-06-29 12:00:00,151.69,152.0,150.89,151.87,31967.395
2025-06-29 13:00:00,151.87,152.0,151.13,151.78,37264.45
2025-06-29 14:00:00,151.78,152.55,151.18,151.29,57271.33
2025-06-29 15:00:00,151.29,151.78,150.71,150.76,36216.174
2025-06-29 16:00:00,150.76,150.97,149.74,150.52,44087.579
2025-06-29 17:00:00,150.52,151.43,150.35,151.43,25786.637
2025-06-29 18:00:00,151.43,152.23,151.16,151.83,38770.101
2025-06-29 19:00:00,151.83,151.89,150.95,151.2,36900.986
2025-06-29 20:00:00,151.2,151.42,150.82,150.83,19438.251
2025-06-29 21:00:00,150.83,152.01,150.36,151.67,25747.737
2025-06-29 22:00:00,151.67,154.75,151.59,152.94,131778.874
2025-06-29 23:00:00,152.94,153.77,152.54,153.3,50696.606
2025-06-30 00:00:00,153.3,154.08,152.49,152.6,61079.783
2025-06-30 01:00:00,152.6,152.62,151.63,152.04,26224.283
2025-06-30 02:00:00,152.04,152.66,151.94,152.03,13739.99
2025-06-30 03:00:00,152.03,152.19,151.3,151.79,17747.935
2025-06-30 04:00:00,151.79,152.02,150.96,151.11,18564.028
2025-06-30 05:00:00,151.11,151.43,150.54,151.31,31333.527
2025-06-30 06:00:00,151.31,151.4,149.98,150.45,26939.356
2025-06-30 07:00:00,150.45,150.77,149.71,150.62,33946.865
2025-06-30 08:00:00,150.62,150.82,149.44,149.85,37851.801
2025-06-30 09:00:00,149.85,150.48,149.65,149.88,33162.928
2025-06-30 10:00:00,149.88,150.4,149.88,150.31,17524.152
2025-06-30 11:00:00,150.31,151.04,150.08,150.38,24688.888
2025-06-30 12:00:00,150.38,150.69,149.74,149.93,38455.932
2025-06-30 13:00:00,149.93,151.76,149.83,150.88,40928.148
2025-06-30 14:00:00,150.88,152.35,149.93,151.34,74446.71
2025-06-30 15:00:00,151.34,159.96,150.84,157.86,400534.785
2025-06-30 16:00:00,157.86,158.46,156.32,157.01,108610.824
2025-06-30 17:00:00,157.01,157.44,156.46,156.76,58761.418
2025-06-30 18:00:00,156.76,157.68,155.34,155.79,39119.931
2025-06-30 19:00:00,155.79,157.97,155.66,157.75,63364.237
2025-06-30 20:00:00,157.75,157.8,156.12,156.59,43575.291
2025-06-30 21:00:00,156.59,156.86,155.41,155.59,50159.823
2025-06-30 22:00:00,155.59,156.03,155.03,155.18,22670.778
2025-06-30 23:00:00,155.18,155.8,154.51,154.83,20085.807
2025-07-01 00:00:00,154.83,155.63,153.38,154.76,35772.512
2025-07-01 01:00:00,154.76,155.24,154.32,154.41,21705.099
2025-07-01 02:00:00,154.41,154.41,153.15,153.34,25859.229
2025-07-01 03:00:00,153.34,153.96,153.18,153.91,25990.722
2025-07-01 04:00:00,153.91,153.91,152.45,152.5,27485.724
2025-07-01 05:00:00,152.5,152.79,151.0,151.49,36128.017
2025-07-01 06:00:00,151.49,151.52,150.97,151.28,27164.201
2025-07-01 07:00:00,151.28,151.51,148.87,150.08,77611.97
2025-07-01 08:00:00,150.08,150.08,148.96,149.05,39017.822
2025-07-01 09:00:00,149.05,149.4,148.41,149.22,35340.227
2025-07-01 10:00:00,149.22,149.37,148.6,148.98,35909.884
2025-07-01 11:00:00,148.98,149.22,148.19,148.85,29753.241
2025-07-01 12:00:00,148.85,149.07,147.94,148.35,24600.928
2025-07-01 13:00:00,148.35,148.55,146.95,148.34,63385.155
2025-07-01 14:00:00,148.34,149.3,146.24,147.23,94105.452
2025-07-01 15:00:00,147.23,147.85,146.78,147.21,31670.988
2025-07-01 16:00:00,147.21,148.37,147.07,148.32,29178.702
2025-07-01 17:00:00,148.32,148.44,147.61,147.91,25117.909
2025-07-01 18:00:00,147.91,147.94,145.5,146.0,42600.329
2025-07-01 19:00:00,146.0,146.7,145.33,145.46,51133.055
2025-07-01 20:00:00,145.46,146.67,144.8,146.43,40106.367
2025-07-01 21:00:00,146.43,146.99,146.04,146.49,32437.45
2025-07-01 22:00:00,146.49,147.03,146.22,146.72,18409.119
2025-07-01 23:00:00,146.72,146.96,146.29,146.89,11320.749
2025-07-02 00:00:00,146.89,147.54,146.6,146.75,21302.671
2025-07-02 01:00:00,146.75,147.92,145.81,147.85,29356.285
2025-07-02 02:00:00,147.85,148.45,147.29,148.4,21257.943
2025-07-02 03:00:00,148.4,149.23,148.26,148.87,26322.157
2025-07-02 04:00:00,148.87,149.23,148.31,149.12,17477.096
2025-07-02 05:00:00,149.12,149.17,148.51,149.03,17739.092
2025-07-02 06:00:00,149.03,149.76,148.69,149.66,30583.624
2025-07-02 07:00:00,149.66,149.89,148.87,149.1,27727.209
2025-07-02 08:00:00,149.1,149.97,149.1,149.19,32821.231
2025-07-02 09:00:00,149.19,149.59,148.59,148.65,21073.068
2025-07-02 10:00:00,148.65,149.52,148.46,149.47,11938.586
2025-07-02 11:00:00,149.47,149.69,148.42,148.63,19844.251
2025-07-02 12:00:00,148.63,148.63,147.12,147.68,22772.014
2025-07-02 13:00:00,147.68,149.93,147.63,149.28,51522.584
2025-07-02 14:00:00,149.28,150.65,149.05,150.25,60834.415
2025-07-02 15:00:00,150.25,151.57,149.99,151.31,62077.517
2025-07-02 16:00:00,151.31,153.62,151.08,153.11,98517.368
2025-07-02 17:00:00,153.11,153.52,150.33,151.59,63639.389
2025-07-02 18:00:00,151.59,152.31,151.33,152.3,40654.819
2025-07-02 19:00:00,152.3,153.19,151.4,153.02,40836.689
2025-07-02 20:00:00,153.02,153.96,152.45,152.81,45938.04
2025-07-02 21:00:00,152.81,154.0,152.8,153.79,19414.922
2025-07-02 22:00:00,153.79,154.46,153.35,153.53,17599.728
2025-07-02 23:00:00,153.53,153.66,151.96,152.28,24475.158
2025-07-03 00:00:00,152.28,153.27,151.93,153.07,15866.629
2025-07-03 01:00:00,153.07,153.27,152.49,153.12,11930.767
2025-07-03 02:00:00,153.12,153.16,151.74,152.77,22469.249
2025-07-03 03:00:00,152.77,154.01,152.77,153.4,13885.711
2025-07-03 04:00:00,153.4,154.04,153.2,153.8,22672.221
2025-07-03 05:00:00,153.8,155.92,153.75,155.68,44665.832
2025-07-03 06:00:00,155.68,155.94,155.12,155.44,20065.328
2025-07-03 07:00:00,155.44,155.77,154.82,155.59,15687.868
2025-07-03 08:00:00,155.59,155.91,155.17,155.2,14011.284
2025-07-03 09:00:00,155.2,156.36,155.14,155.66,27757.949
2025-07-03 10:00:00,155.66,155.79,154.44,154.85,24642.798
2025-07-03 11:00:00,154.85,155.02,154.14,154.53,20008.466
2025-07-03 12:00:00,154.53,155.29,151.93,153.12,68172.944
2025-07-03 13:00:00,153.12,154.98,152.52,154.55,61779.181
2025-07-03 14:00:00,154.55,154.92,151.92,152.28,68982.569
2025-07-03 15:00:00,152.28,152.72,149.84,150.17,66626.177
2025-07-03 16:00:00,150.17,151.15,149.91,150.64,38038.865
2025-07-03 17:00:00,150.64,151.67,150.61,151.51,22078.841
2025-07-03 18:00:00,151.51,151.85,150.65,151.7,28314.725
2025-07-03 19:00:00,151.7,152.05,151.41,151.78,31576.159
2025-07-03 20:00:00,151.78,152.79,151.78,152.78,26241.289
2025-07-03 21:00:00,152.78,153.15,152.5,153.03,26628.376
2025-07-03 22:00:00,153.03,153.24,152.57,152.94,20873.273
2025-07-03 23:00:00,152.94,153.05,152.13,152.33,16613.884
2025-07-04 00:00:00,152.33,152.81,152.03,152.4,40246.846
2025-07-04 01:00:00,152.4,153.48,152.3,152.42,24102.268
2025-07-04 02:00:00,152.42,152.59,150.96,151.26,26322.918
2025-07-04 03:00:00,151.26,151.96,150.92,151.69,14220.041
2025-07-04 04:00:00,151.69,152.56,151.52,151.56,18382.892
2025-07-04 05:00:00,151.56,153.85,151.5,153.22,35675.766
2025-07-04 06:00:00,153.22,153.27,151.73,152.41,27183.033
2025-07-04 07:00:00,152.41,152.88,150.29,150.47,41563.491
2025-07-04 08:00:00,150.47,150.49,149.01,149.98,68326.779
2025-07-04 09:00:00,149.98,150.94,149.85,150.84,18937.007
2025-07-04 10:00:00,150.84,150.95,149.93,150.08,16371.271
2025-07-04 11:00:00,150.08,150.76,150.05,150.22,8359.374
2025-07-04 12:00:00,150.22,150.72,149.84,150.51,10872.837
2025-07-04 13:00:00,150.51,151.24,148.42,148.53,55954.872
2025-07-04 14:00:00,148.53,148.87,147.49,148.1,67577.43
2025-07-04 15:00:00,148.1,148.27,146.29,146.58,47487.774
2025-07-04 16:00:00,146.58,147.02,145.22,145.9,79823.268
2025-07-04 17:00:00,145.9,146.7,145.63,146.64,36416.549
2025-07-04 18:00:00,146.64,146.74,145.84,146.37,25536.394
2025-07-04 19:00:00,146.37,146.81,146.07,146.71,15057.025
2025-07-04 20:00:00,146.71,147.22,146.54,146.85,16338.551
2025-07-04 21:00:00,146.85,147.33,146.36,147.21,19572.751
2025-07-04 22:00:00,147.21,148.32,146.94,148.26,29790.183
2025-07-04 23:00:00,148.26,148.27,147.35,147.69,25568.654
2025-07-05 00:00:00,147.69,148.45,147.56,148.29,16755.322
2025-07-05 01:00:00,148.29,148.33,147.75,148.2,7418.032
2025-07-05 02:00:00,148.2,148.22,147.17,148.03,8859.889
2025-07-05 03:00:00,148.03,148.43,147.65,147.76,9724.561
2025-07-05 04:00:00,147.76,148.07,147.24,147.24,9786.657
2025-07-05 05:00:00,147.24,147.43,146.73,147.36,20123.273
2025-07-05 06:00:00,147.36,148.34,147.06,148.18,17150.179
2025-07-05 07:00:00,148.18,148.52,147.69,147.86,12829.738
2025-07-05 08:00:00,147.86,147.88,147.04,147.34,14316.666
2025-07-05 09:00:00,147.34,147.99,146.79,147.92,13120.546
2025-07-05 10:00:00,147.92,148.19,147.72,147.93,8417.546
2025-07-05 11:00:00,147.93,148.52,147.91,148.18,10533.634
2025-07-05 12:00:00,148.18,148.3,147.69,148.26,18374.27
2025-07-05 13:00:00,148.26,148.69,147.81,147.96,21573.504
2025-07-05 14:00:00,147.96,148.14,147.63,148.06,11242.129
2025-07-05 15:00:00,148.06,148.22,147.06,147.13,10098.577
2025-07-05 16:00:00,147.13,147.27,145.9,146.69,39791.07
2025-07-05 17:00:00,146.69,147.24,146.42,146.87,15267.538
2025-07-05 18:00:00,146.87,146.92,145.97,146.39,14525.718
2025-07-05 19:00:00,146.39,146.98,146.12,146.89,9166.634
2025-07-05 20:00:00,146.89,147.22,146.46,147.22,10776.644
2025-07-05 21:00:00,147.22,147.51,146.87,147.41,7277.628
2025-07-05 22:00:00,147.41,147.89,147.1,147.83,7120.325
2025-07-05 23:00:00,147.83,148.02,147.52,147.57,7101.395
2025-07-06 00:00:00,147.57,147.66,147.18,147.62,7556.532
2025-07-06 01:00:00,147.62,147.67,146.92,147.24,10484.552
2025-07-06 02:00:00,147.24,147.59,146.96,146.99,5762.536
2025-07-06 03:00:00,146.99,147.38,146.86,147.36,10218.244
2025-07-06 04:00:00,147.36,147.8,147.2,147.31,9658.354
2025-07-06 05:00:00,147.31,147.43,147.07,147.19,4708.309
2025-07-06 06:00:00,147.19,148.32,147.15,148.06,22164.806
2025-07-06 07:00:00,148.06,148.49,147.87,147.88,26790.698
2025-07-06 08:00:00,147.88,148.01,147.24,147.54,11479.51
2025-07-06 09:00:00,147.54,147.71,146.81,146.87,11676.639
2025-07-06 10:00:00,146.87,147.63,146.77,147.32,18653.506
2025-07-06 11:00:00,147.32,148.01,147.11,147.97,13814.503
2025-07-06 12:00:00,147.97,148.98,147.83,148.98,19278.188
2025-07-06 13:00:00,148.98,152.09,148.43,151.35,83920.273
2025-07-06 14:00:00,151.35,152.02,150.67,151.59,67997.044
2025-07-06 15:00:00,151.59,151.88,150.82,151.52,32197.26
2025-07-06 16:00:00,151.52,153.23,151.22,153.13,46984.645
2025-07-06 17:00:00,153.13,153.19,152.27,152.48,19972.549
2025-07-06 18:00:00,152.48,152.56,150.99,151.41,27836.228
2025-07-06 19:00:00,151.41,151.77,150.68,151.27,11702.4
2025-07-06 20:00:00,151.27,151.97,151.24,151.45,11507.637
2025-07-06 21:00:00,151.45,153.87,151.44,152.22,51769.526
2025-07-06 22:00:00,152.22,153.47,152.22,152.47,22785.591
2025-07-06 23:00:00,152.47,152.54,151.46,151.85,28600.338
2025-07-07 00:00:00,151.85,151.97,150.82,151.13,19092.669
2025-07-07 01:00:00,151.13,151.38,150.25,151.24,17666.112
2025-07-07 02:00:00,151.24,152.77,151.22,152.04,21747.606
2025-07-07 03:00:00,152.04,152.89,151.77,151.89,23871.979
2025-07-07 04:00:00,151.89,152.17,151.76,151.77,10042.677
2025-07-07 05:00:00,151.77,152.15,151.56,151.94,27439.999
2025-07-07 06:00:00,151.94,152.03,151.04,151.22,18252.175
2025-07-07 07:00:00,151.22,152.47,150.89,152.38,15066.244
2025-07-07 08:00:00,152.38,152.94,152.23,152.66,28285.301
2025-07-07 09:00:00,152.66,152.66,152.05,152.18,23884.475
2025-07-07 10:00:00,152.18,152.5,151.65,152.26,11734.526
2025-07-07 11:00:00,152.26,153.6,152.14,152.78,23122.32
2025-07-07 12:00:00,152.78,152.87,151.43,151.71,21684.094
2025-07-07 13:00:00,151.71,153.43,151.19,153.08,38813.989
2025-07-07 14:00:00,153.08,153.34,151.58,151.69,28091.524
2025-07-07 15:00:00,151.69,152.38,151.03,151.09,23364.455
2025-07-07 16:00:00,151.09,151.57,149.71,150.35,54557.363
2025-07-07 17:00:00,150.35,150.86,149.62,149.96,50478.629
2025-07-07 18:00:00,149.96,150.32,149.02,150.1,59351.323
2025-07-07 19:00:00,150.1,150.65,148.64,148.95,96819.517
2025-07-07 20:00:00,148.95,148.95,147.77,148.34,63528.488
2025-07-07 21:00:00,148.34,148.8,147.76,148.6,33491.504
2025-07-07 22:00:00,148.6,148.64,147.68,148.47,27818.373
2025-07-07 23:00:00,148.47,148.91,148.44,148.89,25756.103
2025-07-08 00:00:00,148.89,150.09,148.72,149.15,39224.157
2025-07-08 01:00:00,149.15,149.32,148.6,148.74,21019.637
2025-07-08 02:00:00,148.74,149.3,147.85,148.0,40568.915
2025-07-08 03:00:00,148.0,148.99,147.93,148.65,9106.752
2025-07-08 04:00:00,148.65,149.08,148.21,149.05,8205.125
2025-07-08 05:00:00,149.05,149.36,148.6,149.24,9668.911
2025-07-08 06:00:00,149.24,149.61,149.06,149.26,21530.511
2025-07-08 07:00:00,149.26,149.77,148.86,149.65,18920.602
2025-07-08 08:00:00,149.65,150.27,149.54,149.91,26064.199
2025-07-08 09:00:00,149.91,150.56,149.69,150.2,22294.44
2025-07-08 10:00:00,150.2,151.34,150.2,151.11,36385.325
2025-07-08 11:00:00,151.11,151.67,150.97,151.3,21706.979
2025-07-08 12:00:00,151.3,152.49,151.29,152.41,35852.862
2025-07-08 13:00:00,152.41,152.89,151.51,152.03,52939.764
2025-07-08 14:00:00,152.03,152.08,150.53,150.83,59693.99
2025-07-08 15:00:00,150.83,151.15,149.78,149.87,46314.677
2025-07-08 16:00:00,149.87,150.56,149.43,150.53,48616.421
2025-07-08 17:00:00,150.53,152.25,150.44,152.05,62702.635
2025-07-08 18:00:00,152.05,152.85,151.69,152.83,60588.235
2025-07-08 19:00:00,152.83,152.84,151.34,151.65,42420.531
2025-07-08 20:00:00,151.65,151.71,150.0,150.0,29604.401
2025-07-08 21:00:00,150.0,150.91,149.96,150.83,20446.757
2025-07-08 22:00:00,150.83,151.57,150.53,151.57,11707.57
2025-07-08 23:00:00,151.57,151.94,151.28,151.65,12898.031
2025-07-09 00:00:00,151.65,151.76,151.09,151.71,18780.216
2025-07-09 01:00:00,151.71,152.37,151.14,151.5,25329.559
2025-07-09 02:00:00,151.5,152.21,151.38,151.81,11813.047
2025-07-09 03:00:00,151.81,152.22,151.21,151.31,21160.86
2025-07-09 04:00:00,151.31,151.49,150.54,151.17,9241.729
2025-07-09 05:00:00,151.17,153.9,151.16,153.15,79165.743
2025-07-09 06:00:00,153.15,153.48,152.37,152.91,26943.848
2025-07-09 07:00:00,152.91,153.26,152.58,153.04,15013.585
2025-07-09 08:00:00,153.04,153.16,152.34,152.47,21084.694
2025-07-09 09:00:00,152.47,152.97,152.33,152.86,11387.786
2025-07-09 10:00:00,152.86,153.23,152.58,153.16,12688.441
2025-07-09 11:00:00,153.16,154.42,153.06,153.72,63107.266
2025-07-09 12:00:00,153.72,154.64,153.33,154.06,64903.744
2025-07-09 13:00:00,154.06,154.84,153.59,153.76,62080.915
2025-07-09 14:00:00,153.76,155.52,152.86,153.74,86853.496
2025-07-09 15:00:00,153.74,154.56,153.37,153.98,32506.699
2025-07-09 16:00:00,153.98,155.02,153.69,154.85,33653.006
2025-07-09 17:00:00,154.85,154.92,153.24,153.64,43869.664
2025-07-09 18:00:00,153.64,155.3,153.57,154.67,66781.374
2025-07-09 19:00:00,154.67,157.84,154.59,157.29,121456.82
2025-07-09 20:00:00,157.29,157.54,155.45,156.04,82975.581
2025-07-09 21:00:00,156.04,157.62,156.0,156.73,39673.637
2025-07-09 22:00:00,156.73,157.93,156.73,157.68,26438.061
2025-07-09 23:00:00,157.68,157.95,156.99,157.07,28631.988
2025-07-10 00:00:00,157.07,157.53,155.95,155.95,20750.372
2025-07-10 01:00:00,155.95,157.9,155.95,157.62,20896.277
2025-07-10 02:00:00,157.62,159.36,157.62,158.32,67969.299
2025-07-10 03:00:00,158.32,158.38,157.23,157.37,19961.653
2025-07-10 04:00:00,157.37,157.68,156.9,157.68,17124.098
2025-07-10 05:00:00,157.68,157.78,156.93,157.25,25277.648
2025-07-10 06:00:00,157.25,157.49,156.68,157.43,15190.834
2025-07-10 07:00:00,157.43,158.65,157.36,157.91,39956.683
2025-07-10 08:00:00,157.91,159.18,157.83,158.93,29888.008
2025-07-10 09:00:00,158.93,159.09,157.95,158.07,13209.249
2025-07-10 10:00:00,158.07,158.14,157.43,157.92,23792.588
2025-07-10 11:00:00,157.92,157.92,157.2,157.66,14435.921
2025-07-10 12:00:00,157.66,157.66,157.02,157.47,15261.061
2025-07-10 13:00:00,157.47,158.38,156.74,157.05,43721.651
2025-07-10 14:00:00,157.05,157.7,156.23,156.84,48599.179
2025-07-10 15:00:00,156.84,157.03,155.65,156.47,37284.391
2025-07-10 16:00:00,156.47,158.74,156.16,158.4,86016.193
2025-07-10 17:00:00,158.4,161.2,157.96,160.91,136709.206
2025-07-10 18:00:00,160.91,161.02,158.35,159.08,92114.518
2025-07-10 19:00:00,159.08,159.68,158.69,159.34,28047.835
2025-07-10 20:00:00,159.34,160.51,159.22,160.39,45128.003
2025-07-10 21:00:00,160.39,164.36,160.28,163.84,143225.165
2025-07-10 22:00:00,163.84,165.4,163.33,164.7,85504.89
2025-07-10 23:00:00,164.7,165.23,163.28,164.33,39037.785
2025-07-11 00:00:00,164.33,164.39,161.95,163.05,43438.424
2025-07-11 01:00:00,163.05,164.79,162.97,164.51,22556.512
2025-07-11 02:00:00,164.51,165.22,164.08,164.97,47730.435
2025-07-11 03:00:00,164.97,165.41,164.01,165.24,44172.721
2025-07-11 04:00:00,165.24,165.24,164.02,165.02,26426.969
2025-07-11 05:00:00,165.02,166.84,164.95,165.29,89454.488
2025-07-11 06:00:00,165.29,166.0,163.44,163.64,103118.912
2025-07-11 07:00:00,163.64,164.29,163.14,163.27,79702.08
2025-07-11 08:00:00,163.27,164.07,163.27,163.89,31613.816
2025-07-11 09:00:00,163.89,165.36,163.65,164.8,47673.581
2025-07-11 10:00:00,164.8,165.23,164.18,164.8,38126.955
2025-07-11 11:00:00,164.8,165.05,163.59,163.86,34304.759
2025-07-11 12:00:00,163.86,165.23,163.34,165.23,38402.408
2025-07-11 13:00:00,165.23,166.93,164.26,166.4,137488.048
2025-07-11 14:00:00,166.4,168.2,165.47,166.63,137404.147
2025-07-11 15:00:00,166.63,166.85,161.77,162.34,151543.4
2025-07-11 16:00:00,162.34,165.45,161.28,163.22,159554.821
2025-07-11 17:00:00,163.22,164.5,162.99,164.5,45321.314
2025-07-11 18:00:00,164.5,165.04,163.59,164.41,37420.608
2025-07-11 19:00:00,164.41,164.64,163.29,164.58,34051.581
2025-07-11 20:00:00,164.58,164.84,162.62,162.72,31041.529
2025-07-11 21:00:00,162.72,163.13,161.31,162.16,43341.442
2025-07-11 22:00:00,162.16,162.63,159.55,161.67,70741.039
2025-07-11 23:00:00,161.67,162.99,161.59,162.93,25285.618
2025-07-12 00:00:00,162.93,163.37,161.78,163.01,30216.293
2025-07-12 01:00:00,163.01,163.79,162.98,163.45,20154.184
2025-07-12 02:00:00,163.45,163.91,162.85,162.96,15977.135
2025-07-12 03:00:00,162.96,163.66,162.84,163.44,18949.116
2025-07-12 04:00:00,163.44,163.61,162.18,162.51,18911.256
2025-07-12 05:00:00,162.51,163.19,162.03,163.01,14283.991
2025-07-12 06:00:00,163.01,163.61,162.45,163.46,15068.428
2025-07-12 07:00:00,163.46,163.83,162.74,163.22,25436.638
2025-07-12 08:00:00,163.22,163.42,162.13,162.65,25511.337
2025-07-12 09:00:00,162.65,162.97,162.25,162.63,16854.204
2025-07-12 10:00:00,162.63,163.15,162.29,162.98,26650.229
2025-07-12 11:00:00,162.98,163.0,161.4,161.61,30964.898
2025-07-12 12:00:00,161.61,161.81,158.75,159.82,91988.754
2025-07-12 13:00:00,159.82,159.82,158.3,159.7,107722.88
2025-07-12 14:00:00,159.7,160.47,158.86,159.12,55577.582
2025-07-12 15:00:00,159.12,159.58,157.78,158.15,75486.565
2025-07-12 16:00:00,158.15,159.45,157.91,158.75,38398.014
2025-07-12 17:00:00,158.75,160.63,158.69,160.47,37790.29
2025-07-12 18:00:00,160.47,160.73,159.81,160.3,57443.939
2025-07-12 19:00:00,160.3,160.74,160.2,160.73,18017.553
2025-07-12 20:00:00,160.73,160.8,159.0,159.0,21500.669
2025-07-12 21:00:00,159.0,160.6,158.96,160.6,27716.807
2025-07-12 22:00:00,160.6,160.64,159.63,160.45,8862.894
2025-07-12 23:00:00,160.45,160.96,159.88,160.71,24929.718
2025-07-13 00:00:00,160.71,161.75,160.19,160.88,38678.34
2025-07-13 01:00:00,160.88,161.74,160.77,161.5,14444.769
2025-07-13 02:00:00,161.5,161.76,160.65,161.39,27214.108
2025-07-13 03:00:00,161.39,161.48,160.83,161.18,30407.184
2025-07-13 04:00:00,161.18,162.13,161.03,161.98,21977.244
2025-07-13 05:00:00,161.98,162.25,161.32,161.37,19767.981
2025-07-13 06:00:00,161.37,162.15,161.28,161.6,12672.143
2025-07-13 07:00:00,161.6,162.78,161.46,162.64,15692.155
2025-07-13 08:00:00,162.64,162.73,161.64,162.22,17425.958
2025-07-13 09:00:00,162.22,162.52,161.57,161.88,15550.327
2025-07-13 10:00:00,161.88,162.1,161.58,161.83,7642.709
2025-07-13 11:00:00,161.83,162.72,161.69,162.04,27667.646
2025-07-13 12:00:00,162.04,162.87,161.79,162.69,37666.579
2025-07-13 13:00:00,162.69,163.01,161.96,162.93,61555.282
2025-07-13 14:00:00,162.93,164.19,162.35,162.79,75890.139
2025-07-13 15:00:00,162.79,163.46,161.86,162.03,46923.2
2025-07-13 16:00:00,162.03,162.46,160.88,160.93,87515.367
2025-07-13 17:00:00,160.93,162.77,160.51,162.66,39767.523
2025-07-13 18:00:00,162.66,163.26,162.37,163.06,46440.153
2025-07-13 19:00:00,163.06,163.55,162.52,162.53,23392.082
2025-07-13 20:00:00,162.53,163.07,161.97,162.57,20516.492
2025-07-13 21:00:00,162.57,162.57,160.04,160.55,32581.09
2025-07-13 22:00:00,160.55,161.08,159.65,160.79,31149.604
2025-07-13 23:00:00,160.79,161.46,160.3,161.14,31819.402
2025-07-14 00:00:00,161.14,162.3,160.62,161.66,22113.508
2025-07-14 01:00:00,161.66,162.86,161.5,162.8,21685.225
2025-07-14 02:00:00,162.8,165.51,162.61,164.9,59696.627
2025-07-14 03:00:00,164.9,168.22,164.7,167.09,121299.034
2025-07-14 04:00:00,167.09,167.9,166.76,167.51,56975.879
2025-07-14 05:00:00,167.51,168.66,165.49,166.8,111051.942
2025-07-14 06:00:00,166.8,166.85,165.35,165.72,63325.8
2025-07-14 07:00:00,165.72,168.37,165.66,167.24,85819.155
2025-07-14 08:00:00,167.24,167.52,166.06,167.46,48668.982
2025-07-14 09:00:00,167.46,168.15,167.06,167.35,43428.036
2025-07-14 10:00:00,167.35,167.66,166.47,167.57,39124.494
2025-07-14 11:00:00,167.57,167.69,166.31,166.56,40589.417
2025-07-14 12:00:00,166.56,167.41,166.4,166.94,57791.348
2025-07-14 13:00:00,166.94,168.51,166.19,167.95,58824.044
2025-07-14 14:00:00,167.95,168.65,165.46,166.71,90833.688
2025-07-14 15:00:00,166.71,166.72,163.03,163.95,81659.414
2025-07-14 16:00:00,163.95,165.33,163.29,165.23,49663.138
2025-07-14 17:00:00,165.23,165.25,163.53,164.32,41529.775
2025-07-14 18:00:00,164.32,164.5,162.62,162.74,41501.365
2025-07-14 19:00:00,162.74,164.3,162.43,164.27,31742.976
2025-07-14 20:00:00,164.27,164.27,161.94,162.96,40758.397
2025-07-14 21:00:00,162.96,162.96,162.17,162.5,20642.41
2025-07-14 22:00:00,162.5,162.77,161.76,162.3,18589.913
2025-07-14 23:00:00,162.3,162.44,161.7,162.22,36972.097
2025-07-15 00:00:00,162.22,162.9,161.14,161.4,33002.079
2025-07-15 01:00:00,161.4,162.36,160.33,161.09,46642.539
2025-07-15 02:00:00,161.09,161.55,159.11,160.57,71175.747
2025-07-15 03:00:00,160.57,160.7,158.15,159.13,93381.918
2025-07-15 04:00:00,159.13,160.22,158.3,160.12,35351.513
2025-07-15 05:00:00,160.12,160.55,159.8,160.24,32445.14
2025-07-15 06:00:00,160.24,160.85,159.98,160.4,35334.672
2025-07-15 07:00:00,160.4,160.72,159.37,159.55,28139.675
2025-07-15 08:00:00,159.55,159.63,158.39,159.24,26305.241
2025-07-15 09:00:00,159.24,159.94,159.07,159.11,19277.857
2025-07-15 10:00:00,159.11,159.88,159.08,159.54,21844.593
2025-07-15 11:00:00,159.54,160.15,158.95,159.87,24917.901
2025-07-15 12:00:00,159.87,161.04,158.32,159.91,104857.992
2025-07-15 13:00:00,159.91,162.05,159.72,161.23,101907.824
2025-07-15 14:00:00,161.23,162.19,157.24,157.79,127474.534
2025-07-15 15:00:00,157.79,160.97,157.31,160.46,83838.415
2025-07-15 16:00:00,160.46,161.62,160.28,160.98,91666.659
2025-07-15 17:00:00,160.98,162.85,160.87,162.8,53428.352
2025-07-15 18:00:00,162.8,163.65,160.79,161.85,133061.481
2025-07-15 19:00:00,161.85,162.88,159.95,160.22,65983.432
2025-07-15 20:00:00,160.22,161.26,159.7,160.68,66769.656
2025-07-15 21:00:00,160.68,162.67,160.53,161.92,37659.861
2025-07-15 22:00:00,161.92,162.57,161.37,162.56,31230.578
2025-07-15 23:00:00,162.56,164.28,162.55,164.01,48391.828
2025-07-16 00:00:00,164.01,165.27,163.55,164.77,54480.354
2025-07-16 01:00:00,164.77,164.81,163.76,163.95,33549.801
2025-07-16 02:00:00,163.95,164.11,161.51,162.1,34583.982
2025-07-16 03:00:00,162.1,162.76,161.89,162.53,19060.394
2025-07-16 04:00:00,162.53,162.89,161.8,162.5,19258.287
2025-07-16 05:00:00,162.5,163.58,162.5,163.19,27796.905
2025-07-16 06:00:00,163.19,164.21,162.62,164.15,28646.507
2025-07-16 07:00:00,164.15,164.65,163.62,164.05,31307.114
2025-07-16 08:00:00,164.05,165.6,163.8,165.51,57586.481
2025-07-16 09:00:00,165.51,167.6,165.48,167.29,117115.045
2025-07-16 10:00:00,167.29,167.48,165.96,166.02,47867.708
2025-07-16 11:00:00,166.02,166.84,166.01,166.64,27822.334
2025-07-16 12:00:00,166.64,167.49,166.51,166.59,33909.988
2025-07-16 13:00:00,166.59,167.33,166.18,167.27,46316.4
2025-07-16 14:00:00,167.27,167.94,166.61,167.54,80416.494
2025-07-16 15:00:00,167.54,168.82,165.38,168.42,97401.579
2025-07-16 16:00:00,168.42,173.28,168.37,172.56,240121.414
2025-07-16 17:00:00,172.56,174.61,172.07,173.65,111788.462
2025-07-16 18:00:00,173.65,174.71,172.98,173.39,85219.608
2025-07-16 19:00:00,173.39,174.49,172.55,174.15,63085.733
2025-07-16 20:00:00,174.15,175.08,173.75,174.67,67880.208
2025-07-16 21:00:00,174.67,176.0,173.92,174.44,61438.062
2025-07-16 22:00:00,174.44,175.83,173.43,173.78,44035.909
2025-07-16 23:00:00,173.78,173.93,172.38,173.61,32701.792
2025-07-17 00:00:00,173.61,174.86,172.99,173.0,30149.482
2025-07-17 01:00:00,173.0,173.35,169.57,171.48,70069.69
2025-07-17 02:00:00,171.48,172.09,170.19,171.34,21773.224
2025-07-17 03:00:00,171.34,171.46,168.71,169.54,37581.94
2025-07-17 04:00:00,169.54,171.35,169.25,171.34,25761.033
2025-07-17 05:00:00,171.34,172.13,170.47,172.02,42045.49
2025-07-17 06:00:00,172.02,174.08,171.32,173.87,72957.151
2025-07-17 07:00:00,173.87,174.17,171.78,174.03,66121.187
2025-07-17 08:00:00,174.03,174.12,172.64,173.68,41021.635
2025-07-17 09:00:00,173.68,178.18,173.47,177.18,126379.32
2025-07-17 10:00:00,177.18,177.8,175.75,176.35,102081.223
2025-07-17 11:00:00,176.35,176.83,175.21,176.16,60035.806
2025-07-17 12:00:00,176.16,177.54,174.62,176.78,103704.667
2025-07-17 13:00:00,176.78,177.0,172.76,174.37,96259.022
2025-07-17 14:00:00,174.37,175.32,173.48,174.89,40899.412
2025-07-17 15:00:00,174.89,175.17,172.83,174.16,41058.174
2025-07-17 16:00:00,174.16,174.45,171.22,172.84,54736.547
2025-07-17 17:00:00,172.84,174.4,172.26,174.24,44424.323
2025-07-17 18:00:00,174.24,174.8,173.57,174.79,35460.469
2025-07-17 19:00:00,174.79,175.43,172.84,173.03,48337.91
2025-07-17 20:00:00,173.03,173.7,171.35,173.52,41732.298
2025-07-17 21:00:00,173.52,176.55,173.47,175.51,125826.789
2025-07-17 22:00:00,175.51,177.42,174.86,175.49,57484.6
2025-07-17 23:00:00,175.49,176.88,175.18,175.87,48055.154
2025-07-18 00:00:00,175.87,179.89,175.28,179.81,96971.945
2025-07-18 01:00:00,179.81,181.16,178.93,180.6,127866.194
2025-07-18 02:00:00,180.6,180.63,178.89,179.64,70140.713
2025-07-18 03:00:00,179.64,181.04,179.57,180.82,55259.68
2025-07-18 04:00:00,180.82,181.97,179.85,181.86,94796.365
2025-07-18 05:00:00,181.86,184.66,181.22,183.6,167753.051
2025-07-18 06:00:00,183.6,183.87,182.28,183.52,98594.226
2025-07-18 07:00:00,183.52,184.21,180.92,180.98,72765.286
2025-07-18 08:00:00,180.98,181.98,178.61,179.42,94743.175
2025-07-18 09:00:00,179.42,180.04,178.77,179.97,40693.75
2025-07-18 10:00:00,179.97,179.97,177.98,179.38,62571.437
2025-07-18 11:00:00,179.38,179.5,177.06,178.42,42773.505
2025-07-18 12:00:00,178.42,180.15,178.3,180.12,36269.557
2025-07-18 13:00:00,180.12,182.0,179.1,180.74,76360.139
2025-07-18 14:00:00,180.74,181.5,176.7,178.51,126051.082
2025-07-18 15:00:00,178.51,178.79,174.95,177.02,101271.964
2025-07-18 16:00:00,177.02,179.1,176.17,178.41,62524.959
2025-07-18 17:00:00,178.41,179.11,177.7,178.47,35256.882
2025-07-18 18:00:00,178.47,178.81,177.53,177.95,29853.018
2025-07-18 19:00:00,177.95,178.53,176.15,176.97,36432.843
2025-07-18 20:00:00,176.97,177.12,173.24,175.33,125561.186
2025-07-18 21:00:00,175.33,177.04,175.21,175.96,38048.836
2025-07-18 22:00:00,175.96,176.98,174.85,175.94,40944.225
2025-07-18 23:00:00,175.94,177.62,175.15,177.29,49713.58
2025-07-19 00:00:00,177.29,177.46,175.11,175.21,22270.902
2025-07-19 01:00:00,175.21,176.79,173.99,176.62,27286.453
2025-07-19 02:00:00,176.62,177.27,175.69,177.15,34490.698
2025-07-19 03:00:00,177.15,177.68,176.9,177.46,25391.587
2025-07-19 04:00:00,177.46,177.69,177.03,177.32,20787.268
2025-07-19 05:00:00,177.32,177.77,176.79,177.57,34267.171
2025-07-19 06:00:00,177.57,177.65,176.11,176.29,54656.826
2025-07-19 07:00:00,176.29,177.32,176.14,177.01,15805.764
2025-07-19 08:00:00,177.01,177.15,175.41,176.02,20223.049
2025-07-19 09:00:00,176.02,177.02,175.81,176.69,11951.492
2025-07-19 10:00:00,176.69,177.64,176.48,177.38,20748.742
2025-07-19 11:00:00,177.38,177.79,176.15,176.57,52684.582
2025-07-19 12:00:00,176.57,177.4,175.69,177.32,38206.914
2025-07-19 13:00:00,177.32,177.83,176.91,177.44,35008.735
2025-07-19 14:00:00,177.44,177.84,174.79,175.01,57844.19
2025-07-19 15:00:00,175.01,177.48,174.85,177.41,42832.984
2025-07-19 16:00:00,177.41,177.87,176.5,177.56,39331.41
2025-07-19 17:00:00,177.56,177.83,176.15,176.35,22170.031
2025-07-19 18:00:00,176.35,177.52,176.18,176.84,14586.611
2025-07-19 19:00:00,176.84,178.12,176.23,177.05,43423.454
2025-07-19 20:00:00,177.05,178.61,176.96,177.43,61801.84
2025-07-19 21:00:00,177.43,177.8,175.12,175.92,44880.907
2025-07-19 22:00:00,175.92,176.6,175.29,176.43,10132.278
2025-07-19 23:00:00,176.43,177.1,176.2,176.97,11123.08
2025-07-20 00:00:00,176.97,177.96,176.35,177.65,23036.679
2025-07-20 01:00:00,177.65,179.75,177.63,177.88,252501.942
2025-07-20 02:00:00,177.88,177.95,176.99,177.55,20541.884
2025-07-20 03:00:00,177.55,178.8,177.16,177.98,35652.018
2025-07-20 04:00:00,177.98,178.59,177.5,177.62,19985.143
2025-07-20 05:00:00,177.62,178.01,177.12,177.81,11244.763
2025-07-20 06:00:00,177.81,177.81,176.95,177.35,10354.188
2025-07-20 07:00:00,177.35,178.69,177.21,177.95,40813.272
2025-07-20 08:00:00,177.95,180.72,177.95,180.71,66941.131
2025-07-20 09:00:00,180.71,181.53,179.62,179.75,44722.202
2025-07-20 10:00:00,179.75,180.44,179.44,179.59,28061.31
2025-07-20 11:00:00,179.59,181.03,179.33,180.41,24730.351
2025-07-20 12:00:00,180.41,181.96,179.93,181.77,49111.176
2025-07-20 13:00:00,181.77,183.18,181.58,183.01,52652.536
2025-07-20 14:00:00,183.01,183.07,180.74,180.86,50934.046
2025-07-20 15:00:00,180.86,182.03,180.1,181.96,40746.947
2025-07-20 16:00:00,181.96,183.24,181.64,182.09,59789.138
2025-07-20 17:00:00,182.09,182.09,180.27,180.58,60697.532
2025-07-20 18:00:00,180.58,182.6,180.23,182.23,40379.785
2025-07-20 19:00:00,182.23,183.69,181.67,181.97,53079.058
2025-07-20 20:00:00,181.97,182.26,180.49,181.25,41538.102
2025-07-20 21:00:00,181.25,182.35,180.67,182.32,32407.001
2025-07-20 22:00:00,182.32,182.39,177.76,180.51,107657.333
2025-07-20 23:00:00,180.51,181.67,179.43,181.45,31551.954
2025-07-21 00:00:00,181.45,181.75,178.4,180.27,59584.186
2025-07-21 01:00:00,180.27,180.57,178.26,180.11,40994.762
2025-07-21 02:00:00,180.11,184.65,180.09,184.34,126474.795
2025-07-21 03:00:00,184.34,187.07,183.93,186.72,129923.415
2025-07-21 04:00:00,186.72,187.27,185.76,185.76,65378.718
2025-07-21 05:00:00,185.76,188.96,185.06,188.3,61793.494
2025-07-21 06:00:00,188.3,189.81,187.92,189.28,129460.498
2025-07-21 07:00:00,189.28,191.08,189.17,190.09,72093.382
2025-07-21 08:00:00,190.09,192.0,189.7,190.83,141425.48
2025-07-21 09:00:00,190.83,191.78,190.09,191.63,107137.728
2025-07-21 10:00:00,191.63,192.01,190.84,191.26,102019.465
2025-07-21 11:00:00,191.26,192.98,190.73,191.43,102164.572
2025-07-21 12:00:00,191.43,191.9,190.28,191.58,95235.637
2025-07-21 13:00:00,191.58,193.4,190.27,192.45,97015.766
2025-07-21 14:00:00,192.45,195.38,191.43,195.28,139829.803
2025-07-21 15:00:00,195.28,199.3,195.11,196.79,261232.462
2025-07-21 16:00:00,196.79,197.05,193.26,195.18,148012.496
2025-07-21 17:00:00,195.18,196.69,194.49,196.14,82117.545
2025-07-21 18:00:00,196.14,197.29,193.46,193.78,63590.662
2025-07-21 19:00:00,193.78,195.52,193.02,194.69,78310.53
2025-07-21 20:00:00,194.69,196.6,193.7,193.93,91266.46
2025-07-21 21:00:00,193.93,196.62,193.66,196.13,38648.605
2025-07-21 22:00:00,196.13,197.81,195.53,197.3,45554.032
2025-07-21 23:00:00,197.3,197.5,195.54,195.7,32590.087
2025-07-22 00:00:00,195.7,199.11,195.7,197.67,106458.276
2025-07-22 01:00:00,197.67,202.46,193.76,202.1,243830.825
2025-07-22 02:00:00,202.1,204.65,201.03,201.95,190059.272
2025-07-22 03:00:00,201.95,203.04,197.45,200.11,168424.41
2025-07-22 04:00:00,200.11,200.2,194.12,194.29,159830.25
2025-07-22 05:00:00,194.29,199.14,194.29,196.62,111175.778
2025-07-22 06:00:00,196.62,200.76,196.0,199.02,75041.59
2025-07-22 07:00:00,199.02,201.23,197.42,198.09,67134.538
2025-07-22 08:00:00,198.09,198.09,194.08,196.97,123082.026
2025-07-22 09:00:00,196.97,199.16,194.35,197.26,93289.568
2025-07-22 10:00:00,197.26,199.14,197.14,199.12,30135.371
2025-07-22 11:00:00,199.12,200.16,197.66,199.89,39539.877
2025-07-22 12:00:00,199.89,203.71,199.05,203.06,108491.847
2025-07-22 13:00:00,203.06,204.1,198.22,199.01,195969.749
2025-07-22 14:00:00,199.01,202.27,196.92,202.17,109672.109
2025-07-22 15:00:00,202.17,205.0,201.36,201.85,155422.462
2025-07-22 16:00:00,201.85,204.29,200.77,203.79,82152.069
2025-07-22 17:00:00,203.79,203.91,200.79,202.87,72748.153
2025-07-22 18:00:00,202.87,203.95,201.19,202.55,83828.317
2025-07-22 19:00:00,202.55,202.74,198.35,198.87,92675.281
2025-07-22 20:00:00,198.87,201.36,198.37,200.63,71091.1
2025-07-22 21:00:00,200.63,201.94,199.86,201.41,33476.726
2025-07-22 22:00:00,201.41,202.91,201.38,201.94,39260.829
2025-07-22 23:00:00,201.94,206.33,201.92,205.72,121454.502
2025-07-23 00:00:00,205.72,205.76,203.42,204.3,84244.806
2025-07-23 01:00:00,204.3,204.56,202.64,203.06,35966.647
2025-07-23 02:00:00,203.06,203.37,201.62,202.31,55502.848
2025-07-23 03:00:00,202.31,202.72,200.97,201.41,39605.659
2025-07-23 04:00:00,201.41,202.26,201.01,201.67,24236.848
2025-07-23 05:00:00,201.67,202.05,200.84,201.58,28915.994
2025-07-23 06:00:00,201.58,201.94,199.7,200.62,57360.223
2025-07-23 07:00:00,200.62,201.15,198.86,199.47,61994.087
2025-07-23 08:00:00,199.47,199.85,198.7,199.83,46565.2
2025-07-23 09:00:00,199.83,200.02,197.52,197.66,50566.257
2025-07-23 10:00:00,197.66,198.03,195.94,197.95,93472.624
2025-07-23 11:00:00,197.95,198.22,196.91,197.43,39234.795
2025-07-23 12:00:00,197.43,197.57,193.58,194.15,157153.122
2025-07-23 13:00:00,194.15,194.85,187.67,189.22,393744.032
2025-07-23 14:00:00,189.22,192.38,188.73,191.61,126103.473
2025-07-23 15:00:00,191.61,192.81,189.64,192.72,81199.022
2025-07-23 16:00:00,192.72,192.76,188.14,188.29,86167.376
2025-07-23 17:00:00,188.29,189.29,186.02,188.7,147833.561
2025-07-23 18:00:00,188.7,190.32,188.2,190.23,59146.265
2025-07-23 19:00:00,190.23,190.31,188.05,188.11,38992.509
2025-07-23 20:00:00,188.11,189.79,184.46,186.78,151799.722
2025-07-23 21:00:00,186.78,188.27,184.03,187.97,130904.468
2025-07-23 22:00:00,187.97,189.7,186.51,189.09,45495.723
2025-07-23 23:00:00,189.09,190.06,188.87,189.41,27151.994
2025-07-24 00:00:00,189.41,191.03,188.48,190.99,35697.658
2025-07-24 01:00:00,190.99,191.59,189.26,191.55,33641.376
2025-07-24 02:00:00,191.55,191.7,190.4,191.15,29411.634
2025-07-24 03:00:00,191.15,191.92,189.67,189.85,31029.154
2025-07-24 04:00:00,189.85,190.14,185.35,186.03,68659.519
2025-07-24 05:00:00,186.03,186.21,181.27,181.87,134760.868
2025-07-24 06:00:00,181.87,184.12,179.88,181.08,122601.163
2025-07-24 07:00:00,181.08,184.32,179.22,184.21,94086.139
2025-07-24 08:00:00,184.21,186.36,183.27,186.04,55921.367
2025-07-24 09:00:00,186.04,186.48,184.46,185.22,68098.93
2025-07-24 10:00:00,185.22,186.28,182.92,184.9,59764.082
2025-07-24 11:00:00,184.9,186.93,184.88,186.39,48887.429
2025-07-24 12:00:00,186.39,186.84,184.63,186.02,67179.21
2025-07-24 13:00:00,186.02,187.41,184.29,184.58,52558.907
2025-07-24 14:00:00,184.58,190.07,183.37,189.53,109776.378
2025-07-24 15:00:00,189.53,191.79,187.55,188.52,109387.03
2025-07-24 16:00:00,188.52,188.84,184.83,185.83,82354.045
2025-07-24 17:00:00,185.83,189.63,185.71,188.79,42581.645
2025-07-24 18:00:00,188.79,189.9,187.79,189.28,48029.693
2025-07-24 19:00:00,189.28,190.06,187.89,188.02,36285.199
2025-07-24 20:00:00,188.02,189.09,187.6,188.87,21070.953
2025-07-24 21:00:00,188.87,188.89,185.6,185.6,34947.796
2025-07-24 22:00:00,185.6,185.88,183.43,183.77,45395.866
2025-07-24 23:00:00,183.77,183.77,182.02,182.89,35217.713
2025-07-25 00:00:00,182.89,183.18,180.56,181.93,52825.573
2025-07-25 01:00:00,181.93,183.42,180.77,182.94,65864.33
2025-07-25 02:00:00,182.94,183.49,178.52,178.82,88730.156
2025-07-25 03:00:00,178.82,179.74,175.64,177.72,124345.746
2025-07-25 04:00:00,177.72,179.67,176.05,179.49,77641.03
2025-07-25 05:00:00,179.49,179.77,177.91,178.71,22156.529
2025-07-25 06:00:00,178.71,178.94,177.32,178.09,34225.83
2025-07-25 07:00:00,178.09,178.89,175.91,177.49,53106.148
2025-07-25 08:00:00,177.49,179.35,176.88,177.86,54183.016
2025-07-25 09:00:00,177.86,180.87,177.38,180.82,49107.665
2025-07-25 10:00:00,180.82,181.69,179.75,180.73,35711.557
2025-07-25 11:00:00,180.73,182.12,180.73,181.13,36585.737
2025-07-25 12:00:00,181.13,181.9,180.0,180.79,37210.847
2025-07-25 13:00:00,180.79,181.47,179.57,181.16,36796.099
2025-07-25 14:00:00,181.16,181.38,176.37,176.6,105800.858
2025-07-25 15:00:00,176.6,178.61,176.25,178.21,50756.04
2025-07-25 16:00:00,178.21,179.96,177.46,179.72,39936.575
2025-07-25 17:00:00,179.72,181.1,179.37,180.71,36619.5
2025-07-25 18:00:00,180.71,182.72,180.68,182.31,37667.162
2025-07-25 19:00:00,182.31,182.85,181.77,182.16,34907.263
2025-07-25 20:00:00,182.16,184.45,182.07,183.78,35065.262
2025-07-25 21:00:00,183.78,185.28,183.78,185.04,42594.139
2025-07-25 22:00:00,185.04,186.19,184.99,186.08,31332.604
2025-07-25 23:00:00,186.08,186.84,185.58,186.74,16170.109
2025-07-26 00:00:00,186.74,186.9,185.65,185.88,17170.502
2025-07-26 01:00:00,185.88,186.11,184.49,184.5,25999.799
2025-07-26 02:00:00,184.5,186.85,184.49,186.52,33021.862
2025-07-26 03:00:00,186.52,186.64,185.7,185.99,10876.298
2025-07-26 04:00:00,185.99,186.43,185.68,185.96,17505.445
2025-07-26 05:00:00,185.96,187.14,185.66,186.74,38428.812
2025-07-26 06:00:00,186.74,186.76,185.89,186.08,14012.619
2025-07-26 07:00:00,186.08,186.87,186.07,186.46,12031.428
2025-07-26 08:00:00,186.46,188.03,186.46,188.01,22082.671
2025-07-26 09:00:00,188.01,192.75,187.48,189.01,75082.974
2025-07-26 10:00:00,189.01,189.8,188.17,188.26,39256.385
2025-07-26 11:00:00,188.26,188.56,187.3,187.75,74056.193
2025-07-26 12:00:00,187.75,188.48,187.27,187.92,27637.402
2025-07-26 13:00:00,187.92,188.21,187.29,187.56,24178.525
2025-07-26 14:00:00,187.56,187.93,186.26,186.43,31243.921
2025-07-26 15:00:00,186.43,187.73,186.07,187.53,23506.721
2025-07-26 16:00:00,187.53,187.82,186.48,186.84,31138.033
2025-07-26 17:00:00,186.84,186.93,184.98,185.63,105107.084
2025-07-26 18:00:00,185.63,186.41,185.07,185.99,17665.101
2025-07-26 19:00:00,185.99,186.64,185.82,186.43,9723.45
2025-07-26 20:00:00,186.43,186.5,185.28,185.89,14931.527
2025-07-26 21:00:00,185.89,186.46,185.42,186.37,11180.575
2025-07-26 22:00:00,186.37,186.79,184.82,185.1,23552.32
2025-07-26 23:00:00,185.1,185.1,184.24,184.88,42233.313
2025-07-27 00:00:00,184.88,185.52,184.55,185.44,10431.077
2025-07-27 01:00:00,185.44,186.56,185.14,186.29,12782.361
2025-07-27 02:00:00,186.29,187.16,185.83,187.14,12265.395
2025-07-27 03:00:00,187.14,187.62,186.24,187.2,28683.81
2025-07-27 04:00:00,187.2,187.6,186.64,187.48,22640.37
2025-07-27 05:00:00,187.48,188.35,187.3,187.85,54000.389
2025-07-27 06:00:00,187.85,188.05,187.04,187.07,15990.273
2025-07-27 07:00:00,187.07,187.88,186.64,187.24,26750.781
2025-07-27 08:00:00,187.24,187.51,186.27,186.74,29118.592
2025-07-27 09:00:00,186.74,187.34,186.2,186.38,24006.184
2025-07-27 10:00:00,186.38,188.49,186.35,187.66,35420.738
2025-07-27 11:00:00,187.66,188.58,186.81,187.01,33474.958
2025-07-27 12:00:00,187.01,187.36,185.51,186.44,36476.331
2025-07-27 13:00:00,186.44,186.79,185.52,185.78,23012.186
2025-07-27 14:00:00,185.78,186.53,185.15,185.78,20936.092
2025-07-27 15:00:00,185.78,186.5,184.88,186.48,34853.261
2025-07-27 16:00:00,186.48,189.77,186.38,187.67,201276.706
2025-07-27 17:00:00,187.67,188.33,185.92,188.03,152641.961
2025-07-27 18:00:00,188.03,188.78,187.45,188.39,31766.133
2025-07-27 19:00:00,188.39,188.57,186.89,186.93,20501.222
2025-07-27 20:00:00,186.93,188.21,186.65,187.14,12476.844
2025-07-27 21:00:00,187.14,187.97,186.45,187.97,40703.304
2025-07-27 22:00:00,187.97,190.72,187.83,188.93,77056.425
2025-07-27 23:00:00,188.93,189.1,187.17,188.66,32990.687
2025-07-28 00:00:00,188.66,191.15,188.08,189.69,40720.859
2025-07-28 01:00:00,189.69,190.17,187.63,188.29,43868.792
2025-07-28 02:00:00,188.29,191.98,187.88,191.55,95402.246
2025-07-28 03:00:00,191.55,193.86,191.25,193.36,118183.06
2025-07-28 04:00:00,193.36,194.08,192.51,193.08,47016.652
2025-07-28 05:00:00,193.08,195.28,192.7,194.36,56486.516
2025-07-28 06:00:00,194.36,194.54,193.53,194.02,45094.923
2025-07-28 07:00:00,194.02,194.11,191.61,192.34,67731.421
2025-07-28 08:00:00,192.34,192.84,191.24,192.6,28106.17
2025-07-28 09:00:00,192.6,193.32,191.83,193.13,29513.148
2025-07-28 10:00:00,193.13,193.29,191.7,192.28,49154.271
2025-07-28 11:00:00,192.28,192.32,190.61,191.99,43957.269
2025-07-28 12:00:00,191.99,193.51,191.33,192.87,60788.292
2025-07-28 13:00:00,192.87,192.94,189.26,190.18,94312.53
2025-07-28 14:00:00,190.18,190.68,186.71,187.48,138218.908
2025-07-28 15:00:00,187.48,189.08,186.53,187.17,75787.087
2025-07-28 16:00:00,187.17,187.99,186.11,186.64,71267.044
2025-07-28 17:00:00,186.64,187.41,185.32,185.87,43416.908
2025-07-28 18:00:00,185.87,186.3,183.43,185.19,105629.012
2025-07-28 19:00:00,185.19,186.46,183.64,185.28,52212.305
2025-07-28 20:00:00,185.28,185.56,182.64,184.2,47945.7
2025-07-28 21:00:00,184.2,185.23,183.36,184.28,19127.762
2025-07-28 22:00:00,184.28,184.65,182.14,183.64,30745.022
2025-07-28 23:00:00,183.64,184.08,182.24,183.08,19203.226
2025-07-29 00:00:00,183.08,184.76,181.0,182.8,61559.928
2025-07-29 01:00:00,182.8,184.04,181.66,181.74,20967.693
2025-07-29 02:00:00,181.74,182.43,180.64,182.25,35188.047
2025-07-29 03:00:00,182.25,184.81,182.24,184.34,32947.367
2025-07-29 04:00:00,184.34,184.78,183.24,183.42,12582.365
2025-07-29 05:00:00,183.42,184.86,183.23,184.86,15341.199
2025-07-29 06:00:00,184.86,185.56,184.51,184.81,20842.362
2025-07-29 07:00:00,184.81,186.62,184.81,186.02,48017.366
2025-07-29 08:00:00,186.02,186.49,184.84,184.9,61171.933
2025-07-29 09:00:00,184.9,185.2,184.23,184.57,25663.133
2025-07-29 10:00:00,184.57,184.77,182.23,182.36,53451.496
2025-07-29 11:00:00,182.36,183.5,182.34,182.91,17767.743
2025-07-29 12:00:00,182.91,184.53,182.55,183.87,28586.833
2025-07-29 13:00:00,183.87,184.98,182.16,182.68,48274.708
2025-07-29 14:00:00,182.68,182.79,179.63,180.4,97373.669
2025-07-29 15:00:00,180.4,181.48,179.26,180.82,54793.289
2025-07-29 16:00:00,180.82,180.97,178.29,180.08,41242.549
2025-07-29 17:00:00,180.08,181.72,179.83,181.48,21850.914
2025-07-29 18:00:00,181.48,182.11,180.71,181.46,10171.799
2025-07-29 19:00:00,181.46,182.37,180.39,181.09,39997.18
2025-07-29 20:00:00,181.09,181.9,179.57,180.07,35730.891
2025-07-29 21:00:00,180.07,181.63,179.29,181.25,14531.022
2025-07-29 22:00:00,181.25,181.84,180.41,181.72,10486.625
2025-07-29 23:00:00,181.72,182.0,180.9,181.47,7840.233
2025-07-30 00:00:00,181.47,181.56,179.28,180.22,14939.678
2025-07-30 01:00:00,180.22,181.9,178.81,181.39,22496.91
2025-07-30 02:00:00,181.39,182.37,181.1,181.76,20035.791
2025-07-30 03:00:00,181.76,182.25,181.33,181.7,6943.513
2025-07-30 04:00:00,181.7,182.11,180.18,180.29,11905.763
2025-07-30 05:00:00,180.29,181.24,179.32,181.02,20514.383
2025-07-30 06:00:00,181.02,182.04,180.79,181.99,9108.492
2025-07-30 07:00:00,181.99,182.55,180.35,180.83,16519.773
2025-07-30 08:00:00,180.83,181.49,179.83,180.52,22015.1
2025-07-30 09:00:00,180.52,180.91,178.64,179.1,37970.925
2025-07-30 10:00:00,179.1,180.1,177.71,178.0,35632.89
2025-07-30 11:00:00,178.0,178.7,176.4,177.29,88827.731
2025-07-30 12:00:00,177.29,178.06,176.63,177.51,63618.553
2025-07-30 13:00:00,177.51,178.27,176.67,177.97,46802.609
2025-07-30 14:00:00,177.97,180.58,177.71,180.11,44510.637
2025-07-30 15:00:00,180.11,180.39,178.24,179.2,29272.312
2025-07-30 16:00:00,179.2,180.03,178.34,178.66,23144.653
2025-07-30 17:00:00,178.66,179.37,178.25,179.35,19661.257
2025-07-30 18:00:00,179.35,180.18,175.78,175.91,79801.692
2025-07-30 19:00:00,175.91,176.48,170.26,176.13,221711.226
2025-07-30 20:00:00,176.13,177.46,175.69,176.18,35256.975
2025-07-30 21:00:00,176.18,176.65,174.77,175.89,18648.609
2025-07-30 22:00:00,175.89,176.43,175.12,176.32,14846.649
2025-07-30 23:00:00,176.32,178.09,176.24,177.75,24778.978
2025-07-31 00:00:00,177.75,179.7,177.62,179.42,21982.389
2025-07-31 01:00:00,179.42,180.07,178.89,179.48,19576.956
2025-07-31 02:00:00,179.48,180.33,179.19,180.33,14751.337
2025-07-31 03:00:00,180.33,180.55,179.97,180.31,23656.544
2025-07-31 04:00:00,180.31,180.87,179.81,180.85,14545.137
2025-07-31 05:00:00,180.85,181.23,180.6,180.76,16993.491
2025-07-31 06:00:00,180.76,181.63,180.32,181.28,36713.772
2025-07-31 07:00:00,181.28,181.4,180.88,181.25,19303.784
2025-07-31 08:00:00,181.25,182.12,181.08,181.68,35307.793
2025-07-31 09:00:00,181.68,182.72,181.57,182.54,59665.468
2025-07-31 10:00:00,182.54,182.64,181.36,181.38,23529.233
2025-07-31 11:00:00,181.38,181.58,180.24,180.75,29070.244
2025-07-31 12:00:00,180.75,180.93,178.75,179.36,59835.439
2025-07-31 13:00:00,179.36,179.39,176.7,177.71,56873.094
2025-07-31 14:00:00,177.71,178.24,175.57,175.7,74297.268
2025-07-31 15:00:00,175.7,177.49,175.24,177.35,48760.3
2025-07-31 16:00:00,177.35,179.76,177.16,179.28,41460.634
2025-07-31 17:00:00,179.28,179.31,176.81,177.28,42066.946
2025-07-31 18:00:00,177.28,178.12,175.54,177.76,80595.013
2025-07-31 19:00:00,177.76,178.21,174.76,175.31,81459.945
2025-07-31 20:00:00,175.31,175.75,174.22,175.46,75362.272
2025-07-31 21:00:00,175.46,175.67,172.68,173.83,34845.763
2025-07-31 22:00:00,173.83,174.34,172.37,172.9,41259.247
2025-07-31 23:00:00,172.9,173.75,171.43,172.25,42487.586
2025-08-01 00:00:00,172.25,172.27,167.38,170.3,171195.799
2025-08-01 01:00:00,170.3,170.88,167.94,169.56,75381.115
2025-08-01 02:00:00,169.56,171.85,169.21,171.42,72972.055
2025-08-01 03:00:00,171.42,172.2,170.94,171.13,81759.891
2025-08-01 04:00:00,171.13,171.13,169.26,169.66,73915.916
2025-08-01 05:00:00,169.66,170.29,168.2,169.11,47855.16
2025-08-01 06:00:00,169.11,169.64,167.97,169.54,45417.408
2025-08-01 07:00:00,169.54,169.97,168.24,169.42,59357.255
2025-08-01 08:00:00,169.42,169.42,166.1,167.63,96599.064
2025-08-01 09:00:00,167.63,168.92,167.21,167.36,39146.849
2025-08-01 10:00:00,167.36,168.75,167.07,168.61,41914.503
2025-08-01 11:00:00,168.61,169.25,167.8,169.18,25790.307
2025-08-01 12:00:00,169.18,170.36,168.36,169.01,74697.855
2025-08-01 13:00:00,169.01,169.8,164.8,165.66,92656.559
2025-08-01 14:00:00,165.66,169.69,164.54,169.38,105905.324
2025-08-01 15:00:00,169.38,169.5,167.08,168.56,89554.274
2025-08-01 16:00:00,168.56,169.75,166.5,166.92,44812.897
2025-08-01 17:00:00,166.92,167.68,165.41,166.54,56345.68
2025-08-01 18:00:00,166.54,167.21,165.08,165.73,84489.337
2025-08-01 19:00:00,165.73,167.57,165.38,166.45,93553.607
2025-08-01 20:00:00,166.45,166.83,161.7,163.78,153996.154
2025-08-01 21:00:00,163.78,164.87,163.5,163.88,28840.262
2025-08-01 22:00:00,163.88,163.98,159.03,161.26,224278.228
2025-08-01 23:00:00,161.26,163.04,160.95,162.69,46876.403
2025-08-02 00:00:00,162.69,164.63,162.53,164.63,39617.253
2025-08-02 01:00:00,164.63,164.83,163.8,164.76,23934.532
2025-08-02 02:00:00,164.76,165.03,164.24,164.56,28732.628
2025-08-02 03:00:00,164.56,164.87,164.13,164.36,23473.884
2025-08-02 04:00:00,164.36,165.26,163.94,165.15,14491.569
2025-08-02 05:00:00,165.15,165.21,164.56,164.69,10570.938
2025-08-02 06:00:00,164.69,164.77,161.8,162.76,50425.014
2025-08-02 07:00:00,162.76,164.48,161.87,164.42,22518.101
2025-08-02 08:00:00,164.42,164.82,163.46,163.71,18432.045
2025-08-02 09:00:00,163.71,164.31,163.33,163.77,22688.34
2025-08-02 10:00:00,163.77,163.93,162.23,163.04,21984.609
2025-08-02 11:00:00,163.04,165.11,162.22,164.48,31061.344
2025-08-02 12:00:00,164.48,164.63,163.48,164.38,11896.274
2025-08-02 13:00:00,164.38,164.96,163.61,164.45,26593.411
2025-08-02 14:00:00,164.45,164.75,162.25,162.68,33599.642
2025-08-02 15:00:00,162.68,163.75,161.01,161.5,31327.83
2025-08-02 16:00:00,161.5,162.04,160.15,161.54,50491.694
2025-08-02 17:00:00,161.54,162.18,158.35,159.29,70483.242
2025-08-02 18:00:00,159.29,159.75,155.82,156.61,166500.801
2025-08-02 19:00:00,156.61,158.51,155.94,157.44,75889.74
2025-08-02 20:00:00,157.44,158.97,157.37,158.96,31002.647
2025-08-02 21:00:00,158.96,159.54,158.07,158.85,29038.029
2025-08-02 22:00:00,158.85,159.79,157.7,159.04,22428.17
2025-08-02 23:00:00,159.04,159.29,157.06,158.48,48115.96
2025-08-03 00:00:00,158.48,159.78,156.29,159.68,75992.805
2025-08-03 01:00:00,159.68,160.23,159.14,159.54,24698.081
2025-08-03 02:00:00,159.54,160.74,159.51,160.57,15477.548
2025-08-03 03:00:00,160.57,161.07,160.39,160.85,13231.078
2025-08-03 04:00:00,160.85,160.92,160.02,160.44,21204.439
2025-08-03 05:00:00,160.44,160.94,160.17,160.35,15906.166
2025-08-03 06:00:00,160.35,160.8,160.05,160.57,7372.053
2025-08-03 07:00:00,160.57,161.61,160.57,161.37,23606.101
2025-08-03 08:00:00,161.37,161.77,160.83,161.4,17819.18
2025-08-03 09:00:00,161.4,161.51,160.68,161.18,12443.108
2025-08-03 10:00:00,161.18,161.82,161.09,161.66,16770.875
2025-08-03 11:00:00,161.66,162.9,161.41,161.47,27743.165
2025-08-03 12:00:00,161.47,162.22,160.9,161.76,28259.375
2025-08-03 13:00:00,161.76,162.33,160.66,161.35,45061.184
2025-08-03 14:00:00,161.35,161.59,160.36,161.33,42582.585
2025-08-03 15:00:00,161.33,162.3,160.77,162.09,23017.531
2025-08-03 16:00:00,162.09,162.32,161.12,162.2,18153.569
2025-08-03 17:00:00,162.2,162.75,161.69,162.15,50530.589
2025-08-03 18:00:00,162.15,162.24,161.29,161.99,35430.845
2025-08-03 19:00:00,161.99,162.66,161.37,161.64,26838.19
2025-08-03 20:00:00,161.64,161.73,160.73,161.47,44008.861
2025-08-03 21:00:00,161.47,162.21,161.21,162.03,22409.638
2025-08-03 22:00:00,162.03,162.45,160.9,161.92,38211.104
2025-08-03 23:00:00,161.92,163.14,161.63,161.96,43367.961
2025-08-04 00:00:00,161.96,164.63,161.41,164.53,34217.019
2025-08-04 01:00:00,164.53,164.96,163.12,163.33,35391.976
2025-08-04 02:00:00,163.33,164.34,162.6,164.31,27492.607
2025-08-04 03:00:00,164.31,164.38,162.85,162.97,12632.228
2025-08-04 04:00:00,162.97,163.43,162.2,162.31,39153.569
2025-08-04 05:00:00,162.31,162.43,161.48,162.22,30420.358
2025-08-04 06:00:00,162.22,162.44,161.25,162.21,34942.421
2025-08-04 07:00:00,162.21,163.29,162.04,163.03,25616.806
2025-08-04 08:00:00,163.03,164.04,162.64,163.76,51222.827
2025-08-04 09:00:00,163.76,164.04,162.41,162.46,14671.174
2025-08-04 10:00:00,162.46,163.0,162.11,162.37,35362.207
2025-08-04 11:00:00,162.37,162.56,161.62,162.38,28322.132
2025-08-04 12:00:00,162.38,163.69,162.14,163.68,22143.956
2025-08-04 13:00:00,163.68,165.83,163.21,165.46,79280.673
2025-08-04 14:00:00,165.46,166.92,164.49,165.02,81404.026
2025-08-04 15:00:00,165.02,166.0,164.53,165.47,45425.012
2025-08-04 16:00:00,165.47,168.19,165.46,168.01,50826.631
2025-08-04 17:00:00,168.01,169.82,167.62,167.82,77286.576
2025-08-04 18:00:00,167.82,168.13,166.41,166.63,56085.016
2025-08-04 19:00:00,166.63,166.63,164.99,165.63,49428.782
2025-08-04 20:00:00,165.63,168.43,165.26,167.28,53499.272
2025-08-04 21:00:00,167.28,168.77,167.26,168.51,29998.726
2025-08-04 22:00:00,168.51,169.55,168.24,169.46,37997.475
2025-08-04 23:00:00,169.46,169.79,168.95,169.57,37172.016
2025-08-05 00:00:00,169.57,169.77,168.6,169.31,47075.436
2025-08-05 01:00:00,169.31,169.99,168.17,168.24,29652.639
2025-08-05 02:00:00,168.24,169.44,167.96,169.43,23156.821
2025-08-05 03:00:00,169.43,169.44,167.58,167.92,25927.251
2025-08-05 04:00:00,167.92,168.51,167.22,167.49,15974.767
2025-08-05 05:00:00,167.49,168.59,167.42,168.4,18276.691
2025-08-05 06:00:00,168.4,169.27,167.15,167.7,34915.797
2025-08-05 07:00:00,167.7,168.52,165.8,166.22,58944.679
2025-08-05 08:00:00,166.22,167.24,165.65,166.84,42980.354
2025-08-05 09:00:00,166.84,169.4,166.76,168.87,45310.779
2025-08-05 10:00:00,168.87,171.75,168.42,171.04,70369.339
2025-08-05 11:00:00,171.04,171.66,170.51,170.9,62574.234
2025-08-05 12:00:00,170.9,171.06,166.77,167.22,96632.311
2025-08-05 13:00:00,167.22,168.15,166.63,167.77,93483.376
2025-08-05 14:00:00,167.77,167.81,163.58,164.29,195196.093
2025-08-05 15:00:00,164.29,165.32,162.95,163.77,85422.738
2025-08-05 16:00:00,163.77,164.74,162.75,163.84,38062.466
2025-08-05 17:00:00,163.84,164.96,163.37,164.82,26116.374
2025-08-05 18:00:00,164.82,164.96,163.0,163.99,19912.605
2025-08-05 19:00:00,163.99,164.52,162.26,162.75,25890.614
2025-08-05 20:00:00,162.75,163.71,162.35,162.58,19778.948
2025-08-05 21:00:00,162.58,163.44,161.56,162.38,20211.986
2025-08-05 22:00:00,162.38,163.87,161.28,163.86,19201.543
2025-08-05 23:00:00,163.86,164.55,163.61,164.07,26544.457
2025-08-06 00:00:00,164.07,164.16,162.55,162.75,27974.794
2025-08-06 01:00:00,162.75,163.11,161.72,162.87,25919.088
2025-08-06 02:00:00,162.87,163.3,161.88,162.68,14888.232
2025-08-06 03:00:00,162.68,162.79,161.14,161.85,21441.586
2025-08-06 04:00:00,161.85,162.56,161.26,162.44,15915.589
2025-08-06 05:00:00,162.44,164.79,162.12,164.26,33147.359
2025-08-06 06:00:00,164.26,164.32,163.4,163.91,15050.062
2025-08-06 07:00:00,163.91,164.61,163.61,164.26,17631.776
2025-08-06 08:00:00,164.26,164.5,162.75,163.33,30402.066
2025-08-06 09:00:00,163.33,164.54,162.95,163.97,19962.963
2025-08-06 10:00:00,163.97,164.18,162.89,163.65,18412.729
2025-08-06 11:00:00,163.65,164.66,163.24,164.19,14243.113
2025-08-06 12:00:00,164.19,164.7,162.64,163.27,31350.213
2025-08-06 13:00:00,163.27,164.76,163.13,164.3,70757.951
2025-08-06 14:00:00,164.3,168.01,163.97,167.88,118149.124
2025-08-06 15:00:00,167.88,169.42,167.21,169.03,104863.61
2025-08-06 16:00:00,169.03,169.48,167.31,167.74,66242.865
2025-08-06 17:00:00,167.74,169.13,167.16,169.12,38984.019
2025-08-06 18:00:00,169.12,169.94,168.39,168.51,62756.526
2025-08-06 19:00:00,168.51,169.11,167.96,168.84,58690.639
2025-08-06 20:00:00,168.84,168.86,167.76,168.0,40975.396
2025-08-06 21:00:00,168.0,168.61,167.3,168.06,20899.125
2025-08-06 22:00:00,168.06,168.53,167.83,168.39,13663.741
2025-08-06 23:00:00,168.39,168.43,167.86,168.09,34329.279
2025-08-07 00:00:00,168.09,168.41,167.5,167.88,16781.648
2025-08-07 01:00:00,167.88,169.0,167.71,167.88,36462.271
2025-08-07 02:00:00,167.88,168.03,166.77,167.09,20768.455
2025-08-07 03:00:00,167.09,167.46,166.7,166.89,12461.518
2025-08-07 04:00:00,166.89,167.59,166.76,167.12,10672.91
2025-08-07 05:00:00,167.12,168.76,166.9,168.74,12488.234
2025-08-07 06:00:00,168.74,169.71,168.58,169.17,36907.931
2025-08-07 07:00:00,169.17,170.38,169.15,170.0,30446.39
2025-08-07 08:00:00,170.0,170.54,169.23,169.37,21630.491
2025-08-07 09:00:00,169.37,169.75,169.06,169.65,30710.711
2025-08-07 10:00:00,169.65,173.35,169.4,173.13,119970.161
2025-08-07 11:00:00,173.13,173.51,172.56,172.83,49045.605
2025-08-07 12:00:00,172.83,173.19,171.52,172.43,79680.451
2025-08-07 13:00:00,172.43,172.66,171.34,171.72,54165.887
2025-08-07 14:00:00,171.72,171.78,169.93,170.29,44478.622
2025-08-07 15:00:00,170.29,170.83,169.7,170.47,36552.217
2025-08-07 16:00:00,170.47,170.59,167.02,168.22,65621.94
2025-08-07 17:00:00,168.22,169.56,167.97,169.43,40805.678
2025-08-07 18:00:00,169.43,169.96,168.76,169.81,32145.771
2025-08-07 19:00:00,169.81,171.9,169.79,171.75,45725.713
2025-08-07 20:00:00,171.75,173.2,171.52,172.93,61700.597
2025-08-07 21:00:00,172.93,174.2,172.51,173.56,43124.69
2025-08-07 22:00:00,173.56,175.17,173.56,175.09,36431.952
2025-08-07 23:00:00,175.09,175.51,174.39,175.37,25809.491
2025-08-08 00:00:00,175.37,175.57,173.62,174.29,87307.043
2025-08-08 01:00:00,174.29,174.84,173.44,174.54,55064.241
2025-08-08 02:00:00,174.54,175.28,173.85,174.83,19268.374
2025-08-08 03:00:00,174.83,175.96,174.48,174.72,29148.081
2025-08-08 04:00:00,174.72,175.19,173.87,174.4,32902.662
2025-08-08 05:00:00,174.4,174.8,174.08,174.21,22157.661
2025-08-08 06:00:00,174.21,175.12,173.88,175.08,19927.101
2025-08-08 07:00:00,175.08,177.86,174.32,177.14,63233.089
2025-08-08 08:00:00,177.14,177.81,174.89,175.37,34961.738
2025-08-08 09:00:00,175.37,176.13,175.0,176.05,14225.057
2025-08-08 10:00:00,176.05,177.01,175.72,176.65,18511.712
2025-08-08 11:00:00,176.65,177.95,176.56,177.65,23790.155
2025-08-08 12:00:00,177.65,177.66,176.08,176.44,28375.475
2025-08-08 13:00:00,176.44,178.77,175.47,178.63,58406.875
2025-08-08 14:00:00,178.63,179.14,175.45,176.49,76762.293
2025-08-08 15:00:00,176.49,176.71,174.19,175.22,58523.042
2025-08-08 16:00:00,175.22,176.35,175.2,175.92,42352.847
2025-08-08 17:00:00,175.92,179.37,175.58,179.36,65865.106
2025-08-08 18:00:00,179.36,179.67,177.22,177.59,88135.531
2025-08-08 19:00:00,177.59,178.49,177.4,178.48,30907.165
2025-08-08 20:00:00,178.48,178.76,177.23,178.26,26187.247
2025-08-08 21:00:00,178.26,178.63,177.42,177.59,21540.783
2025-08-08 22:00:00,177.59,178.07,177.06,177.63,58331.622
2025-08-08 23:00:00,177.63,177.92,176.64,176.81,14768.716
2025-08-09 00:00:00,176.81,177.24,176.63,176.93,17129.589
2025-08-09 01:00:00,176.93,179.03,176.68,178.71,32985.14
2025-08-09 02:00:00,178.71,178.71,177.57,177.59,20919.559
2025-08-09 03:00:00,177.59,177.78,177.04,177.28,11130.13
2025-08-09 04:00:00,177.28,178.86,176.95,178.67,32465.712
2025-08-09 05:00:00,178.67,182.15,178.27,180.87,114903.922
2025-08-09 06:00:00,180.87,180.94,179.31,179.61,57329.801
2025-08-09 07:00:00,179.61,180.74,179.46,180.63,20181.387
2025-08-09 08:00:00,180.63,181.69,180.41,181.41,27340.395
2025-08-09 09:00:00,181.41,182.7,181.11,182.28,35335.867
2025-08-09 10:00:00,182.28,183.36,181.77,181.89,82135.442
2025-08-09 11:00:00,181.89,182.02,180.66,180.79,47159.677
2025-08-09 12:00:00,180.79,182.17,180.35,182.17,34820.072
2025-08-09 13:00:00,182.17,182.49,179.79,179.79,48676.955
2025-08-09 14:00:00,179.79,181.21,178.87,181.16,63290.218
2025-08-09 15:00:00,181.16,181.66,179.76,180.09,53238.06
2025-08-09 16:00:00,180.09,180.84,179.46,179.63,28784.732
2025-08-09 17:00:00,179.63,181.97,179.61,181.61,27703.854
2025-08-09 18:00:00,181.61,182.23,181.26,181.92,35437.812
2025-08-09 19:00:00,181.92,182.72,181.44,182.14,32330.059
2025-08-09 20:00:00,182.14,183.46,181.48,183.08,58160.876
2025-08-09 21:00:00,183.08,183.35,180.68,181.26,40521.733
2025-08-09 22:00:00,181.26,182.48,179.87,180.13,58282.273
2025-08-09 23:00:00,180.13,180.47,179.72,179.94,25271.345
2025-08-10 00:00:00,179.94,182.86,179.81,182.47,53630.076
2025-08-10 01:00:00,182.47,184.67,181.66,184.52,74819.831
2025-08-10 02:00:00,184.52,185.08,182.96,183.3,68295.484
2025-08-10 03:00:00,183.3,186.01,181.34,184.98,104261.899
2025-08-10 04:00:00,184.98,186.19,184.36,185.05,51850.157
2025-08-10 05:00:00,185.05,185.16,181.68,182.02,78962.351
2025-08-10 06:00:00,182.02,182.38,180.36,181.1,51734.064
2025-08-10 07:00:00,181.1,181.53,177.79,178.95,97375.033
2025-08-10 08:00:00,178.95,180.76,177.52,180.39,40909.193
2025-08-10 09:00:00,180.39,181.06,180.07,180.45,23299.056
2025-08-10 10:00:00,180.45,180.6,178.79,179.47,26985.671
2025-08-10 11:00:00,179.47,180.69,178.67,179.95,38933.082
2025-08-10 12:00:00,179.95,180.31,179.13,179.5,23290.464
2025-08-10 13:00:00,179.5,180.29,178.82,178.83,27411.194
2025-08-10 14:00:00,178.83,182.35,178.51,181.52,47472.425
2025-08-10 15:00:00,181.52,182.4,181.12,181.54,33213.749
2025-08-10 16:00:00,181.54,182.26,181.22,182.25,23575.045
2025-08-10 17:00:00,182.25,182.47,181.34,181.68,25075.408
2025-08-10 18:00:00,181.68,182.96,181.65,182.73,31798.657
2025-08-10 19:00:00,182.73,183.36,182.36,182.81,31377.299
2025-08-10 20:00:00,182.81,183.42,181.26,182.74,72827.362
2025-08-10 21:00:00,182.74,183.94,181.39,183.51,66226.519
2025-08-10 22:00:00,183.51,183.69,182.63,183.13,17546.514
2025-08-10 23:00:00,183.13,183.57,182.09,182.67,20163.373
2025-08-11 00:00:00,182.67,183.19,181.47,181.49,33325.025
2025-08-11 01:00:00,181.49,183.9,181.26,183.69,43490.559
2025-08-11 02:00:00,183.69,185.84,183.61,185.26,108072.962
2025-08-11 03:00:00,185.26,185.58,183.89,185.15,75523.391
2025-08-11 04:00:00,185.15,186.44,185.12,185.85,63587.758
2025-08-11 05:00:00,185.85,186.8,184.89,185.32,60621.181
2025-08-11 06:00:00,185.32,185.61,184.41,184.8,41635.799
2025-08-11 07:00:00,184.8,184.94,182.8,183.0,61413.873
2025-08-11 08:00:00,183.0,184.68,182.13,184.26,64215.563
2025-08-11 09:00:00,184.26,184.35,182.82,183.14,29301.337
2025-08-11 10:00:00,183.14,183.22,181.62,181.89,49865.401
2025-08-11 11:00:00,181.89,182.14,178.35,179.06,106738.931
2025-08-11 12:00:00,179.06,179.59,177.84,178.81,61074.017
2025-08-11 13:00:00,178.81,180.07,177.24,179.6,92943.827
2025-08-11 14:00:00,179.6,180.52,178.37,178.77,72726.624
2025-08-11 15:00:00,178.77,180.19,177.65,180.19,53816.158
2025-08-11 16:00:00,180.19,181.79,178.34,179.01,79796.551
2025-08-11 17:00:00,179.01,179.55,178.04,178.19,46866.581
2025-08-11 18:00:00,178.19,178.37,176.67,178.24,70489.162
2025-08-11 19:00:00,178.24,178.31,175.55,176.63,58209.937
2025-08-11 20:00:00,176.63,176.87,175.71,176.17,35455.278
2025-08-11 21:00:00,176.17,176.52,173.91,175.06,45810.917
2025-08-11 22:00:00,175.06,175.15,173.43,174.69,42261.177
2025-08-11 23:00:00,174.69,175.13,174.51,174.85,21779.651
2025-08-12 00:00:00,174.85,175.97,174.62,175.69,35380.261
2025-08-12 01:00:00,175.69,176.43,174.96,176.11,36014.319
2025-08-12 02:00:00,176.11,176.77,175.56,176.2,33782.59
2025-08-12 03:00:00,176.2,176.29,175.41,175.55,15543.324
2025-08-12 04:00:00,175.55,176.65,175.28,176.3,36581.185
2025-08-12 05:00:00,176.3,176.3,173.99,174.84,42816.017
2025-08-12 06:00:00,174.84,175.37,173.59,174.6,28852.183
2025-08-12 07:00:00,174.6,176.09,174.6,175.9,23455.477
2025-08-12 08:00:00,175.9,176.51,175.32,175.76,25978.128
2025-08-12 09:00:00,175.76,175.76,174.39,174.54,46408.144
2025-08-12 10:00:00,174.54,175.1,173.86,174.78,29133.035
2025-08-12 11:00:00,174.78,175.36,173.69,175.23,27238.3
2025-08-12 12:00:00,175.23,178.71,174.74,177.93,158949.637
2025-08-12 13:00:00,177.93,178.55,175.94,176.56,142475.78
2025-08-12 14:00:00,176.56,179.75,176.23,179.61,79604.004
2025-08-12 15:00:00,179.61,182.07,179.28,181.7,130245.413
2025-08-12 16:00:00,181.7,185.4,180.77,184.83,202586.42
2025-08-12 17:00:00,184.83,186.68,184.8,185.93,140931.533
2025-08-12 18:00:00,185.93,189.22,185.93,188.2,226758.958
2025-08-12 19:00:00,188.2,191.14,188.14,190.66,146199.768
2025-08-12 20:00:00,190.66,191.73,189.62,191.57,137702.568
2025-08-12 21:00:00,191.57,193.78,190.55,192.52,180772.582
2025-08-12 22:00:00,192.52,193.37,191.04,191.69,203142.971
2025-08-12 23:00:00,191.69,192.97,191.23,191.79,138425.527
2025-08-13 00:00:00,191.79,194.89,191.51,193.97,139494.245
2025-08-13 01:00:00,193.97,195.0,192.0,194.25,167629.581
2025-08-13 02:00:00,194.25,198.67,193.35,198.59,134292.867
2025-08-13 03:00:00,198.59,199.56,196.82,197.75,155054.823
2025-08-13 04:00:00,197.75,200.11,197.29,198.74,135913.216
2025-08-13 05:00:00,198.74,198.81,196.03,196.54,123059.33
2025-08-13 06:00:00,196.54,196.76,195.19,195.81,85151.027
2025-08-13 07:00:00,195.81,198.78,195.78,198.74,37878.175
2025-08-13 08:00:00,198.74,198.98,197.62,198.95,54532.628
2025-08-13 09:00:00,198.95,202.69,198.94,202.19,157680.66
2025-08-13 10:00:00,202.19,202.19,200.77,201.54,81839.031
2025-08-13 11:00:00,201.54,201.96,200.3,200.98,64349.539
2025-08-13 12:00:00,200.98,202.54,200.6,201.13,75263.391
2025-08-13 13:00:00,201.13,204.95,200.56,202.51,214613.888
2025-08-13 14:00:00,202.51,202.85,196.01,196.2,237127.147
2025-08-13 15:00:00,196.2,198.66,194.49,197.47,168675.415
2025-08-13 16:00:00,197.47,199.99,197.04,198.01,92251.626
2025-08-13 17:00:00,198.01,200.14,197.97,199.07,54567.575
2025-08-13 18:00:00,199.07,200.73,197.87,199.43,99466.812
2025-08-13 19:00:00,199.43,202.23,198.89,202.08,95937.644
2025-08-13 20:00:00,202.08,202.26,199.88,200.36,52263.721
2025-08-13 21:00:00,200.36,201.49,200.14,201.0,30792.691
2025-08-13 22:00:00,201.0,202.84,200.17,200.55,52252.931
2025-08-13 23:00:00,200.55,203.33,200.4,201.52,64469.967
2025-08-14 00:00:00,201.52,203.97,200.73,201.5,131671.261
2025-08-14 01:00:00,201.5,204.7,200.59,202.6,87801.616
2025-08-14 02:00:00,202.6,208.06,201.79,207.1,132772.069
2025-08-14 03:00:00,207.1,209.14,206.03,207.91,122334.776
2025-08-14 04:00:00,207.91,209.85,207.3,208.16,103492.171
2025-08-14 05:00:00,208.16,209.74,206.33,206.59,111578.519
2025-08-14 06:00:00,206.59,208.0,204.06,207.56,122313.007
2025-08-14 07:00:00,207.56,208.03,204.66,205.68,73121.651
2025-08-14 08:00:00,205.68,205.86,202.45,203.34,129495.182
2025-08-14 09:00:00,203.34,205.6,202.59,205.37,51881.97
2025-08-14 10:00:00,205.37,205.7,201.77,202.71,110155.668
2025-08-14 11:00:00,202.71,203.89,201.84,203.59,103307.087
2025-08-14 12:00:00,203.59,205.44,189.54,194.43,563953.264
2025-08-14 13:00:00,194.43,198.66,186.54,194.84,416490.77
2025-08-14 14:00:00,194.84,198.95,193.48,196.55,148069.772
2025-08-14 15:00:00,196.55,196.82,194.52,194.83,173327.75
2025-08-14 16:00:00,194.83,195.08,190.44,193.3,152896.904
2025-08-14 17:00:00,193.3,195.5,191.51,193.77,79357.755
2025-08-14 18:00:00,193.77,194.64,191.33,193.57,75645.278
2025-08-14 19:00:00,193.57,195.13,192.81,192.92,41351.033
2025-08-14 20:00:00,192.92,193.23,191.61,192.24,34354.213
2025-08-14 21:00:00,192.24,192.24,187.13,190.23,113467.8
2025-08-14 22:00:00,190.23,191.99,189.29,191.83,37337.646
2025-08-14 23:00:00,191.83,193.14,191.69,192.46,16191.95
2025-08-15 00:00:00,192.46,193.94,191.95,192.7,23915.064
2025-08-15 01:00:00,192.7,194.3,192.08,193.67,38752.735
2025-08-15 02:00:00,193.67,194.36,193.09,193.39,37760.64
2025-08-15 03:00:00,193.39,195.63,192.92,195.16,37033.359
2025-08-15 04:00:00,195.16,195.83,194.56,194.98,34412.746
2025-08-15 05:00:00,194.98,196.48,194.43,196.48,29397.395
2025-08-15 06:00:00,196.48,198.07,196.27,197.4,63430.877
2025-08-15 07:00:00,197.4,197.86,196.23,196.95,33270.95
2025-08-15 08:00:00,196.95,197.6,196.37,196.59,44985.954
2025-08-15 09:00:00,196.59,197.15,193.65,194.22,60362.479
2025-08-15 10:00:00,194.22,196.07,194.16,194.68,49307.019
2025-08-15 11:00:00,194.68,195.36,193.74,194.31,29409.892
2025-08-15 12:00:00,194.31,196.13,192.31,193.42,130713.639
2025-08-15 13:00:00,193.42,193.83,190.18,190.53,85477.006
2025-08-15 14:00:00,190.53,191.91,187.17,187.56,124556.738
2025-08-15 15:00:00,187.56,188.08,184.37,185.54,218769.946
2025-08-15 16:00:00,185.54,185.98,183.37,185.52,144492.398
2025-08-15 17:00:00,185.52,186.91,183.94,185.81,101210.798
2025-08-15 18:00:00,185.81,186.26,183.32,184.16,65157.46
2025-08-15 19:00:00,184.16,185.9,183.38,183.88,73697.545
2025-08-15 20:00:00,183.88,185.0,183.35,184.78,45806.811
2025-08-15 21:00:00,184.78,185.68,183.94,185.62,27866.661
2025-08-15 22:00:00,185.62,187.9,185.21,187.7,33408.544
2025-08-15 23:00:00,187.7,188.26,184.14,185.72,45281.235
2025-08-16 00:00:00,185.72,187.78,185.31,187.47,26358.639
2025-08-16 01:00:00,187.47,188.15,186.5,187.93,19572.954
2025-08-16 02:00:00,187.93,188.1,186.86,186.91,25727.244
2025-08-16 03:00:00,186.91,188.34,186.72,187.09,24443.853
2025-08-16 04:00:00,187.09,188.09,186.81,188.09,13934.162
2025-08-16 05:00:00,188.09,188.12,186.11,186.14,19490.143
2025-08-16 06:00:00,186.14,187.67,186.14,187.39,22673.29
2025-08-16 07:00:00,187.39,189.59,187.22,189.1,35642.707
2025-08-16 08:00:00,189.1,189.24,187.67,188.37,17777.948
2025-08-16 09:00:00,188.37,188.55,185.8,186.04,50253.258
2025-08-16 10:00:00,186.04,186.91,185.38,186.58,52153.192
2025-08-16 11:00:00,186.58,187.32,185.54,185.73,16644.551
2025-08-16 12:00:00,185.73,186.9,185.17,186.62,53095.573
2025-08-16 13:00:00,186.62,188.49,186.58,187.37,38735.332
2025-08-16 14:00:00,187.37,189.14,186.9,188.82,38989.623
2025-08-16 15:00:00,188.82,189.46,188.33,188.81,32798.452
2025-08-16 16:00:00,188.81,189.36,187.87,187.95,23338.817
2025-08-16 17:00:00,187.95,188.07,187.08,188.01,16697.439
2025-08-16 18:00:00,188.01,188.67,187.61,188.14,11443.011
2025-08-16 19:00:00,188.14,189.2,188.03,188.69,13623.717
2025-08-16 20:00:00,188.69,189.23,188.37,189.1,9867.278
2025-08-16 21:00:00,189.1,189.1,188.25,188.41,10090.311
2025-08-16 22:00:00,188.41,189.3,187.93,189.09,10413.342
2025-08-16 23:00:00,189.09,190.08,188.55,189.63,15667.67
2025-08-17 00:00:00,189.63,189.7,188.09,188.17,14738.043
2025-08-17 01:00:00,188.17,188.69,187.35,188.37,24125.881
2025-08-17 02:00:00,188.37,191.57,187.97,191.52,61529.381
2025-08-17 03:00:00,191.52,191.96,190.3,191.62,32555.776
2025-08-17 04:00:00,191.62,193.52,191.51,193.41,25628.426
2025-08-17 05:00:00,193.41,193.47,192.48,192.61,28382.574
2025-08-17 06:00:00,192.61,192.91,191.87,191.93,13226.487
2025-08-17 07:00:00,191.93,192.5,191.3,191.87,26298.595
2025-08-17 08:00:00,191.87,193.59,191.71,193.41,22166.446
2025-08-17 09:00:00,193.41,193.63,191.51,192.28,57069.016
2025-08-17 10:00:00,192.28,193.2,191.68,193.12,36987.78
2025-08-17 11:00:00,193.12,193.63,192.43,193.56,23948.076
2025-08-17 12:00:00,193.56,193.78,191.96,192.21,25616.757
2025-08-17 13:00:00,192.21,193.56,191.87,193.18,49090.781
2025-08-17 14:00:00,193.18,194.42,192.41,193.76,63143.415
2025-08-17 15:00:00,193.76,195.47,193.59,195.45,36772.815
2025-08-17 16:00:00,195.45,195.82,192.86,193.22,36855.953
2025-08-17 17:00:00,193.22,193.69,192.76,193.36,22302.795
2025-08-17 18:00:00,193.36,193.5,190.42,192.12,43303.164
2025-08-17 19:00:00,192.12,193.43,190.82,191.17,33693.514
2025-08-17 20:00:00,191.17,192.04,190.97,191.11,11399.591
2025-08-17 21:00:00,191.11,191.6,190.92,191.24,25026.947
2025-08-17 22:00:00,191.24,193.43,191.12,193.09,21093.097
2025-08-17 23:00:00,193.09,193.26,190.88,191.0,16881.077
2025-08-18 00:00:00,191.0,191.34,189.61,190.15,34257.167
2025-08-18 01:00:00,190.15,190.45,186.52,186.56,62382.33
2025-08-18 02:00:00,186.56,186.8,183.42,183.95,94070.334
2025-08-18 03:00:00,183.95,184.58,181.8,182.67,98451.215
2025-08-18 04:00:00,182.67,183.4,181.55,182.9,92540.489
2025-08-18 05:00:00,182.9,183.48,181.19,182.88,90785.713
2025-08-18 06:00:00,182.88,182.92,180.28,181.34,95549.635
2025-08-18 07:00:00,181.34,181.59,180.21,180.63,72661.395
2025-08-18 08:00:00,180.63,181.6,180.46,180.82,126894.855
2025-08-18 09:00:00,180.82,181.96,180.0,181.2,64976.071
2025-08-18 10:00:00,181.2,181.39,180.52,180.77,59180.969
2025-08-18 11:00:00,180.77,181.47,180.38,181.34,25770.754
2025-08-18 12:00:00,181.34,183.2,181.11,183.19,42524.079
2025-08-18 13:00:00,183.19,183.35,180.51,180.56,56801.281
2025-08-18 14:00:00,180.56,182.61,180.56,182.58,36278.751
2025-08-18 15:00:00,182.58,183.18,181.18,183.07,27245.605
2025-08-18 16:00:00,183.07,184.45,181.77,182.09,33631.302
2025-08-18 17:00:00,182.09,185.71,182.0,184.67,51114.152
2025-08-18 18:00:00,184.67,184.78,183.0,184.35,29190.394
2025-08-18 19:00:00,184.35,184.55,182.78,183.22,20404.776
2025-08-18 20:00:00,183.22,183.79,182.05,183.02,15978.919
2025-08-18 21:00:00,183.02,184.18,182.69,183.8,14773.749
2025-08-18 22:00:00,183.8,185.03,183.77,184.17,26813.049
2025-08-18 23:00:00,184.17,184.59,182.42,182.89,23358.05
2025-08-19 00:00:00,182.89,185.04,181.19,184.99,52585.118
2025-08-19 01:00:00,184.99,185.85,182.63,183.09,28735.67
2025-08-19 02:00:00,183.09,183.24,181.95,182.17,31159.151
2025-08-19 03:00:00,182.17,182.22,178.17,178.53,97184.638
2025-08-19 04:00:00,178.53,180.09,177.32,180.06,73185.453
2025-08-19 05:00:00,180.06,180.59,179.27,179.78,27832.592
2025-08-19 06:00:00,179.78,180.55,179.39,180.07,26557.468
2025-08-19 07:00:00,180.07,180.18,178.98,180.12,29648.859
2025-08-19 08:00:00,180.12,180.92,179.09,180.47,21081.955
2025-08-19 09:00:00,180.47,182.46,180.37,181.35,27019.936
2025-08-19 10:00:00,181.35,182.0,181.2,181.41,21042.958
2025-08-19 11:00:00,181.41,182.84,181.32,182.68,31593.184
2025-08-19 12:00:00,182.68,182.75,181.42,182.06,18708.435
2025-08-19 13:00:00,182.06,183.4,180.62,182.09,112632.828
2025-08-19 14:00:00,182.09,183.03,178.13,178.57,124525.058
2025-08-19 15:00:00,178.57,179.9,177.53,177.97,84667.985
2025-08-19 16:00:00,177.97,178.56,176.76,177.19,66898.568
2025-08-19 17:00:00,177.19,178.73,176.35,178.14,55643.733
2025-08-19 18:00:00,178.14,178.8,175.82,176.72,57983.708
2025-08-19 19:00:00,176.72,178.31,175.7,176.75,66115.491
2025-08-19 20:00:00,176.75,178.68,175.97,178.66,24335.387
2025-08-19 21:00:00,178.66,179.22,178.21,179.07,17755.221
2025-08-19 22:00:00,179.07,179.52,177.85,179.08,21937.861
2025-08-19 23:00:00,179.08,179.33,175.89,176.22,64297.252
2025-08-20 00:00:00,176.22,178.61,176.05,178.17,39836.479
2025-08-20 01:00:00,178.17,179.78,177.0,179.54,44546.586
2025-08-20 02:00:00,179.54,181.34,179.18,180.8,43779.426
2025-08-20 03:00:00,180.8,181.5,180.08,180.51,38346.455
2025-08-20 04:00:00,180.51,181.72,180.37,180.62,41400.593
2025-08-20 05:00:00,180.62,181.16,179.85,181.07,24108.651
2025-08-20 06:00:00,181.07,181.3,180.17,181.03,21917.511
2025-08-20 07:00:00,181.03,181.68,180.38,180.56,18371.526
2025-08-20 08:00:00,180.56,182.28,180.29,182.07,48928.063
2025-08-20 09:00:00,182.07,182.24,180.9,180.94,34422.786
2025-08-20 10:00:00,180.94,181.73,180.83,181.01,17629.268
2025-08-20 11:00:00,181.01,181.33,178.34,180.3,67576.929
2025-08-20 12:00:00,180.3,182.32,180.21,181.92,48096.904
2025-08-20 13:00:00,181.92,181.92,178.7,178.82,75634.116
2025-08-20 14:00:00,178.82,182.53,177.51,181.37,108220.098
2025-08-20 15:00:00,181.37,185.07,181.17,183.02,102466.779
2025-08-20 16:00:00,183.02,184.83,183.0,183.79,46619.223
2025-08-20 17:00:00,183.79,186.26,183.61,185.14,70112.721
2025-08-20 18:00:00,185.14,185.64,182.61,183.62,76324.217
2025-08-20 19:00:00,183.62,187.99,183.49,187.62,68436.727
2025-08-20 20:00:00,187.62,187.92,186.33,187.24,49616.988
2025-08-20 21:00:00,187.24,187.64,185.8,187.01,42352.974
2025-08-20 22:00:00,187.01,187.66,186.68,187.34,26519.561
2025-08-20 23:00:00,187.34,187.97,186.68,187.95,34548.59
2025-08-21 00:00:00,187.95,189.21,187.04,187.92,39584.115
2025-08-21 01:00:00,187.92,189.18,186.8,189.05,33362.136
2025-08-21 02:00:00,189.05,189.97,185.54,186.48,49762.974
2025-08-21 03:00:00,186.48,190.1,186.37,188.44,91364.313
2025-08-21 04:00:00,188.44,188.69,187.23,187.76,32025.202
2025-08-21 05:00:00,187.76,188.18,186.66,188.11,21375.352
2025-08-21 06:00:00,188.11,188.11,186.53,186.61,18257.853
2025-08-21 07:00:00,186.61,187.42,185.91,186.99,22072.524
2025-08-21 08:00:00,186.99,187.05,185.64,185.64,29716.719
2025-08-21 09:00:00,185.64,185.73,184.07,184.93,58036.734
2025-08-21 10:00:00,184.93,185.26,183.88,184.31,31625.929
2025-08-21 11:00:00,184.31,184.96,183.47,184.03,18865.011
2025-08-21 12:00:00,184.03,184.87,182.74,183.74,29347.218
2025-08-21 13:00:00,183.74,185.8,183.36,184.08,51322.424
2025-08-21 14:00:00,184.08,186.4,183.68,184.78,63471.034
2025-08-21 15:00:00,184.78,185.04,181.43,181.64,84902.731
2025-08-21 16:00:00,181.64,182.36,180.78,180.93,69119.261
2025-08-21 17:00:00,180.93,181.55,179.88,181.15,48528.279
2025-08-21 18:00:00,181.15,182.29,180.53,182.17,26166.996
2025-08-21 19:00:00,182.17,182.89,179.94,180.14,56370.123
2025-08-21 20:00:00,180.14,181.46,179.42,180.82,35634.18
2025-08-21 21:00:00,180.82,181.61,179.98,181.17,14047.975
2025-08-21 22:00:00,181.17,181.89,180.91,181.77,9650.6
2025-08-21 23:00:00,181.77,181.77,179.86,180.33,13708.932
2025-08-22 00:00:00,180.33,181.81,180.27,181.11,17575.533
2025-08-22 01:00:00,181.11,182.11,180.0,181.96,16283.045
2025-08-22 02:00:00,181.96,183.52,181.71,182.63,32804.829
2025-08-22 03:00:00,182.63,183.46,181.41,181.75,18862.082
2025-08-22 04:00:00,181.75,183.4,181.72,182.9,15498.376
2025-08-22 05:00:00,182.9,183.91,182.69,183.68,12717.98
2025-08-22 06:00:00,183.68,184.14,182.38,182.93,17464.063
2025-08-22 07:00:00,182.93,184.37,182.81,183.99,32997.906
2025-08-22 08:00:00,183.99,185.08,183.73,183.77,36628.523
2025-08-22 09:00:00,183.77,184.02,182.44,182.93,31073.27
2025-08-22 10:00:00,182.93,182.95,180.85,181.17,43416.232
2025-08-22 11:00:00,181.17,181.29,179.57,179.6,39771.855
2025-08-22 12:00:00,179.6,179.79,177.23,178.42,89941.253
2025-08-22 13:00:00,178.42,181.25,178.01,180.24,88057.512
2025-08-22 14:00:00,180.24,193.31,180.21,191.75,621017.538
2025-08-22 15:00:00,191.75,195.49,191.68,193.54,253661.582
2025-08-22 16:00:00,193.54,197.95,193.54,194.91,166207.401
2025-08-22 17:00:00,194.91,198.15,194.9,196.92,191981.026
2025-08-22 18:00:00,196.92,197.59,195.7,196.84,68517.648
2025-08-22 19:00:00,196.84,199.77,196.64,199.01,100131.438
2025-08-22 20:00:00,199.01,199.59,198.3,199.59,77815.005
2025-08-22 21:00:00,199.59,202.4,199.43,200.2,166002.47
2025-08-22 22:00:00,200.2,200.47,198.6,199.42,65190.526
2025-08-22 23:00:00,199.42,200.98,199.05,200.7,45388.414
2025-08-23 00:00:00,200.7,200.83,198.53,198.56,53562.052
2025-08-23 01:00:00,198.56,199.02,196.79,197.83,78774.877
2025-08-23 02:00:00,197.83,198.37,195.28,197.54,51886.161
2025-08-23 03:00:00,197.54,198.7,197.16,198.16,33083.848
2025-08-23 04:00:00,198.16,204.94,198.11,204.64,117980.137
2025-08-23 05:00:00,204.64,208.62,204.35,207.56,287294.367
2025-08-23 06:00:00,207.56,207.9,205.62,206.56,170026.152
2025-08-23 07:00:00,206.56,207.31,204.97,205.16,53107.517
2025-08-23 08:00:00,205.16,205.67,202.22,203.85,83773.57
2025-08-23 09:00:00,203.85,204.7,203.21,204.56,61288.259
2025-08-23 10:00:00,204.56,204.76,201.81,201.99,84708.694
2025-08-23 11:00:00,201.99,203.05,201.59,202.0,37815.524
2025-08-23 12:00:00,202.0,203.2,201.12,202.01,33153.768
2025-08-23 13:00:00,202.01,202.5,200.59,201.54,121909.386
2025-08-23 14:00:00,201.54,203.49,201.02,202.73,45323.612
2025-08-23 15:00:00,202.73,203.84,202.46,202.62,45635.827
2025-08-23 16:00:00,202.62,203.64,202.24,203.3,75399.359
2025-08-23 17:00:00,203.3,203.8,202.28,203.31,50447.736
2025-08-23 18:00:00,203.31,204.38,203.26,204.01,25126.592
2025-08-23 19:00:00,204.01,204.58,203.81,204.11,17318.728
2025-08-23 20:00:00,204.11,204.28,203.22,203.8,22340.748
2025-08-23 21:00:00,203.8,204.12,202.82,203.08,42329.299
2025-08-23 22:00:00,203.08,203.69,202.83,203.54,16495.292
2025-08-23 23:00:00,203.54,204.88,203.54,204.15,15888.351
2025-08-24 00:00:00,204.15,206.79,204.15,206.14,43491.794
2025-08-24 01:00:00,206.14,208.82,204.99,208.12,98372.008
2025-08-24 02:00:00,208.12,211.97,207.57,208.81,165591.053
2025-08-24 03:00:00,208.81,209.42,207.26,209.07,48265.917
2025-08-24 04:00:00,209.07,210.7,208.44,210.67,55375.482
2025-08-24 05:00:00,210.67,210.76,208.11,208.57,42049.732
2025-08-24 06:00:00,208.57,208.86,207.11,207.39,56716.184
2025-08-24 07:00:00,207.39,208.28,206.62,206.69,43966.114
2025-08-24 08:00:00,206.69,208.25,206.12,208.17,41381.536
2025-08-24 09:00:00,208.17,209.03,207.65,208.23,41919.696
2025-08-24 10:00:00,208.23,208.28,204.53,204.82,143503.849
2025-08-24 11:00:00,204.82,205.37,203.44,204.52,80284.087
2025-08-24 12:00:00,204.52,204.95,203.6,204.4,25294.737
2025-08-24 13:00:00,204.4,205.7,204.24,204.76,30288.354
2025-08-24 14:00:00,204.76,206.47,204.01,206.08,64527.335
2025-08-24 15:00:00,206.08,209.4,205.45,205.67,134055.039
2025-08-24 16:00:00,205.67,207.31,205.56,206.62,62932.558
2025-08-24 17:00:00,206.62,209.76,206.52,209.37,69552.12
2025-08-24 18:00:00,209.37,211.98,208.82,211.29,137059.966
2025-08-24 19:00:00,211.29,211.94,201.46,205.05,356353.878
2025-08-24 20:00:00,205.05,205.39,201.09,203.65,166617.106
2025-08-24 21:00:00,203.65,205.69,202.29,204.38,66021.893
2025-08-24 22:00:00,204.38,205.52,201.37,205.09,67158.806
2025-08-24 23:00:00,205.09,207.16,204.73,205.97,61419.707
2025-08-25 00:00:00,205.97,208.17,202.23,203.51,101395.801
2025-08-25 01:00:00,203.51,208.92,203.45,206.99,103800.474
2025-08-25 02:00:00,206.99,213.55,206.74,212.57,246323.734
2025-08-25 03:00:00,212.57,212.98,208.78,209.25,70225.32
2025-08-25 04:00:00,209.25,209.71,206.77,207.32,75435.24
2025-08-25 05:00:00,207.32,208.01,203.5,203.71,119906.7
2025-08-25 06:00:00,203.71,204.69,201.77,201.93,127640.526
2025-08-25 07:00:00,201.93,204.37,198.66,199.84,154402.478
2025-08-25 08:00:00,199.84,200.79,198.15,199.92,95780.002
2025-08-25 09:00:00,199.92,200.25,198.21,199.44,94491.065
2025-08-25 10:00:00,199.44,199.44,195.0,195.83,158220.339
2025-08-25 11:00:00,195.83,197.53,195.41,197.52,108692.343
2025-08-25 12:00:00,197.52,198.51,196.78,197.99,130847.534
2025-08-25 13:00:00,197.99,198.46,195.55,198.2,97183.176
2025-08-25 14:00:00,198.2,199.45,196.83,198.3,90754.077
2025-08-25 15:00:00,198.3,198.55,196.09,196.55,54237.773
2025-08-25 16:00:00,196.55,198.34,195.59,196.42,50517.282
2025-08-25 17:00:00,196.42,197.33,195.15,196.67,60969.075
2025-08-25 18:00:00,196.67,197.84,196.06,196.45,40075.905
2025-08-25 19:00:00,196.45,196.47,190.96,191.43,155586.376
2025-08-25 20:00:00,191.43,192.18,186.28,186.28,265535.122
2025-08-25 21:00:00,186.28,188.38,185.98,186.34,113063.438
2025-08-25 22:00:00,186.34,188.49,185.31,187.0,116438.786
2025-08-25 23:00:00,187.0,187.58,185.69,187.15,94198.651
2025-08-26 00:00:00,187.15,188.64,185.54,186.28,105940.357
2025-08-26 01:00:00,186.28,188.96,185.62,188.24,70524.114
2025-08-26 02:00:00,188.24,189.29,186.89,187.51,51576.16
2025-08-26 03:00:00,187.51,187.96,186.41,186.88,45058.932
2025-08-26 04:00:00,186.88,188.49,186.88,187.87,41186.305
2025-08-26 05:00:00,187.87,189.57,187.87,188.75,35780.428
2025-08-26 06:00:00,188.75,189.57,187.3,187.91,68786.946
2025-08-26 07:00:00,187.91,189.91,187.17,188.86,72188.38
2025-08-26 08:00:00,188.86,190.35,188.11,188.69,71886.115
2025-08-26 09:00:00,188.69,189.29,187.5,188.0,59942.491
2025-08-26 10:00:00,188.0,188.95,187.81,188.62,30854.772
2025-08-26 11:00:00,188.62,189.06,186.68,187.93,44225.342
2025-08-26 12:00:00,187.93,192.27,187.16,190.51,147570.901
2025-08-26 13:00:00,190.51,191.03,187.66,189.39,181757.81
2025-08-26 14:00:00,189.39,191.81,188.38,191.54,87593.319
2025-08-26 15:00:00,191.54,192.55,189.95,190.79,64524.253
2025-08-26 16:00:00,190.79,193.75,190.59,193.66,52534.719
2025-08-26 17:00:00,193.66,194.24,192.27,193.73,73044.327
2025-08-26 18:00:00,193.73,195.37,193.53,194.86,43115.432
2025-08-26 19:00:00,194.86,197.53,194.3,197.43,69487.537
2025-08-26 20:00:00,197.43,197.72,195.91,196.35,47851.693
2025-08-26 21:00:00,196.35,196.89,195.37,196.8,29741.396
2025-08-26 22:00:00,196.8,197.29,195.76,196.73,31515.426
2025-08-26 23:00:00,196.73,198.1,195.59,195.85,42709.135
2025-08-27 00:00:00,195.85,196.24,194.45,194.61,39816.775
2025-08-27 01:00:00,194.61,196.76,193.77,196.29,54360.177
2025-08-27 02:00:00,196.29,199.75,195.63,198.3,112042.792
2025-08-27 03:00:00,198.3,202.84,196.96,201.97,109094.576
2025-08-27 04:00:00,201.97,205.7,201.74,205.22,266938.411
2025-08-27 05:00:00,205.22,205.38,202.56,202.88,98050.769
2025-08-27 06:00:00,202.88,204.19,201.92,202.22,87668.313
2025-08-27 07:00:00,202.22,202.73,200.83,202.44,113260.693
2025-08-27 08:00:00,202.44,203.65,201.54,203.5,36609.778
2025-08-27 09:00:00,203.5,205.12,203.08,203.91,51149.951
2025-08-27 10:00:00,203.91,205.39,203.3,204.07,51109.723
2025-08-27 11:00:00,204.07,205.37,204.07,205.02,30387.562
2025-08-27 12:00:00,205.02,205.64,203.22,204.61,48280.593
2025-08-27 13:00:00,204.61,205.94,202.62,204.41,88031.787
2025-08-27 14:00:00,204.41,208.0,203.34,206.69,166405.735
2025-08-27 15:00:00,206.69,209.42,206.28,208.68,121503.895
2025-08-27 16:00:00,208.68,209.09,206.6,207.93,67011.674
2025-08-27 17:00:00,207.93,210.0,207.43,209.16,76909.601
2025-08-27 18:00:00,209.16,212.09,208.24,208.37,117772.491
2025-08-27 19:00:00,208.37,211.4,205.95,206.41,144542.134
2025-08-27 20:00:00,206.41,209.5,202.95,208.63,401448.991
2025-08-27 21:00:00,208.63,208.8,204.82,205.6,105975.712
2025-08-27 22:00:00,205.6,205.74,203.39,204.34,71422.379
2025-08-27 23:00:00,204.34,205.38,202.55,202.98,63657.154
2025-08-28 00:00:00,202.98,205.11,201.73,203.95,72635.04
2025-08-28 01:00:00,203.95,206.45,203.21,205.9,49355.246
2025-08-28 02:00:00,205.9,207.85,205.25,206.26,39088.552
2025-08-28 03:00:00,206.26,208.37,206.04,208.16,32004.852
2025-08-28 04:00:00,208.16,212.72,207.47,212.09,131188.82
2025-08-28 05:00:00,212.09,213.21,210.78,211.65,177597.422
2025-08-28 06:00:00,211.65,212.0,209.74,211.71,114358.356
2025-08-28 07:00:00,211.71,213.47,210.55,213.17,88550.476
2025-08-28 08:00:00,213.17,216.58,213.12,214.25,169274.852
2025-08-28 09:00:00,214.25,214.31,211.54,211.63,57733.223
2025-08-28 10:00:00,211.63,213.92,211.37,213.92,47087.49
2025-08-28 11:00:00,213.92,213.98,212.39,213.16,37173.389
2025-08-28 12:00:00,213.16,214.27,211.79,213.13,87681.284
2025-08-28 13:00:00,213.13,216.87,212.17,212.73,211113.702
2025-08-28 14:00:00,212.73,215.98,211.68,215.6,109285.042
2025-08-28 15:00:00,215.6,216.0,210.14,211.0,143965.843
2025-08-28 16:00:00,211.0,213.95,207.09,207.43,114133.926
2025-08-28 17:00:00,207.43,210.61,207.25,210.38,63797.274
2025-08-28 18:00:00,210.38,212.74,209.47,212.04,44428.271
2025-08-28 19:00:00,212.04,213.01,209.75,209.92,76776.367
2025-08-28 20:00:00,209.92,213.63,209.6,213.19,59864.77
2025-08-28 21:00:00,213.19,213.93,211.89,213.68,33372.876
2025-08-28 22:00:00,213.68,215.69,213.54,214.18,48871.453
2025-08-28 23:00:00,214.18,215.29,213.67,214.41,37763.037
2025-08-29 00:00:00,214.41,217.97,214.08,215.06,115616.202
2025-08-29 01:00:00,215.06,215.42,212.08,213.45,74590.787
2025-08-29 02:00:00,213.45,217.52,212.74,215.31,80927.548
2025-08-29 03:00:00,215.31,217.79,214.2,216.86,49879.542
2025-08-29 04:00:00,216.86,217.9,216.03,217.12,56076.188
2025-08-29 05:00:00,217.12,217.24,214.49,215.77,68667.961
2025-08-29 06:00:00,215.77,216.19,212.71,212.71,158395.615
2025-08-29 07:00:00,212.71,212.71,207.81,208.78,181007.247
2025-08-29 08:00:00,208.78,210.05,206.12,206.81,104876.326
2025-08-29 09:00:00,206.81,207.87,205.34,207.7,70549.242
2025-08-29 10:00:00,207.7,209.36,206.86,207.55,91919.758
2025-08-29 11:00:00,207.55,209.18,206.71,207.61,40409.781
2025-08-29 12:00:00,207.61,214.92,207.09,211.86,204027.283
2025-08-29 13:00:00,211.86,211.99,207.62,208.95,129590.277
2025-08-29 14:00:00,208.95,210.95,206.79,207.48,125100.77
2025-08-29 15:00:00,207.48,210.52,203.77,204.4,111420.819
2025-08-29 16:00:00,204.4,205.48,202.7,204.83,140553.738
2025-08-29 17:00:00,204.83,204.87,202.02,202.49,86155.919
2025-08-29 18:00:00,202.49,203.22,201.36,202.1,40773.592
2025-08-29 19:00:00,202.1,204.55,201.66,202.96,55095.989
2025-08-29 20:00:00,202.96,203.51,200.78,201.04,52227.966
2025-08-29 21:00:00,201.04,204.02,199.9,203.78,67345.288
2025-08-29 22:00:00,203.78,203.99,202.49,203.15,27153.613
2025-08-29 23:00:00,203.15,205.49,203.13,205.1,71335.065
2025-08-30 00:00:00,205.1,205.38,203.55,205.0,49021.678
2025-08-30 01:00:00,205.0,205.16,200.99,201.13,39733.732
2025-08-30 02:00:00,201.13,203.68,200.7,203.29,42124.104
2025-08-30 03:00:00,203.29,206.63,203.16,205.62,44116.115
2025-08-30 04:00:00,205.62,206.54,204.66,204.67,28598.828
2025-08-30 05:00:00,204.67,207.05,204.39,206.11,33123.798
2025-08-30 06:00:00,206.11,206.69,205.05,205.1,27731.067
2025-08-30 07:00:00,205.1,205.68,204.49,205.14,16275.048
2025-08-30 08:00:00,205.14,205.56,202.66,203.04,28534.469
2025-08-30 09:00:00,203.04,203.35,201.68,202.41,32855.47
2025-08-30 10:00:00,202.41,203.3,201.8,202.73,18028.834
2025-08-30 11:00:00,202.73,202.92,201.77,202.65,13946.608
2025-08-30 12:00:00,202.65,202.69,199.0,200.61,72101.304
2025-08-30 13:00:00,200.61,200.66,197.52,199.15,75534.337
2025-08-30 14:00:00,199.15,200.53,198.24,199.97,29279.039
2025-08-30 15:00:00,199.97,201.65,199.51,201.05,36227.637
2025-08-30 16:00:00,201.05,201.05,199.74,200.39,19246.833
2025-08-30 17:00:00,200.39,201.63,200.01,200.94,13806.835
2025-08-30 18:00:00,200.94,201.63,200.52,201.07,30570.912
2025-08-30 19:00:00,201.07,201.45,200.65,201.26,19505.795
2025-08-30 20:00:00,201.26,201.32,199.75,200.68,25467.209
2025-08-30 21:00:00,200.68,201.29,200.21,200.64,11739.761
2025-08-30 22:00:00,200.64,201.47,200.09,201.43,22438.138
2025-08-30 23:00:00,201.43,203.31,201.36,202.71,26052.733
2025-08-31 00:00:00,202.71,205.95,202.71,205.44,43084.509
2025-08-31 01:00:00,205.44,206.59,204.19,206.37,48541.966
2025-08-31 02:00:00,206.37,206.64,204.89,205.03,22066.975
2025-08-31 03:00:00,205.03,205.69,204.81,205.58,16396.802
2025-08-31 04:00:00,205.58,205.65,203.49,204.42,15785.648
2025-08-31 05:00:00,204.42,204.91,203.92,204.63,13723.466
2025-08-31 06:00:00,204.63,204.86,202.76,202.95,27206.239
2025-08-31 07:00:00,202.95,203.96,202.94,203.53,19610.311
2025-08-31 08:00:00,203.53,205.87,203.51,205.8,19438.535
2025-08-31 09:00:00,205.8,205.83,203.9,204.05,19630.021
2025-08-31 10:00:00,204.05,204.52,202.76,203.54,21232.474
2025-08-31 11:00:00,203.54,203.99,202.26,203.65,25689.196
2025-08-31 12:00:00,203.65,203.82,202.43,203.39,30601.299
2025-08-31 13:00:00,203.39,203.79,201.74,202.08,19319.891
2025-08-31 14:00:00,202.08,203.91,201.51,203.74,24341.837
2025-08-31 15:00:00,203.74,204.87,203.6,204.56,17619.43
2025-08-31 16:00:00,204.56,205.29,203.69,205.11,19796.287
2025-08-31 17:00:00,205.11,205.62,204.51,204.96,20662.216
2025-08-31 18:00:00,204.96,205.7,204.66,205.68,12740.35
2025-08-31 19:00:00,205.68,205.98,204.46,204.62,17973.832
2025-08-31 20:00:00,204.62,205.24,204.35,204.84,13465.241
2025-08-31 21:00:00,204.84,205.45,204.28,205.37,7233.027
2025-08-31 22:00:00,205.37,205.78,203.48,203.74,25613.713
2025-08-31 23:00:00,203.74,203.93,200.32,200.63,54257.841
2025-09-01 00:00:00,200.63,201.39,198.48,200.44,46309.816
2025-09-01 01:00:00,200.44,202.49,199.91,200.98,27836.08
2025-09-01 02:00:00,200.98,201.23,196.12,197.53,106451.937
2025-09-01 03:00:00,197.53,198.73,196.95,198.41,48759.915
2025-09-01 04:00:00,198.41,198.48,196.8,197.54,41489.252
2025-09-01 05:00:00,197.54,199.06,196.66,198.42,37645.169
2025-09-01 06:00:00,198.42,199.48,197.55,198.8,23951.509
2025-09-01 07:00:00,198.8,202.94,197.89,202.94,53642.185
2025-09-01 08:00:00,202.94,204.58,202.44,203.09,48825.641
2025-09-01 09:00:00,203.09,203.77,201.0,201.02,38353.202
2025-09-01 10:00:00,201.02,201.59,198.38,199.5,33537.076
2025-09-01 11:00:00,199.5,199.68,198.68,199.39,19716.385
2025-09-01 12:00:00,199.39,200.47,198.79,199.58,28530.49
2025-09-01 13:00:00,199.58,201.12,198.95,199.7,24651.72
2025-09-01 14:00:00,199.7,200.73,199.07,200.23,25933.96
2025-09-01 15:00:00,200.23,200.88,197.68,198.37,47981.245
2025-09-01 16:00:00,198.37,198.97,197.42,198.55,40122.646
2025-09-01 17:00:00,198.55,199.12,197.3,198.55,22596.859
2025-09-01 18:00:00,198.55,199.5,198.42,199.22,20565.324
2025-09-01 19:00:00,199.22,200.26,199.13,200.18,27654.932
2025-09-01 20:00:00,200.18,200.19,196.17,197.75,52698.964
2025-09-01 21:00:00,197.75,197.78,194.31,195.05,95877.275
2025-09-01 22:00:00,195.05,195.96,194.13,195.77,77027.757
2025-09-01 23:00:00,195.77,197.43,195.47,197.3,27702.172
2025-09-02 00:00:00,197.3,197.98,196.77,197.72,26000.173
2025-09-02 01:00:00,197.72,200.08,197.23,199.28,77439.424
2025-09-02 02:00:00,199.28,202.4,198.86,202.26,50333.262
2025-09-02 03:00:00,202.26,203.37,201.6,201.86,68659.442
2025-09-02 04:00:00,201.86,203.2,201.42,203.03,46050.883
2025-09-02 05:00:00,203.03,203.54,201.96,203.28,46000.427
2025-09-02 06:00:00,203.28,204.46,203.16,204.12,56907.793
2025-09-02 07:00:00,204.12,204.2,201.86,202.13,37910.789
2025-09-02 08:00:00,202.13,203.87,202.04,203.1,37308.677
2025-09-02 09:00:00,203.1,204.38,202.81,204.38,26605.654
2025-09-02 10:00:00,204.38,204.44,203.4,203.69,18375.222
2025-09-02 11:00:00,203.69,203.75,201.72,201.99,28723.084
2025-09-02 12:00:00,201.99,202.25,197.36,197.96,89525.002
2025-09-02 13:00:00,197.96,204.31,197.79,204.08,125499.33
2025-09-02 14:00:00,204.08,205.13,202.63,204.39,91401.532
2025-09-02 15:00:00,204.39,204.63,199.59,200.28,82619.765
2025-09-02 16:00:00,200.28,201.96,199.44,201.45,51841.753
2025-09-02 17:00:00,201.45,205.35,201.45,204.8,47159.837
2025-09-02 18:00:00,204.8,206.48,203.34,205.62,49949.068
2025-09-02 19:00:00,205.62,207.0,204.36,205.52,55498.45
2025-09-02 20:00:00,205.52,208.24,204.9,206.74,51368.938
2025-09-02 21:00:00,206.74,208.08,206.66,207.28,34714.887
2025-09-02 22:00:00,207.28,208.98,206.58,208.68,48328.76
2025-09-02 23:00:00,208.68,209.71,207.98,209.64,48440.182
2025-09-03 00:00:00,209.64,210.5,207.95,208.39,76456.38
2025-09-03 01:00:00,208.39,211.84,207.4,211.48,70883.537
2025-09-03 02:00:00,211.48,211.98,210.36,211.29,56058.24
2025-09-03 03:00:00,211.29,211.83,209.32,210.03,34827.357
2025-09-03 04:00:00,210.03,210.45,209.18,210.28,24491.563
2025-09-03 05:00:00,210.28,210.48,208.95,209.03,23895.041
2025-09-03 06:00:00,209.03,209.44,208.01,208.45,42211.168
2025-09-03 07:00:00,208.45,209.42,208.01,209.36,24912.675
2025-09-03 08:00:00,209.36,210.77,208.92,209.38,29603.419
2025-09-03 09:00:00,209.38,209.66,208.14,209.6,35725.785
2025-09-03 10:00:00,209.6,210.37,208.91,209.91,44100.088
2025-09-03 11:00:00,209.91,211.34,209.7,210.35,34596.71
2025-09-03 12:00:00,210.35,211.38,208.79,209.12,39928.017
2025-09-03 13:00:00,209.12,213.0,209.11,211.64,64607.436
2025-09-03 14:00:00,211.64,212.68,210.32,212.07,63615.477
2025-09-03 15:00:00,212.07,212.69,210.88,211.36,45149.017
2025-09-03 16:00:00,211.36,211.94,209.46,209.92,85552.819
2025-09-03 17:00:00,209.92,211.54,209.92,210.82,27697.987
2025-09-03 18:00:00,210.82,211.16,208.83,209.62,42448.058
2025-09-03 19:00:00,209.62,210.43,209.25,210.34,45031.101
2025-09-03 20:00:00,210.34,210.43,209.19,209.4,38382.934
2025-09-03 21:00:00,209.4,209.51,208.36,208.86,30770.542
2025-09-03 22:00:00,208.86,209.86,208.5,209.86,38105.354
2025-09-03 23:00:00,209.86,210.94,209.62,210.72,23416.291
2025-09-04 00:00:00,210.72,211.98,210.45,211.25,22118.277
2025-09-04 01:00:00,211.25,211.26,209.63,210.37,74733.377
2025-09-04 02:00:00,210.37,210.55,207.47,208.23,39949.123
2025-09-04 03:00:00,208.23,208.64,207.53,208.16,31529.26
2025-09-04 04:00:00,208.16,208.54,206.92,207.14,24599.378
2025-09-04 05:00:00,207.14,207.15,205.67,206.76,39218.356
2025-09-04 06:00:00,206.76,207.21,206.33,206.34,21806.813
2025-09-04 07:00:00,206.34,207.44,206.25,206.66,16199.822
2025-09-04 08:00:00,206.66,208.15,206.59,207.04,24726.912
2025-09-04 09:00:00,207.04,208.11,207.04,208.08,11402.34
2025-09-04 10:00:00,208.08,208.84,207.52,207.54,32081.233
2025-09-04 11:00:00,207.54,208.42,206.99,207.22,25942.441
2025-09-04 12:00:00,207.22,208.51,207.0,208.36,32746.431
2025-09-04 13:00:00,208.36,208.45,206.35,207.08,35368.277
2025-09-04 14:00:00,207.08,207.75,204.67,205.38,67681.753
2025-09-04 15:00:00,205.38,205.42,203.39,203.78,71785.333
2025-09-04 16:00:00,203.78,204.86,203.53,204.6,37835.605
2025-09-04 17:00:00,204.6,205.18,203.93,203.94,20360.492
2025-09-04 18:00:00,203.94,204.72,202.26,203.07,40155.767
2025-09-04 19:00:00,203.07,203.66,201.81,202.09,24700.78
2025-09-04 20:00:00,202.09,203.77,201.88,202.6,18346.738
2025-09-04 21:00:00,202.6,203.99,202.46,203.82,10239.756
2025-09-04 22:00:00,203.82,204.74,202.72,204.2,28885.864
2025-09-04 23:00:00,204.2,204.81,202.22,202.32,40424.337
2025-09-05 00:00:00,202.32,202.93,201.01,201.19,32541.708
2025-09-05 01:00:00,201.19,203.74,200.93,203.45,37376.778
2025-09-05 02:00:00,203.45,204.05,202.64,204.02,25850.819
2025-09-05 03:00:00,204.02,204.02,202.49,203.52,22756.991
2025-09-05 04:00:00,203.52,204.34,202.97,204.08,21596.692
2025-09-05 05:00:00,204.08,204.88,203.9,204.66,25197.678
2025-09-05 06:00:00,204.66,204.87,203.92,204.87,15522.963
2025-09-05 07:00:00,204.87,208.43,204.72,207.86,63015.758
2025-09-05 08:00:00,207.86,207.96,206.5,206.59,30428.121
2025-09-05 09:00:00,206.59,206.94,204.52,205.89,36692.081
2025-09-05 10:00:00,205.89,206.64,205.75,206.05,24274.652
2025-09-05 11:00:00,206.05,207.04,206.01,206.66,19932.723
2025-09-05 12:00:00,206.66,209.75,204.93,209.05,178170.641
2025-09-05 13:00:00,209.05,210.01,208.39,209.67,92940.526
2025-09-05 14:00:00,209.67,209.67,201.65,202.25,187351.078
2025-09-05 15:00:00,202.25,204.45,201.63,203.56,84129.526
2025-09-05 16:00:00,203.56,204.09,202.5,203.78,30208.88
2025-09-05 17:00:00,203.78,203.8,202.23,202.41,34476.817
2025-09-05 18:00:00,202.41,204.76,201.78,204.34,59355.253
2025-09-05 19:00:00,204.34,205.55,203.9,205.45,43841.573
2025-09-05 20:00:00,205.45,205.69,204.42,205.58,21433.797
2025-09-05 21:00:00,205.58,205.68,202.63,203.11,56358.531
2025-09-05 22:00:00,203.11,204.37,202.68,204.12,21830.487
2025-09-05 23:00:00,204.12,204.5,203.32,203.41,7994.844
2025-09-06 00:00:00,203.41,204.31,203.22,203.91,8771.148
2025-09-06 01:00:00,203.91,204.66,203.52,204.43,8312.574
2025-09-06 02:00:00,204.43,204.67,203.16,204.34,14035.141
2025-09-06 03:00:00,204.34,204.6,203.84,204.08,11861.663
2025-09-06 04:00:00,204.08,204.08,203.2,203.22,14653.61
2025-09-06 05:00:00,203.22,203.33,202.14,202.26,11856.657
2025-09-06 06:00:00,202.26,202.64,202.13,202.47,10845.329
2025-09-06 07:00:00,202.47,203.28,202.42,203.04,11486.451
2025-09-06 08:00:00,203.04,203.55,202.68,203.48,7635.069
2025-09-06 09:00:00,203.48,203.48,202.7,202.73,7324.597
2025-09-06 10:00:00,202.73,203.1,202.43,202.91,7130.676
2025-09-06 11:00:00,202.91,202.92,201.93,202.4,11501.342
2025-09-06 12:00:00,202.4,202.88,202.23,202.29,6891.445
2025-09-06 13:00:00,202.29,202.5,201.38,202.34,13120.614
2025-09-06 14:00:00,202.34,202.67,201.88,202.04,10585.899
2025-09-06 15:00:00,202.04,202.3,201.02,201.25,25671.972
2025-09-06 16:00:00,201.25,202.33,200.75,201.64,27973.742
2025-09-06 17:00:00,201.64,201.81,199.61,200.15,37759.822
2025-09-06 18:00:00,200.15,200.82,199.32,200.06,23469.778
2025-09-06 19:00:00,200.06,200.3,199.38,199.72,11377.596
2025-09-06 20:00:00,199.72,200.81,199.71,200.81,10604.148
2025-09-06 21:00:00,200.81,201.19,200.38,200.8,6649.523
2025-09-06 22:00:00,200.8,201.11,200.03,200.39,9623.709
2025-09-06 23:00:00,200.39,201.03,199.94,200.17,7132.292
2025-09-07 00:00:00,200.17,201.36,200.12,201.19,10912.623
2025-09-07 01:00:00,201.19,203.2,201.11,202.72,33065.942
2025-09-07 02:00:00,202.72,202.98,202.04,202.84,20820.541
2025-09-07 03:00:00,202.84,203.3,202.6,202.88,35076.839
2025-09-07 04:00:00,202.88,203.14,202.35,203.14,34971.441
2025-09-07 05:00:00,203.14,203.29,202.76,202.88,26715.179
2025-09-07 06:00:00,202.88,203.0,202.27,202.33,25809.363
2025-09-07 07:00:00,202.33,203.34,202.28,203.03,30075.646
2025-09-07 08:00:00,203.03,203.97,203.03,203.56,37592.239
2025-09-07 09:00:00,203.56,203.99,202.73,203.19,20759.635
2025-09-07 10:00:00,203.19,203.39,202.88,203.38,11325.53
2025-09-07 11:00:00,203.38,204.01,203.14,203.99,11217.248
2025-09-07 12:00:00,203.99,204.03,203.35,203.78,15494.584
2025-09-07 13:00:00,203.78,203.81,203.11,203.45,10766.028
2025-09-07 14:00:00,203.45,204.0,203.17,203.69,30973.962
2025-09-07 15:00:00,203.69,205.54,203.47,205.15,45214.382
2025-09-07 16:00:00,205.15,205.46,203.4,203.46,27898.089
2025-09-07 17:00:00,203.46,203.7,201.71,201.98,36276.949
2025-09-07 18:00:00,201.98,202.29,201.45,202.13,20992.433
2025-09-07 19:00:00,202.13,203.1,201.86,203.1,19852.307
2025-09-07 20:00:00,203.1,204.96,202.59,204.92,23797.365
2025-09-07 21:00:00,204.92,205.19,204.41,204.69,52153.795
2025-09-07 22:00:00,204.69,207.49,204.35,207.13,90525.381
2025-09-07 23:00:00,207.13,207.96,206.25,206.34,70877.949
2025-09-08 00:00:00,206.34,207.07,205.65,205.67,34688.772
2025-09-08 01:00:00,205.67,207.4,205.6,206.9,34464.443
2025-09-08 02:00:00,206.9,207.87,206.16,207.81,43004.203
2025-09-08 03:00:00,207.81,208.96,207.48,207.63,34064.699
2025-09-08 04:00:00,207.63,208.63,206.97,207.8,26395.976
2025-09-08 05:00:00,207.8,207.94,206.71,207.34,22737.257
2025-09-08 06:00:00,207.34,207.7,206.68,207.1,28763.617
2025-09-08 07:00:00,207.1,208.87,206.99,207.92,88034.215
2025-09-08 08:00:00,207.92,209.43,207.33,208.91,47716.666
2025-09-08 09:00:00,208.91,210.91,208.65,210.87,63575.402
2025-09-08 10:00:00,210.87,215.83,210.41,215.16,184604.38
2025-09-08 11:00:00,215.16,215.31,212.96,214.26,75869.03
2025-09-08 12:00:00,214.26,214.88,213.56,214.46,45113.296
2025-09-08 13:00:00,214.46,216.29,212.96,213.3,102911.728
2025-09-08 14:00:00,213.3,215.8,213.02,215.26,73678.474
2025-09-08 15:00:00,215.26,216.7,214.72,215.03,73491.761
2025-09-08 16:00:00,215.03,215.45,213.84,214.89,51616.583
2025-09-08 17:00:00,214.89,216.95,213.96,215.41,56927.575
2025-09-08 18:00:00,215.41,216.92,214.76,216.67,88388.49
2025-09-08 19:00:00,216.67,217.04,214.76,216.11,105869.643
2025-09-08 20:00:00,216.11,216.18,213.88,214.46,65313.86
2025-09-08 21:00:00,214.46,215.86,214.23,215.1,31214.361
2025-09-08 22:00:00,215.1,215.54,214.45,214.69,20242.533
2025-09-08 23:00:00,214.69,215.23,213.55,214.12,35851.679
2025-09-09 00:00:00,214.12,214.9,212.24,213.19,45437.083
2025-09-09 01:00:00,213.19,213.99,212.18,213.24,36138.893
2025-09-09 02:00:00,213.24,213.52,210.88,211.64,52649.616
2025-09-09 03:00:00,211.64,214.79,211.4,214.61,43097.889
2025-09-09 04:00:00,214.61,215.68,213.94,214.87,74531.024
2025-09-09 05:00:00,214.87,215.45,214.07,215.25,24536.957
2025-09-09 06:00:00,215.25,219.74,215.04,218.46,127301.581
2025-09-09 07:00:00,218.46,219.78,218.34,219.25,84501.871
2025-09-09 08:00:00,219.25,219.52,218.44,218.99,54258.404
2025-09-09 09:00:00,218.99,219.3,218.54,218.94,27404.1
2025-09-09 10:00:00,218.94,219.18,217.47,217.81,51115.359
2025-09-09 11:00:00,217.81,218.0,217.0,217.23,34226.958
2025-09-09 12:00:00,217.23,218.36,216.57,217.65,59370.827
2025-09-09 13:00:00,217.65,218.45,216.3,218.02,83654.97
2025-09-09 14:00:00,218.02,218.54,213.27,215.52,217655.612
2025-09-09 15:00:00,215.52,215.83,211.73,213.06,139359.577
2025-09-09 16:00:00,213.06,214.95,212.99,214.2,53206.507
2025-09-09 17:00:00,214.2,215.71,214.03,214.91,45845.246
2025-09-09 18:00:00,214.91,216.86,214.44,216.4,55156.249
2025-09-09 19:00:00,216.4,216.96,215.81,216.34,28868.333
2025-09-09 20:00:00,216.34,216.39,215.18,216.31,28323.653
2025-09-09 21:00:00,216.31,216.61,215.15,215.19,27907.689
2025-09-09 22:00:00,215.19,217.34,214.99,217.21,37402.307
2025-09-09 23:00:00,217.21,217.8,216.58,217.2,27574.924
2025-09-10 00:00:00,217.2,217.51,215.09,215.21,51570.969
2025-09-10 01:00:00,215.21,216.53,215.13,216.3,31100.28
2025-09-10 02:00:00,216.3,219.63,216.3,219.17,74274.798
2025-09-10 03:00:00,219.17,219.69,218.08,219.2,54098.177
2025-09-10 04:00:00,219.2,219.21,217.83,218.41,30393.781
2025-09-10 05:00:00,218.41,219.3,217.87,218.63,29909.182
2025-09-10 06:00:00,218.63,219.64,217.98,219.21,44877.703
2025-09-10 07:00:00,219.21,222.93,218.92,222.25,132291.921
2025-09-10 08:00:00,222.25,222.46,220.4,220.74,64594.807
2025-09-10 09:00:00,220.74,221.29,219.91,220.46,51771.677
2025-09-10 10:00:00,220.46,220.64,218.84,220.07,52403.1
2025-09-10 11:00:00,220.07,220.42,218.9,220.25,33169.735
2025-09-10 12:00:00,220.25,224.98,219.72,223.42,157801.424
2025-09-10 13:00:00,223.42,225.96,222.56,224.11,134273.165
2025-09-10 14:00:00,224.11,225.06,222.26,222.68,140170.643
2025-09-10 15:00:00,222.68,224.04,222.67,223.12,72212.738
2025-09-10 16:00:00,223.12,223.93,222.12,223.72,68569.173
2025-09-10 17:00:00,223.72,224.08,221.51,222.65,51173.931
2025-09-10 18:00:00,222.65,223.11,221.27,222.83,38539.631
2025-09-10 19:00:00,222.83,222.89,220.55,221.26,43109.142
2025-09-10 20:00:00,221.26,222.62,220.96,222.53,22385.321
2025-09-10 21:00:00,222.53,223.69,222.34,223.42,43740.683
2025-09-10 22:00:00,223.42,224.61,223.15,224.47,34487.979
2025-09-10 23:00:00,224.47,224.59,223.66,224.04,23172.499
2025-09-11 00:00:00,224.04,225.43,223.84,225.0,39949.347
2025-09-11 01:00:00,225.0,225.6,224.48,224.81,33304.612
2025-09-11 02:00:00,224.81,225.04,222.95,223.0,26941.733
2025-09-11 03:00:00,223.0,224.58,222.98,224.17,47168.266
2025-09-11 04:00:00,224.17,224.27,222.57,223.51,54897.715
2025-09-11 05:00:00,223.51,223.95,221.67,222.23,104122.663
2025-09-11 06:00:00,222.23,223.6,221.89,223.32,96906.531
2025-09-11 07:00:00,223.32,223.51,221.92,223.22,69739.324
2025-09-11 08:00:00,223.22,223.55,222.26,223.49,55583.376
2025-09-11 09:00:00,223.49,225.22,223.44,224.47,63418.495
2025-09-11 10:00:00,224.47,225.84,224.34,225.72,55001.27
2025-09-11 11:00:00,225.72,225.72,224.5,225.05,40983.874
2025-09-11 12:00:00,225.05,228.88,222.74,226.67,301024.832
2025-09-11 13:00:00,226.67,229.16,224.2,228.19,153373.061
2025-09-11 14:00:00,228.19,228.26,225.59,227.07,132368.47
2025-09-11 15:00:00,227.07,227.23,225.32,226.8,95741.747
2025-09-11 16:00:00,226.8,228.31,225.01,225.86,95674.698
2025-09-11 17:00:00,225.86,227.69,225.61,227.45,50106.63
2025-09-11 18:00:00,227.45,227.7,225.9,226.27,83402.192
2025-09-11 19:00:00,226.27,226.83,225.82,226.57,100279.49
2025-09-11 20:00:00,226.57,226.63,225.4,225.51,69486.787
2025-09-11 21:00:00,225.51,227.0,225.49,226.69,30817.361
2025-09-11 22:00:00,226.69,228.6,226.35,228.05,52886.584
2025-09-11 23:00:00,228.05,229.0,227.94,228.76,40780.654
2025-09-12 00:00:00,228.76,235.0,228.12,232.99,175797.868
2025-09-12 01:00:00,232.99,234.0,231.6,232.24,72024.305
2025-09-12 02:00:00,232.24,233.88,232.14,232.71,54394.952
2025-09-12 03:00:00,232.71,235.75,232.25,235.08,63220.696
2025-09-12 04:00:00,235.08,238.05,234.19,237.36,138963.767
2025-09-12 05:00:00,237.36,239.81,237.05,238.63,92083.198
2025-09-12 06:00:00,238.63,238.63,237.28,238.16,62917.681
2025-09-12 07:00:00,238.16,238.89,237.03,237.37,54086.583
2025-09-12 08:00:00,237.37,238.34,236.71,237.71,64217.931
2025-09-12 09:00:00,237.71,238.6,237.43,238.46,70091.582
2025-09-12 10:00:00,238.46,239.3,237.57,239.07,53099.182
2025-09-12 11:00:00,239.07,239.55,238.52,239.16,81318.801
2025-09-12 12:00:00,239.16,240.38,237.61,239.34,82310.604
2025-09-12 13:00:00,239.34,240.12,238.04,239.58,92557.871
2025-09-12 14:00:00,239.58,241.85,238.98,240.29,128315.496
2025-09-12 15:00:00,240.29,240.35,238.5,239.32,88063.56
2025-09-12 16:00:00,239.32,239.39,237.95,238.8,44039.975
2025-09-12 17:00:00,238.8,241.31,238.25,240.24,72271.969
2025-09-12 18:00:00,240.24,241.5,239.75,240.71,65229.151
2025-09-12 19:00:00,240.71,241.24,239.59,240.96,138362.676
2025-09-12 20:00:00,240.96,241.23,238.87,239.68,180278.491
2025-09-12 21:00:00,239.68,240.37,238.32,240.09,86719.542
2025-09-12 22:00:00,240.09,244.2,240.09,241.09,121671.483
2025-09-12 23:00:00,241.09,242.67,239.94,242.18,64574.182
2025-09-13 00:00:00,242.18,243.77,241.61,243.15,70996.416
2025-09-13 01:00:00,243.15,244.13,241.56,241.61,69366.654
2025-09-13 02:00:00,241.61,242.85,240.69,242.51,49725.951
2025-09-13 03:00:00,242.51,244.02,241.84,243.62,46142.237
2025-09-13 04:00:00,243.62,243.73,242.57,243.01,36271.474
2025-09-13 05:00:00,243.01,243.37,241.26,241.69,37696.65
2025-09-13 06:00:00,241.69,242.83,241.69,242.67,40346.246
2025-09-13 07:00:00,242.67,243.19,242.35,242.45,26584.737
2025-09-13 08:00:00,242.45,243.5,242.05,243.48,44813.271
2025-09-13 09:00:00,243.48,243.72,242.73,243.44,65974.512
2025-09-13 10:00:00,243.44,243.44,242.18,242.61,54617.085
2025-09-13 11:00:00,242.61,242.61,241.28,241.91,30172.024
2025-09-13 12:00:00,241.91,242.57,241.36,242.44,17545.655
2025-09-13 13:00:00,242.44,243.06,237.86,240.09,76800.681
2025-09-13 14:00:00,240.09,241.07,238.56,240.38,75576.917
2025-09-13 15:00:00,240.38,240.88,238.48,239.48,50769.382
2025-09-13 16:00:00,239.48,239.72,237.36,237.55,78569.557
2025-09-13 17:00:00,237.55,238.38,235.85,237.77,111260.966
2025-09-13 18:00:00,237.77,238.87,237.13,238.43,20480.987
2025-09-13 19:00:00,238.43,239.34,238.07,238.96,22386.065
2025-09-13 20:00:00,238.96,240.41,238.84,240.25,21955.147
2025-09-13 21:00:00,240.25,241.47,239.89,240.12,24718.464
2025-09-13 22:00:00,240.12,242.05,240.01,241.89,19429.371
2025-09-13 23:00:00,241.89,243.13,241.69,242.36,41420.895
2025-09-14 00:00:00,242.36,244.1,242.21,243.51,55318.733
2025-09-14 01:00:00,243.51,246.55,242.8,245.79,79160.846
2025-09-14 02:00:00,245.79,249.2,245.76,248.64,81751.26
2025-09-14 03:00:00,248.64,249.62,246.78,246.88,49747.765
2025-09-14 04:00:00,246.88,247.93,244.45,246.24,55884.102
2025-09-14 05:00:00,246.24,248.07,246.03,247.7,28710.976
2025-09-14 06:00:00,247.7,248.31,246.26,247.03,28659.869
2025-09-14 07:00:00,247.03,247.22,245.76,246.4,50369.885
2025-09-14 08:00:00,246.4,247.1,245.9,246.41,38348.092
2025-09-14 09:00:00,246.41,247.76,246.11,247.75,44407.533
2025-09-14 10:00:00,247.75,248.16,246.99,247.67,54674.757
2025-09-14 11:00:00,247.67,247.92,245.54,246.09,32992.329
2025-09-14 12:00:00,246.09,246.76,244.67,245.26,54287.488
2025-09-14 13:00:00,245.26,245.87,243.23,243.76,45241.048
2025-09-14 14:00:00,243.76,245.08,241.47,243.22,107856.962
2025-09-14 15:00:00,243.22,244.24,241.84,243.81,43754.985
2025-09-14 16:00:00,243.81,245.81,243.4,245.14,51904.328
2025-09-14 17:00:00,245.14,248.45,244.55,247.91,77621.619
2025-09-14 18:00:00,247.91,247.94,244.56,244.63,46663.86
2025-09-14 19:00:00,244.63,245.25,242.09,242.48,134537.412
2025-09-14 20:00:00,242.48,243.41,241.0,242.42,144483.774
2025-09-14 21:00:00,242.42,244.71,240.53,244.13,105693.802
2025-09-14 22:00:00,244.13,244.27,240.74,242.95,47160.664
2025-09-14 23:00:00,242.95,242.95,239.21,239.76,42469.944
2025-09-15 00:00:00,239.76,242.17,239.66,240.71,33000.328
2025-09-15 01:00:00,240.71,241.79,239.12,241.14,42388.381
2025-09-15 02:00:00,241.14,242.79,240.34,242.1,42696.433
2025-09-15 03:00:00,242.1,243.4,242.0,242.64,38439.096
2025-09-15 04:00:00,242.64,243.52,242.05,242.82,43846.307
2025-09-15 05:00:00,242.82,243.99,242.6,243.96,36046.618
2025-09-15 06:00:00,243.96,244.01,239.53,240.3,68050.59
2025-09-15 07:00:00,240.3,241.26,236.19,237.96,121179.988
2025-09-15 08:00:00,237.96,238.11,231.64,232.1,236806.201
2025-09-15 09:00:00,232.1,235.59,231.59,235.58,123397.602
2025-09-15 10:00:00,235.58,236.9,234.08,236.21,62214.178
2025-09-15 11:00:00,236.21,236.98,235.2,236.45,43434.561
2025-09-15 12:00:00,236.45,238.23,234.43,234.84,99227.974
2025-09-15 13:00:00,234.84,237.15,234.19,235.24,87861.112
2025-09-15 14:00:00,235.24,235.65,232.78,233.48,54264.239
2025-09-15 15:00:00,233.48,234.41,232.0,233.0,61953.343
2025-09-15 16:00:00,233.0,233.65,230.73,231.39,59983.907
2025-09-15 17:00:00,231.39,233.39,230.15,233.29,70041.77
2025-09-15 18:00:00,233.29,233.6,232.23,233.24,35062.454
2025-09-15 19:00:00,233.24,234.69,231.95,233.01,47144.209
2025-09-15 20:00:00,233.01,234.47,232.77,234.37,32024.548
2025-09-15 21:00:00,234.37,235.4,233.73,235.24,25880.174
2025-09-15 22:00:00,235.24,235.39,233.76,233.96,37368.494
2025-09-15 23:00:00,233.96,234.55,233.08,234.35,17989.952
2025-09-16 00:00:00,234.35,234.73,232.87,233.83,36694.625
2025-09-16 01:00:00,233.83,235.72,233.8,233.98,38347.255
2025-09-16 02:00:00,233.98,235.07,233.84,233.87,18563.227
2025-09-16 03:00:00,233.87,235.81,233.87,235.1,23027.988
2025-09-16 04:00:00,235.1,235.3,232.97,234.5,22716.911
2025-09-16 05:00:00,234.5,236.64,234.39,236.55,51115.193
2025-09-16 06:00:00,236.55,237.03,234.74,235.84,38299.727
2025-09-16 07:00:00,235.84,236.44,235.37,235.79,18807.269
2025-09-16 08:00:00,235.79,236.92,235.15,236.1,32286.371
2025-09-16 09:00:00,236.1,236.37,234.87,235.31,24219.477
2025-09-16 10:00:00,235.31,236.02,234.77,235.24,24624.392
2025-09-16 11:00:00,235.24,235.92,234.8,235.37,27333.334
2025-09-16 12:00:00,235.37,235.9,234.46,235.27,23221.224
2025-09-16 13:00:00,235.27,235.65,231.46,233.1,94949.044
2025-09-16 14:00:00,233.1,234.37,231.29,234.13,67880.603
2025-09-16 15:00:00,234.13,238.11,233.09,237.78,100465.459
2025-09-16 16:00:00,237.78,239.27,236.19,238.23,114615.056
2025-09-16 17:00:00,238.23,240.94,237.81,238.14,103745.777
2025-09-16 18:00:00,238.14,239.06,236.84,237.61,59778.704
2025-09-16 19:00:00,237.61,238.36,237.09,237.82,53427.263
2025-09-16 20:00:00,237.82,238.42,237.3,238.29,39032.813
2025-09-16 21:00:00,238.29,238.77,237.12,238.53,34812.901
2025-09-16 22:00:00,238.53,238.97,237.35,237.9,28981.784
2025-09-16 23:00:00,237.9,238.19,236.45,236.94,24671.011
2025-09-17 00:00:00,236.94,237.05,235.57,236.22,28309.214
2025-09-17 01:00:00,236.22,236.97,235.86,236.31,13916.32
2025-09-17 02:00:00,236.31,237.84,235.84,236.34,21324.027
2025-09-17 03:00:00,236.34,236.52,233.84,234.09,40250.305
2025-09-17 04:00:00,234.09,234.73,233.45,233.78,24951.616
2025-09-17 05:00:00,233.78,235.42,233.22,235.06,39907.415
2025-09-17 06:00:00,235.06,236.69,234.74,236.03,66360.776
2025-09-17 07:00:00,236.03,238.07,235.7,237.72,51172.851
2025-09-17 08:00:00,237.72,237.72,235.02,235.85,79314.041
2025-09-17 09:00:00,235.85,236.31,235.16,235.17,22789.274
2025-09-17 10:00:00,235.17,236.34,233.7,234.16,21086.8794
2025-09-17 11:00:00,234.16,234.75,233.9,234.15,18108.2759
2025-09-17 12:00:00,234.15,235.33,233.95,234.76,20463.5896
2025-09-17 13:00:00,234.76,235.98,234.17,235.46,29507.6395
2025-09-17 14:00:00,235.46,235.93,233.56,233.96,31567.6527
2025-09-17 15:00:00,233.96,235.21,233.7,233.93,46428.2075
2025-09-17 16:00:00,233.93,234.77,232.31,234.11,49328.7844
2025-09-17 17:00:00,234.11,237.1,232.03,232.51,98588.0132
2025-09-17 18:00:00,232.51,238.38,232.02,233.66,332660.5681
2025-09-17 19:00:00,233.66,239.1,233.48,238.75,154737.5453
2025-09-17 20:00:00,238.75,241.21,237.58,238.02,75418.9719
2025-09-17 21:00:00,238.02,240.71,235.96,240.27,94228.9544
2025-09-17 22:00:00,240.27,245.67,240.27,244.9,146028.7812
2025-09-17 23:00:00,244.9,246.66,243.85,244.83,80799.061
2025-09-18 00:00:00,244.83,246.09,244.15,244.71,37925.0472
2025-09-18 01:00:00,244.71,247.48,244.5,246.29,48407.6667
2025-09-18 02:00:00,246.29,246.6,245.13,246.41,31716.109
2025-09-18 03:00:00,246.41,247.89,246.11,246.72,55946.2026
2025-09-18 04:00:00,246.72,247.03,245.62,246.27,37152.2393
2025-09-18 05:00:00,246.27,246.38,244.32,244.92,29506.0924
2025-09-18 06:00:00,244.92,245.07,242.59,244.28,53798.8108
2025-09-18 07:00:00,244.28,245.28,244.28,244.71,22479.4137
2025-09-18 08:00:00,244.71,247.19,244.35,246.97,39020.9521
2025-09-18 09:00:00,246.97,247.12,246.12,247.07,23637.7867
2025-09-18 10:00:00,247.07,247.1,245.31,246.05,26463.8241
2025-09-18 11:00:00,246.05,247.02,245.61,245.95,28641.1928
2025-09-18 12:00:00,245.95,246.9,245.81,246.0,27448.7906
2025-09-18 13:00:00,246.0,248.29,245.0,246.15,89639.5027
2025-09-18 14:00:00,246.15,248.14,246.09,247.71,52566.6557
2025-09-18 15:00:00,247.71,248.99,247.26,248.23,58839.9949
2025-09-18 16:00:00,248.23,250.18,247.56,249.81,97607.3205
2025-09-18 17:00:00,249.81,253.49,249.27,251.38,156514.9376
2025-09-18 18:00:00,251.38,251.44,249.83,250.43,47674.408
2025-09-18 19:00:00,250.43,250.49,247.33,248.33,60729.0045
2025-09-18 20:00:00,248.33,249.14,247.8,248.29,33258.4059
2025-09-18 21:00:00,248.29,248.64,247.41,247.6,26392.7502
2025-09-18 22:00:00,247.6,248.17,246.89,247.09,30010.4407
2025-09-18 23:00:00,247.09,247.69,245.8,247.48,44487.4681
2025-09-19 00:00:00,247.48,248.32,247.14,248.16,18526.6917
2025-09-19 01:00:00,248.16,248.54,246.77,247.47,23456.4888
2025-09-19 02:00:00,247.47,248.02,246.43,246.71,18859.7299
2025-09-19 03:00:00,246.71,247.76,244.66,245.05,49754.0401
2025-09-19 04:00:00,245.05,245.38,242.8,244.98,70458.112
2025-09-19 05:00:00,244.98,245.73,244.29,245.67,43309.2122
2025-09-19 06:00:00,245.67,245.69,243.51,243.63,33457.2577
2025-09-19 07:00:00,243.63,244.88,243.14,243.84,37044.2947
2025-09-19 08:00:00,243.84,244.87,243.47,243.81,21475.3382
2025-09-19 09:00:00,243.81,244.34,242.12,242.88,36433.1469
2025-09-19 10:00:00,242.88,243.0,241.77,242.32,27349.4033
2025-09-19 11:00:00,242.32,242.43,240.2,240.94,38153.6469
2025-09-19 12:00:00,240.94,242.08,240.45,240.86,29991.5727
2025-09-19 13:00:00,240.86,242.31,240.68,242.1,63684.8422
2025-09-19 14:00:00,242.1,242.71,238.99,239.58,80033.2719
2025-09-19 15:00:00,239.58,239.66,235.83,237.53,147070.5472
2025-09-19 16:00:00,237.53,238.89,237.22,238.63,27716.2801
2025-09-19 17:00:00,238.63,238.69,236.5,236.66,35593.6086
2025-09-19 18:00:00,236.66,237.08,235.13,236.99,53619.8117
2025-09-19 19:00:00,236.99,237.93,235.88,235.96,36386.2804
2025-09-19 20:00:00,235.96,237.77,235.96,237.01,29169.9807
2025-09-19 21:00:00,237.01,238.41,236.44,238.4,19420.45
2025-09-19 22:00:00,238.4,238.86,238.34,238.52,12127.9694
2025-09-19 23:00:00,238.52,238.55,236.81,238.53,16460.1631
2025-09-20 00:00:00,238.53,239.7,238.3,239.66,20055.6421
2025-09-20 01:00:00,239.66,239.99,238.42,238.42,20279.5022
2025-09-20 02:00:00,238.42,238.53,237.35,238.41,12418.1163
2025-09-20 03:00:00,238.41,238.43,237.78,238.07,7107.4808
2025-09-20 04:00:00,238.07,238.9,237.74,238.7,9265.1341
2025-09-20 05:00:00,238.7,239.5,238.44,239.43,9741.7854
2025-09-20 06:00:00,239.43,239.43,238.72,239.13,7790.6539
2025-09-20 07:00:00,239.13,239.8,239.0,239.78,14247.1313
2025-09-20 08:00:00,239.78,239.78,237.45,237.64,15200.8049
2025-09-20 09:00:00,237.64,238.09,237.15,237.23,11901.8388
2025-09-20 10:00:00,237.23,237.83,236.87,237.32,8387.6691
2025-09-20 11:00:00,237.32,238.44,237.3,238.16,9596.3035
2025-09-20 12:00:00,238.16,238.22,237.29,237.7,7816.9515
2025-09-20 13:00:00,237.7,238.08,237.35,237.43,7810.4314
2025-09-20 14:00:00,237.43,238.97,237.04,238.74,16866.1618
2025-09-20 15:00:00,238.74,241.21,238.74,240.11,40859.3996
2025-09-20 16:00:00,240.11,241.08,239.23,240.39,25666.9037
2025-09-20 17:00:00,240.39,240.55,238.88,239.09,22361.2405
2025-09-20 18:00:00,239.09,239.09,238.22,238.38,11974.5595
2025-09-20 19:00:00,238.38,239.04,237.95,238.61,13059.9392
2025-09-20 20:00:00,238.61,239.8,238.41,239.71,18785.5651
2025-09-20 21:00:00,239.71,240.32,239.44,239.77,13506.6373
2025-09-20 22:00:00,239.77,240.33,239.32,240.09,12031.2829
2025-09-20 23:00:00,240.09,240.19,238.97,239.47,11934.1453
2025-09-21 00:00:00,239.47,240.69,238.96,240.68,12061.1643
2025-09-21 01:00:00,240.68,240.74,239.87,240.09,20193.4393
2025-09-21 02:00:00,240.09,241.09,239.85,241.09,12940.3762
2025-09-21 03:00:00,241.09,241.77,240.48,241.76,11293.0504
2025-09-21 04:00:00,241.76,241.81,240.36,240.5,9285.5467
2025-09-21 05:00:00,240.5,240.8,240.15,240.38,10777.3106
2025-09-21 06:00:00,240.38,241.06,240.18,240.31,8062.5269
2025-09-21 07:00:00,240.31,240.31,239.45,239.86,11661.6719
2025-09-21 08:00:00,239.86,240.08,238.54,238.83,12833.9658
2025-09-21 09:00:00,238.83,239.04,237.04,238.47,36752.0209
2025-09-21 10:00:00,238.47,239.25,238.05,238.37,21247.9001
2025-09-21 11:00:00,238.37,239.07,238.2,238.63,13374.0131
2025-09-21 12:00:00,238.63,240.03,238.54,239.5,8975.6744
2025-09-21 13:00:00,239.5,240.29,239.17,239.51,10656.6655
2025-09-21 14:00:00,239.51,239.89,238.42,238.56,22086.9172
2025-09-21 15:00:00,238.56,238.73,237.72,237.93,19417.7275
2025-09-21 16:00:00,237.93,238.42,236.11,237.05,35971.5768
2025-09-21 17:00:00,237.05,237.86,236.3,237.84,29296.1238
2025-09-21 18:00:00,237.84,238.14,237.21,238.14,17238.7996
2025-09-21 19:00:00,238.14,238.19,237.17,238.01,8274.5809
2025-09-21 20:00:00,238.01,238.06,237.27,237.66,13821.1869
2025-09-21 21:00:00,237.66,237.77,236.67,237.29,12045.6887
2025-09-21 22:00:00,237.29,238.15,235.32,237.94,38461.3403
2025-09-21 23:00:00,237.94,237.94,235.97,236.16,22275.1987
2025-09-22 00:00:00,236.16,236.98,231.35,232.29,173028.8289
2025-09-22 01:00:00,232.29,234.77,232.09,233.23,72834.6026
2025-09-22 02:00:00,233.23,233.99,230.56,231.74,77498.3153
2025-09-22 03:00:00,231.74,233.08,231.66,232.84,28018.1705
2025-09-22 04:00:00,232.84,233.19,231.63,231.77,25968.3314
2025-09-22 05:00:00,231.77,231.98,224.84,225.0,103362.3747
2025-09-22 06:00:00,225.0,225.37,213.05,224.48,448768.7915
2025-09-22 07:00:00,224.48,224.56,221.88,221.95,98549.3712
2025-09-22 08:00:00,221.95,222.84,221.0,221.51,71044.754
2025-09-22 09:00:00,221.51,221.69,219.38,220.5,127691.7655
2025-09-22 10:00:00,220.5,222.65,219.93,222.39,53630.5559
2025-09-22 11:00:00,222.39,222.78,221.06,221.53,41723.0855
2025-09-22 12:00:00,221.53,223.03,220.65,222.93,68187.6533
2025-09-22 13:00:00,222.93,224.07,221.41,223.8,104155.3224
2025-09-22 14:00:00,223.8,224.08,220.93,221.38,81234.6
2025-09-22 15:00:00,221.38,221.75,219.96,220.75,59030.9985
2025-09-22 16:00:00,220.75,221.53,219.21,219.71,51487.3505
2025-09-22 17:00:00,219.71,221.44,217.9,221.12,80081.3425
2025-09-22 18:00:00,221.12,221.25,219.45,219.47,24607.2661
2025-09-22 19:00:00,219.47,219.59,216.56,217.14,90443.9174
2025-09-22 20:00:00,217.14,219.79,216.48,219.5,45341.0588
2025-09-22 21:00:00,219.5,221.09,219.0,220.91,33949.1909
2025-09-22 22:00:00,220.91,220.91,219.73,219.85,29843.1017
2025-09-22 23:00:00,219.85,220.58,219.73,220.38,26393.47
2025-09-23 00:00:00,220.38,221.39,219.41,219.7,27929.5734
2025-09-23 01:00:00,219.7,219.92,216.61,216.61,61929.4606
2025-09-23 02:00:00,216.61,217.86,213.84,214.12,60066.0202
2025-09-23 03:00:00,214.12,217.83,212.35,216.95,102238.7211
2025-09-23 04:00:00,216.95,217.45,214.04,215.78,44917.9541
2025-09-23 05:00:00,215.78,217.83,214.67,216.96,44405.53
2025-09-23 06:00:00,216.96,220.27,216.94,219.2,59277.5188
2025-09-23 07:00:00,219.2,219.47,218.61,219.0,26367.3741
2025-09-23 08:00:00,219.0,220.35,218.41,220.06,29237.2306
2025-09-23 09:00:00,220.06,220.87,218.24,218.66,25280.7307
2025-09-23 10:00:00,218.66,219.25,218.23,219.06,31856.2191
2025-09-23 11:00:00,219.06,219.63,217.85,219.32,21483.8341
2025-09-23 12:00:00,219.32,220.63,218.74,219.86,46177.2318
2025-09-23 13:00:00,219.86,220.21,218.6,219.03,31923.3521
2025-09-23 14:00:00,219.03,220.66,217.56,217.68,47618.3721
2025-09-23 15:00:00,217.68,219.94,217.02,219.26,45107.744
2025-09-23 16:00:00,219.26,221.74,217.83,220.46,67292.3369
2025-09-23 17:00:00,220.46,220.66,215.92,216.77,62396.4447
2025-09-23 18:00:00,216.77,217.23,215.25,215.8,60295.4007
2025-09-23 19:00:00,215.8,217.19,214.37,214.52,76148.6663
2025-09-23 20:00:00,214.52,215.35,213.27,215.29,75623.3609
2025-09-23 21:00:00,215.29,216.7,214.47,215.85,24290.9634
2025-09-23 22:00:00,215.85,216.47,214.75,215.29,18676.4783
2025-09-23 23:00:00,215.29,215.99,213.24,213.31,17646.482
2025-09-24 00:00:00,213.31,215.64,213.31,213.44,29354.1371
2025-09-24 01:00:00,213.44,216.43,212.83,216.22,22058.2368
2025-09-24 02:00:00,216.22,216.45,213.26,214.27,40603.5344
2025-09-24 03:00:00,214.27,214.67,207.42,208.55,169769.762
2025-09-24 04:00:00,208.55,209.22,204.67,208.05,162998.3047
2025-09-24 05:00:00,208.05,210.53,207.83,209.76,121812.2006
2025-09-24 06:00:00,209.76,211.47,208.64,210.99,89902.7844
2025-09-24 07:00:00,210.99,211.06,209.6,210.64,46277.3093
2025-09-24 08:00:00,210.64,211.23,210.01,210.89,28266.7785
2025-09-24 09:00:00,210.89,211.2,209.84,211.0,26348.3873
2025-09-24 10:00:00,211.0,211.49,210.12,210.91,33059.0131
2025-09-24 11:00:00,210.91,212.62,210.72,212.37,43867.1778
2025-09-24 12:00:00,212.37,213.45,211.79,211.96,55154.0148
2025-09-24 13:00:00,211.96,213.17,211.47,211.63,67948.4522
2025-09-24 14:00:00,211.63,216.36,211.43,215.6,72114.2824
2025-09-24 15:00:00,215.6,216.06,213.23,213.58,87936.6987
2025-09-24 16:00:00,213.58,214.44,213.21,213.84,42758.7743
2025-09-24 17:00:00,213.84,215.45,213.48,215.15,29073.5438
2025-09-24 18:00:00,215.15,215.19,213.34,213.89,25388.1849
2025-09-24 19:00:00,213.89,214.2,212.41,213.16,40763.3516
2025-09-24 20:00:00,213.16,213.22,210.85,212.11,41093.7621
2025-09-24 21:00:00,212.11,212.6,210.67,211.25,27217.3921
2025-09-24 22:00:00,211.25,212.3,210.9,211.72,29984.438
2025-09-24 23:00:00,211.72,212.24,211.27,211.58,30211.4366
2025-09-25 00:00:00,211.58,212.44,210.26,210.71,39414.5854
2025-09-25 01:00:00,210.71,211.21,207.75,208.19,107350.9254
2025-09-25 02:00:00,208.19,211.91,206.81,210.01,103413.0277
2025-09-25 03:00:00,210.01,210.11,206.02,207.29,87262.5341
2025-09-25 04:00:00,207.29,207.61,202.64,204.32,148318.4254
2025-09-25 05:00:00,204.32,205.92,203.21,205.43,46909.0914
2025-09-25 06:00:00,205.43,205.74,203.4,203.66,40494.6272
2025-09-25 07:00:00,203.66,205.24,203.34,204.22,38693.8291
2025-09-25 08:00:00,204.22,205.58,203.6,204.32,31919.2796
2025-09-25 09:00:00,204.32,205.9,201.78,202.28,85553.2821
2025-09-25 10:00:00,202.28,203.72,201.95,202.01,52305.6238
2025-09-25 11:00:00,202.01,202.53,200.72,201.39,100624.4498
2025-09-25 12:00:00,201.39,202.59,197.0,198.58,234226.5156
2025-09-25 13:00:00,198.58,201.61,197.57,200.78,101764.4659
2025-09-25 14:00:00,200.78,204.07,200.78,202.66,98106.8688
2025-09-25 15:00:00,202.66,203.11,200.36,201.15,56519.9537
2025-09-25 16:00:00,201.15,201.99,198.39,198.72,65113.3498
2025-09-25 17:00:00,198.72,198.95,193.58,194.86,227913.8854
2025-09-25 18:00:00,194.86,199.65,194.48,199.5,149839.0387
2025-09-25 19:00:00,199.5,200.93,197.4,198.13,95622.3751
2025-09-25 20:00:00,198.13,198.72,195.24,196.2,61566.2215
2025-09-25 21:00:00,196.2,197.44,194.76,196.35,60247.0461
2025-09-25 22:00:00,196.35,197.56,193.89,194.65,34831.921
2025-09-25 23:00:00,194.65,196.07,191.28,192.73,119318.7006
2025-09-26 00:00:00,192.73,195.94,192.53,195.68,67848.2721
2025-09-26 01:00:00,195.68,197.18,195.18,195.91,62629.9176
2025-09-26 02:00:00,195.91,197.56,195.46,196.47,45224.4219
2025-09-26 03:00:00,196.47,197.38,195.16,196.49,25058.3132
2025-09-26 04:00:00,196.49,197.43,195.13,195.77,31066.5123
2025-09-26 05:00:00,195.77,197.31,194.45,195.1,34980.1474
2025-09-26 06:00:00,195.1,197.0,193.78,195.23,71222.1946
2025-09-26 07:00:00,195.23,196.87,194.07,196.34,43351.9624
2025-09-26 08:00:00,196.34,196.99,195.76,196.17,35660.8957
2025-09-26 09:00:00,196.17,196.58,193.74,194.63,44683.8587
2025-09-26 10:00:00,194.63,194.72,191.8,192.12,66990.0442
2025-09-26 11:00:00,192.12,194.01,190.83,193.46,62987.056
2025-09-26 12:00:00,193.46,198.31,192.14,196.66,171872.3197
2025-09-26 13:00:00,196.66,197.39,194.44,197.13,101955.0978
2025-09-26 14:00:00,197.13,197.29,193.29,194.42,105688.9643
2025-09-26 15:00:00,194.42,196.82,194.22,196.03,69463.912
2025-09-26 16:00:00,196.03,199.78,195.8,199.58,121090.1855
2025-09-26 17:00:00,199.58,202.05,199.16,201.4,144647.4423
2025-09-26 18:00:00,201.4,202.63,200.85,201.83,77369.4469
2025-09-26 19:00:00,201.83,201.96,198.95,200.68,73990.4728
2025-09-26 20:00:00,200.68,200.9,199.54,199.96,50982.089
2025-09-26 21:00:00,199.96,202.47,199.73,202.31,39983.1113
2025-09-26 22:00:00,202.31,203.94,201.83,203.53,44641.9293
2025-09-26 23:00:00,203.53,205.46,202.8,205.12,50000.5526
2025-09-27 00:00:00,205.12,205.33,204.01,205.2,60429.4638
2025-09-27 01:00:00,205.2,205.43,203.57,204.36,40096.1131
2025-09-27 02:00:00,204.36,204.77,203.67,203.72,17469.6995
2025-09-27 03:00:00,203.72,205.09,203.64,203.91,33081.9093
2025-09-27 04:00:00,203.91,204.14,203.21,203.67,20988.0678
2025-09-27 05:00:00,203.67,203.67,202.22,202.48,20322.5541
2025-09-27 06:00:00,202.48,202.66,201.78,202.65,14414.3558
2025-09-27 07:00:00,202.65,203.17,201.57,202.08,27901.0418
2025-09-27 08:00:00,202.08,202.25,200.86,200.93,29126.5135
2025-09-27 09:00:00,200.93,201.49,199.89,201.17,33343.9051
2025-09-27 10:00:00,201.17,202.03,200.49,201.6,26638.2602
2025-09-27 11:00:00,201.6,202.04,201.28,201.68,23311.8249
2025-09-27 12:00:00,201.68,202.92,200.96,202.42,24439.6564
2025-09-27 13:00:00,202.42,203.37,202.15,202.88,29961.4218
2025-09-27 14:00:00,202.88,203.74,202.3,202.68,17263.9354
2025-09-27 15:00:00,202.68,203.7,201.79,203.55,19982.0981
2025-09-27 16:00:00,203.55,203.61,202.71,202.91,15737.4776
2025-09-27 17:00:00,202.91,202.96,200.89,201.87,25037.0374
2025-09-27 18:00:00,201.87,202.19,200.91,201.65,16223.3508
2025-09-27 19:00:00,201.65,202.37,201.3,202.21,10396.927
2025-09-27 20:00:00,202.21,202.92,201.91,202.65,8585.3066
2025-09-27 21:00:00,202.65,204.07,202.28,203.84,17250.4998
2025-09-27 22:00:00,203.84,204.99,203.43,203.9,17521.5466
2025-09-27 23:00:00,203.9,204.32,203.23,203.44,13453.9346
2025-09-28 00:00:00,203.44,204.04,202.56,202.98,19034.4239
2025-09-28 01:00:00,202.98,203.18,200.94,201.13,26804.0419
2025-09-28 02:00:00,201.13,202.06,201.01,201.45,19960.8182
2025-09-28 03:00:00,201.45,201.94,200.77,201.39,11806.8617
2025-09-28 04:00:00,201.39,202.01,201.17,201.9,20235.6984
2025-09-28 05:00:00,201.9,202.44,201.09,201.31,16997.7129
2025-09-28 06:00:00,201.31,201.81,200.37,201.72,23315.9395
2025-09-28 07:00:00,201.72,202.3,201.13,202.09,7946.2746
2025-09-28 08:00:00,202.09,202.7,201.4,201.82,15575.1577
2025-09-28 09:00:00,201.82,202.04,200.62,200.69,30444.9799
2025-09-28 10:00:00,200.69,201.04,200.2,200.82,21249.9712
2025-09-28 11:00:00,200.82,200.88,199.23,199.86,18885.6064
2025-09-28 12:00:00,199.86,199.95,197.98,198.44,35474.9793
2025-09-28 13:00:00,198.44,201.38,198.27,201.17,25474.0543
2025-09-28 14:00:00,201.17,201.96,200.43,201.87,15836.9447
2025-09-28 15:00:00,201.87,203.54,201.83,203.4,23786.9971
2025-09-28 16:00:00,203.4,204.72,203.26,204.07,32814.2667
2025-09-28 17:00:00,204.07,205.84,203.98,205.02,47148.6857
2025-09-28 18:00:00,205.02,206.35,204.81,206.12,27979.335
2025-09-28 19:00:00,206.12,206.67,205.41,206.18,15625.784
2025-09-28 20:00:00,206.18,207.77,206.01,206.78,52962.8835
2025-09-28 21:00:00,206.78,207.29,206.52,207.21,12325.4544
2025-09-28 22:00:00,207.21,209.94,207.21,209.53,108147.0334
2025-09-28 23:00:00,209.53,210.95,209.53,210.79,44746.8791
2025-09-29 00:00:00,210.79,210.87,209.04,209.22,38881.6206
2025-09-29 01:00:00,209.22,209.97,208.82,209.45,36327.941
2025-09-29 02:00:00,209.45,210.85,208.97,209.72,44956.5517
2025-09-29 03:00:00,209.72,210.36,209.14,210.27,16190.201
2025-09-29 04:00:00,210.27,210.64,209.83,210.03,15459.4227
2025-09-29 05:00:00,210.03,210.17,208.66,209.14,29488.4401
2025-09-29 06:00:00,209.14,209.21,207.82,208.16,24942.7072
2025-09-29 07:00:00,208.16,209.31,207.37,208.93,30608.8899
2025-09-29 08:00:00,208.93,209.67,208.24,208.89,27595.0746
2025-09-29 09:00:00,208.89,209.1,207.86,208.21,34024.2427
2025-09-29 10:00:00,208.21,208.33,206.48,206.61,28749.0266
2025-09-29 11:00:00,206.61,207.45,206.02,207.07,28448.5106
2025-09-29 12:00:00,207.07,208.04,205.23,205.37,41765.2727
2025-09-29 13:00:00,205.37,209.47,204.59,208.84,97847.613
2025-09-29 14:00:00,208.84,212.87,208.66,212.35,133520.1075
2025-09-29 15:00:00,212.35,213.47,209.77,210.05,85109.8559
2025-09-29 16:00:00,210.05,211.54,208.34,208.7,38262.1262
2025-09-29 17:00:00,208.7,210.31,207.65,210.15,45643.5032
2025-09-29 18:00:00,210.15,210.73,209.09,210.73,28481.0929
2025-09-29 19:00:00,210.73,213.53,210.41,212.94,69036.3466
2025-09-29 20:00:00,212.94,214.49,212.48,214.38,72006.6705
2025-09-29 21:00:00,214.38,214.74,213.67,214.15,29384.5799
2025-09-29 22:00:00,214.15,214.28,213.03,213.57,22392.445
2025-09-29 23:00:00,213.57,213.95,212.43,212.71,24588.3796
2025-09-30 00:00:00,212.71,213.66,211.2,211.33,66744.5582
2025-09-30 01:00:00,211.33,212.95,209.82,210.55,77954.3731
2025-09-30 02:00:00,210.55,211.23,209.99,210.53,29970.1833
2025-09-30 03:00:00,210.53,211.47,210.13,210.68,15742.0507
2025-09-30 04:00:00,210.68,211.71,210.19,210.22,24997.6079
2025-09-30 05:00:00,210.22,210.73,208.92,209.99,40270.036
2025-09-30 06:00:00,209.99,210.89,209.48,210.3,19660.9432
2025-09-30 07:00:00,210.3,210.83,208.53,208.99,24175.3022
2025-09-30 08:00:00,208.99,209.0,207.72,207.79,23003.1974
2025-09-30 09:00:00,207.79,207.95,205.53,205.87,68706.1393
2025-09-30 10:00:00,205.87,206.98,205.53,206.55,29609.9871
2025-09-30 11:00:00,206.55,207.24,205.89,207.03,30765.8205
2025-09-30 12:00:00,207.03,207.45,205.95,206.14,33930.325
2025-09-30 13:00:00,206.14,209.59,205.65,207.68,83511.2613
2025-09-30 14:00:00,207.68,208.88,206.06,208.78,42228.1525
2025-09-30 15:00:00,208.78,208.78,204.58,205.98,56417.7526
2025-09-30 16:00:00,205.98,206.31,204.23,205.11,42626.6061
2025-09-30 17:00:00,205.11,206.29,204.74,205.64,35162.2964
2025-09-30 18:00:00,205.64,207.87,205.34,207.57,26675.58
2025-09-30 19:00:00,207.57,209.23,207.13,208.92,31364.8114
2025-09-30 20:00:00,208.92,210.23,208.17,209.9,32088.9754
2025-09-30 21:00:00,209.9,210.99,209.28,209.65,83167.7427
2025-09-30 22:00:00,209.65,210.99,207.84,208.09,83673.5729
2025-09-30 23:00:00,208.09,208.91,207.43,208.7,41676.8001
2025-10-01 00:00:00,208.7,209.41,206.42,207.54,49305.7806
2025-10-01 01:00:00,207.54,210.73,207.13,210.62,55321.9099
2025-10-01 02:00:00,210.62,210.93,209.16,209.22,56671.0141
2025-10-01 03:00:00,209.22,209.6,206.61,206.68,43299.7944
2025-10-01 04:00:00,206.68,209.53,206.33,208.49,42575.6245
2025-10-01 05:00:00,208.49,210.0,208.49,208.98,29493.2595
2025-10-01 06:00:00,208.98,209.52,207.78,207.97,32900.8259
2025-10-01 07:00:00,207.97,210.34,207.86,210.15,31976.4645
2025-10-01 08:00:00,210.15,217.46,209.86,216.59,190627.6966
2025-10-01 09:00:00,216.59,217.97,215.8,217.59,77879.1694
2025-10-01 10:00:00,217.59,217.75,216.09,216.61,49315.3598
2025-10-01 11:00:00,216.61,217.89,216.6,217.78,34293.2957
2025-10-01 12:00:00,217.78,219.39,217.17,218.49,55109.9554
2025-10-01 13:00:00,218.49,219.95,218.34,219.39,58813.8234
2025-10-01 14:00:00,219.39,220.67,218.85,219.52,61075.6126
2025-10-01 15:00:00,219.52,220.28,218.73,220.22,31214.3369
2025-10-01 16:00:00,220.22,220.98,218.85,219.07,55109.5173
2025-10-01 17:00:00,219.07,219.73,217.32,217.36,66448.7974
2025-10-01 18:00:00,217.36,219.64,217.36,219.12,34612.4376
2025-10-01 19:00:00,219.12,220.45,218.99,220.07,29503.4531
2025-10-01 20:00:00,220.07,220.27,219.2,219.46,21596.092
2025-10-01 21:00:00,219.46,219.46,218.42,219.0,23293.0942
2025-10-01 22:00:00,219.0,219.95,218.99,219.55,20755.0736
2025-10-01 23:00:00,219.55,222.77,219.41,222.02,35484.7566
2025-10-02 00:00:00,222.02,222.45,219.7,219.83,62614.4004
2025-10-02 01:00:00,219.83,223.04,219.53,222.84,35698.4038
2025-10-02 02:00:00,222.84,224.08,221.4,223.27,41651.9086
2025-10-02 03:00:00,223.27,225.07,222.88,223.8,45061.9475
2025-10-02 04:00:00,223.8,224.97,222.76,223.82,31394.3046
2025-10-02 05:00:00,223.82,226.8,223.82,224.15,60330.7502
2025-10-02 06:00:00,224.15,225.84,223.56,224.97,67057.7941
2025-10-02 07:00:00,224.97,225.29,222.45,222.93,29728.4272
2025-10-02 08:00:00,222.93,224.74,222.71,224.74,17941.0912
2025-10-02 09:00:00,224.74,225.81,223.99,225.17,52295.4822
2025-10-02 10:00:00,225.17,225.75,224.82,225.1,35560.0476
2025-10-02 11:00:00,225.1,226.64,224.77,225.26,38810.0136
2025-10-02 12:00:00,225.26,227.37,225.0,227.25,47645.2088
2025-10-02 13:00:00,227.25,227.5,224.61,226.5,77215.265
2025-10-02 14:00:00,226.5,226.69,223.03,223.58,66400.5453
2025-10-02 15:00:00,223.58,227.28,222.48,227.15,104225.2457
2025-10-02 16:00:00,227.15,229.3,226.16,227.98,138348.5753
2025-10-02 17:00:00,227.98,230.32,227.37,229.8,79267.7534
2025-10-02 18:00:00,229.8,233.17,229.72,232.32,69531.8618
2025-10-02 19:00:00,232.32,233.77,231.54,232.26,80360.6787
2025-10-02 20:00:00,232.26,232.59,230.69,232.56,63318.7306
2025-10-02 21:00:00,232.56,233.96,232.38,232.54,47481.3945
2025-10-02 22:00:00,232.54,233.84,232.09,233.09,39581.3324
2025-10-02 23:00:00,233.09,235.0,232.92,234.74,46068.3415
2025-10-03 00:00:00,234.74,234.79,231.84,231.88,24113.0439
2025-10-03 01:00:00,231.88,232.73,230.51,230.93,30670.1488
2025-10-03 02:00:00,230.93,233.43,230.79,233.32,32723.1322
2025-10-03 03:00:00,233.32,234.86,232.03,232.23,36090.1172
2025-10-03 04:00:00,232.23,233.23,231.38,232.09,36419.5272
2025-10-03 05:00:00,232.09,232.19,230.29,231.18,34673.3448
2025-10-03 06:00:00,231.18,231.54,227.73,229.34,49807.4384
2025-10-03 07:00:00,229.34,229.71,228.52,229.4,31582.4378
2025-10-03 08:00:00,229.4,231.23,227.85,231.02,55571.6789
2025-10-03 09:00:00,231.02,231.75,230.59,230.92,36079.5909
2025-10-03 10:00:00,230.92,231.74,230.36,231.26,19737.9181
2025-10-03 11:00:00,231.26,231.33,229.54,230.78,23722.0673
2025-10-03 12:00:00,230.78,231.26,229.71,230.07,40515.8132
2025-10-03 13:00:00,230.07,231.09,228.72,229.74,53516.7225
2025-10-03 14:00:00,229.74,231.08,227.12,230.5,80229.7039
2025-10-03 15:00:00,230.5,235.05,229.54,234.86,156489.3173
2025-10-03 16:00:00,234.86,237.03,233.74,233.93,139405.2558
2025-10-03 17:00:00,233.93,234.05,228.25,230.12,180540.6906
2025-10-03 18:00:00,230.12,233.68,229.13,233.65,78585.7373
2025-10-03 19:00:00,233.65,235.53,232.8,233.18,59613.3222
2025-10-03 20:00:00,233.18,233.42,230.65,232.99,69717.2786
2025-10-03 21:00:00,232.99,233.4,231.9,232.64,15057.0707
2025-10-03 22:00:00,232.64,233.99,232.62,233.2,47048.98
2025-10-03 23:00:00,233.2,233.49,232.39,232.82,23014.1181
2025-10-04 00:00:00,232.82,234.05,231.37,231.93,37842.0027
2025-10-04 01:00:00,231.93,232.09,229.58,230.32,35549.9284
2025-10-04 02:00:00,230.32,231.06,228.35,229.85,31569.0321
2025-10-04 03:00:00,229.85,230.05,227.91,229.23,30350.2299
2025-10-04 04:00:00,229.23,229.93,229.0,229.59,16955.1395
2025-10-04 05:00:00,229.59,230.32,229.18,229.99,11235.3415
2025-10-04 06:00:00,229.99,230.54,229.64,229.84,20621.1183
2025-10-04 07:00:00,229.84,229.92,228.76,229.12,28260.9557
2025-10-04 08:00:00,229.12,229.48,228.21,228.9,25337.1646
2025-10-04 09:00:00,228.9,229.46,228.3,228.46,9107.6252
2025-10-04 10:00:00,228.46,229.96,228.32,229.14,11955.2089
2025-10-04 11:00:00,229.14,229.59,228.66,229.17,7252.6495
2025-10-04 12:00:00,229.17,229.45,227.93,228.11,20119.6383
2025-10-04 13:00:00,228.11,229.82,227.91,228.81,33880.1284
2025-10-04 14:00:00,228.81,229.49,226.68,226.81,34403.2729
2025-10-04 15:00:00,226.81,227.51,224.24,224.85,82673.195
2025-10-04 16:00:00,224.85,225.74,224.17,225.7,42749.5613
2025-10-04 17:00:00,225.7,227.03,225.48,226.58,27337.3052
2025-10-04 18:00:00,226.58,227.02,225.84,226.07,15310.409
2025-10-04 19:00:00,226.07,226.96,226.01,226.94,13119.6334
2025-10-04 20:00:00,226.94,228.0,226.92,227.36,20637.144
2025-10-04 21:00:00,227.36,228.29,227.29,227.29,12102.8397
2025-10-04 22:00:00,227.29,228.0,226.94,227.76,12083.1307
2025-10-04 23:00:00,227.76,228.22,227.09,227.83,5715.4199
2025-10-05 00:00:00,227.83,228.25,226.49,226.81,17699.1342
2025-10-05 01:00:00,226.81,227.82,226.57,227.74,11862.3588
2025-10-05 02:00:00,227.74,231.42,227.31,231.09,72572.1249
2025-10-05 03:00:00,231.09,232.25,230.17,230.91,61514.3809
2025-10-05 04:00:00,230.91,234.98,230.91,233.84,68699.554
2025-10-05 05:00:00,233.84,234.97,233.34,234.54,81244.8721
2025-10-05 06:00:00,234.54,235.97,234.49,235.2,78080.6827
2025-10-05 07:00:00,235.2,237.0,235.0,236.63,81971.6076
2025-10-05 08:00:00,236.63,237.25,235.16,235.24,49096.5093
2025-10-05 09:00:00,235.24,235.82,232.06,233.45,109887.0361
2025-10-05 10:00:00,233.45,233.62,230.79,232.04,63638.6484
2025-10-05 11:00:00,232.04,232.86,230.81,232.66,26968.7115
2025-10-05 12:00:00,232.66,232.68,230.73,231.34,23432.4129
2025-10-05 13:00:00,231.34,232.05,230.44,231.68,23688.5762
2025-10-05 14:00:00,231.68,232.05,228.38,230.15,45063.338
2025-10-05 15:00:00,230.15,230.92,229.76,230.13,24537.9598
2025-10-05 16:00:00,230.13,231.23,228.8,231.08,22345.4666
2025-10-05 17:00:00,231.08,231.48,229.31,229.67,22149.4621
2025-10-05 18:00:00,229.67,229.9,227.43,229.0,30663.0846
2025-10-05 19:00:00,229.0,229.04,226.69,227.06,31863.1393
2025-10-05 20:00:00,227.06,229.03,226.71,228.01,26843.3855
2025-10-05 21:00:00,228.01,228.8,227.46,228.72,11189.8247
2025-10-05 22:00:00,228.72,229.29,227.07,228.36,20863.5671
2025-10-05 23:00:00,228.36,229.17,228.14,228.59,14149.6206
2025-10-06 00:00:00,228.59,230.33,227.55,228.68,59245.9517
2025-10-06 01:00:00,228.68,231.72,227.74,231.45,45279.4199
2025-10-06 02:00:00,231.45,232.96,229.79,232.36,45426.1835
2025-10-06 03:00:00,232.36,233.28,231.7,232.26,24536.3841
2025-10-06 04:00:00,232.26,232.33,230.61,230.67,28754.2482
2025-10-06 05:00:00,230.67,232.46,230.15,232.31,17820.4727
2025-10-06 06:00:00,232.31,234.93,232.31,233.93,59857.8405
2025-10-06 07:00:00,233.93,234.23,230.64,231.35,31631.9706
2025-10-06 08:00:00,231.35,233.91,231.35,233.7,34374.6868
2025-10-06 09:00:00,233.7,234.14,232.79,233.48,24865.6467
2025-10-06 10:00:00,233.48,233.74,232.31,232.65,25584.9143
2025-10-06 11:00:00,232.65,233.86,231.79,233.0,35198.4204
2025-10-06 12:00:00,233.0,234.47,232.93,234.08,33306.3089
2025-10-06 13:00:00,234.08,235.14,232.67,234.75,55162.2448
2025-10-06 14:00:00,234.75,235.75,232.8,233.33,74976.4396
2025-10-06 15:00:00,233.33,236.7,233.3,235.67,94319.8423
2025-10-06 16:00:00,235.67,236.31,234.05,235.71,37041.6369
2025-10-06 17:00:00,235.71,237.81,235.46,236.42,58135.7906
2025-10-06 18:00:00,236.42,237.15,234.55,236.81,53995.4976
2025-10-06 19:00:00,236.81,237.01,234.69,235.34,57894.6872
2025-10-06 20:00:00,235.34,236.15,233.23,233.6,38618.395
2025-10-06 21:00:00,233.6,234.44,232.81,234.27,26402.7494
2025-10-06 22:00:00,234.27,235.03,233.94,234.62,22310.9868
2025-10-06 23:00:00,234.62,234.77,231.67,232.39,36956.0635
2025-10-07 00:00:00,232.39,233.04,231.16,232.53,28912.3796
2025-10-07 01:00:00,232.53,233.13,230.98,232.72,24689.308
2025-10-07 02:00:00,232.72,233.84,232.03,233.46,17240.4287
2025-10-07 03:00:00,233.46,233.95,232.88,233.9,20158.1113
2025-10-07 04:00:00,233.9,235.2,232.98,234.83,43313.8668
2025-10-07 05:00:00,234.83,235.07,233.21,233.52,29514.2947
2025-10-07 06:00:00,233.52,233.68,229.44,230.45,72725.1375
2025-10-07 07:00:00,230.45,231.13,229.53,231.01,41225.344
2025-10-07 08:00:00,231.01,231.03,228.29,230.03,70977.9842
2025-10-07 09:00:00,230.03,230.61,229.74,230.35,14941.7821
2025-10-07 10:00:00,230.35,231.65,229.75,230.84,20492.8407
2025-10-07 11:00:00,230.84,231.19,230.11,230.48,22000.0071
2025-10-07 12:00:00,230.48,231.51,229.27,231.49,52494.6629
2025-10-07 13:00:00,231.49,231.63,226.43,227.91,127046.6671
2025-10-07 14:00:00,227.91,228.12,224.47,225.29,118908.0407
2025-10-07 15:00:00,225.29,225.9,221.27,223.81,181927.0937
2025-10-07 16:00:00,223.81,225.3,221.89,224.42,73924.8064
2025-10-07 17:00:00,224.42,224.87,222.65,222.7,29042.1186
2025-10-07 18:00:00,222.7,223.29,221.38,221.46,40925.817
2025-10-07 19:00:00,221.46,222.84,220.72,221.69,77573.1866
2025-10-07 20:00:00,221.69,224.19,221.56,223.52,37870.6578
2025-10-07 21:00:00,223.52,224.31,222.47,223.17,33897.0275
2025-10-07 22:00:00,223.17,223.71,222.03,222.5,14415.3138
2025-10-07 23:00:00,222.5,222.58,219.7,219.95,43062.9221
2025-10-08 00:00:00,219.95,221.77,217.88,220.97,62761.697
2025-10-08 01:00:00,220.97,222.3,220.47,222.03,18270.7916
2025-10-08 02:00:00,222.03,222.76,221.18,221.61,28986.5046
2025-10-08 03:00:00,221.61,221.61,218.01,218.32,41319.9662
2025-10-08 04:00:00,218.32,220.54,217.31,220.38,40110.565
2025-10-08 05:00:00,220.38,220.4,218.38,219.49,20446.8674
2025-10-08 06:00:00,219.49,220.48,218.6,220.28,21452.5145
2025-10-08 07:00:00,220.28,220.99,219.47,220.98,16996.4595
2025-10-08 08:00:00,220.98,222.65,220.82,221.64,22608.0938
2025-10-08 09:00:00,221.64,222.09,220.77,221.44,20688.9217
2025-10-08 10:00:00,221.44,222.22,221.04,222.15,28539.0516
2025-10-08 11:00:00,222.15,222.55,220.65,221.19,26568.5898
2025-10-08 12:00:00,221.19,222.58,221.11,222.31,26953.448
2025-10-08 13:00:00,222.31,222.73,218.84,221.43,53837.0216
2025-10-08 14:00:00,221.43,224.17,219.49,220.05,72202.8798
2025-10-08 15:00:00,220.05,222.88,219.9,221.25,55334.4175
2025-10-08 16:00:00,221.25,223.72,220.73,223.6,23448.3486
2025-10-08 17:00:00,223.6,227.71,223.39,226.9,87168.6002
2025-10-08 18:00:00,226.9,229.64,226.42,228.64,96379.6452
2025-10-08 19:00:00,228.64,229.58,227.52,229.33,39759.438
2025-10-08 20:00:00,229.33,229.69,227.45,227.72,38265.8045
2025-10-08 21:00:00,227.72,229.13,227.41,228.51,13098.1167
2025-10-08 22:00:00,228.51,229.73,228.45,228.62,17984.2064
2025-10-08 23:00:00,228.62,229.34,227.86,229.02,31530.8961
2025-10-09 00:00:00,229.02,229.68,228.0,228.33,30806.9229
2025-10-09 01:00:00,228.33,228.65,226.04,228.44,41236.3751
2025-10-09 02:00:00,228.44,228.74,223.86,224.41,45544.556
2025-10-09 03:00:00,224.41,226.46,224.39,226.18,26697.0334
2025-10-09 04:00:00,226.18,227.55,225.44,227.45,14068.039
2025-10-09 05:00:00,227.45,228.76,226.72,227.77,26231.5756
2025-10-09 06:00:00,227.77,228.39,226.32,226.52,33742.6633
2025-10-09 07:00:00,226.52,226.89,224.16,224.5,46946.7844
2025-10-09 08:00:00,224.5,224.79,219.36,219.96,97469.3307
2025-10-09 09:00:00,219.96,222.15,219.89,221.99,44779.066
2025-10-09 10:00:00,221.99,222.95,220.97,222.26,26987.7283
2025-10-09 11:00:00,222.26,223.95,222.24,223.14,21895.0796
2025-10-09 12:00:00,223.14,226.32,222.91,225.99,43768.5752
2025-10-09 13:00:00,225.99,226.22,221.88,222.29,77135.6986
2025-10-09 14:00:00,222.29,223.3,219.38,220.86,74747.1953
2025-10-09 15:00:00,220.86,222.18,218.62,219.09,72996.8025
2025-10-09 16:00:00,219.09,220.12,216.58,217.24,78219.8601
2025-10-09 17:00:00,217.24,219.56,216.69,219.32,43306.035
2025-10-09 18:00:00,219.32,219.5,217.19,217.56,29692.9641
2025-10-09 19:00:00,217.56,218.95,217.41,218.28,28469.3677
2025-10-09 20:00:00,218.28,219.25,217.57,218.94,17718.3822
2025-10-09 21:00:00,218.94,220.47,218.56,220.28,20980.6794
2025-10-09 22:00:00,220.28,221.69,219.91,221.25,24664.28
2025-10-09 23:00:00,221.25,221.32,219.89,220.96,15672.2527
2025-10-10 00:00:00,220.96,222.01,220.78,221.23,19200.0541
2025-10-10 01:00:00,221.23,222.1,220.54,220.98,17623.6753
2025-10-10 02:00:00,220.98,221.86,219.87,220.34,30333.0182
2025-10-10 03:00:00,220.34,222.89,219.51,221.66,33825.5541
2025-10-10 04:00:00,221.66,222.91,220.86,221.23,39821.1689
2025-10-10 05:00:00,221.23,221.79,220.06,221.7,19799.5217
2025-10-10 06:00:00,221.7,222.45,219.29,219.37,16535.7443
2025-10-10 07:00:00,219.37,219.56,217.9,218.08,35895.4638
2025-10-10 08:00:00,218.08,220.05,217.38,220.02,34444.6714
2025-10-10 09:00:00,220.02,220.72,218.93,218.95,18612.0117
2025-10-10 10:00:00,218.95,220.62,218.74,220.4,14100.209
2025-10-10 11:00:00,220.4,221.58,220.28,221.14,27211.385
2025-10-10 12:00:00,221.14,221.8,220.79,221.75,15328.3284
2025-10-10 13:00:00,221.75,224.43,221.52,223.44,51977.5808
2025-10-10 14:00:00,223.44,224.42,219.67,219.79,70648.8065
2025-10-10 15:00:00,219.79,220.13,208.97,210.7,364969.7045
2025-10-10 16:00:00,210.7,212.99,210.01,211.25,107432.2686
2025-10-10 17:00:00,211.25,211.56,208.89,209.67,68245.7089
2025-10-10 18:00:00,209.67,210.05,207.45,207.47,52009.6659
2025-10-10 19:00:00,207.47,208.19,203.45,205.35,100409.1931
2025-10-10 20:00:00,205.35,207.77,192.34,196.87,259171.2458
2025-10-10 21:00:00,196.87,198.68,157.0,191.3,884504.8554
2025-10-10 22:00:00,191.3,191.91,182.84,188.48,440512.0065
2025-10-10 23:00:00,188.48,193.5,186.7,187.87,291273.3172
2025-10-11 00:00:00,187.87,190.27,184.33,187.75,212575.3404
2025-10-11 01:00:00,187.75,187.99,181.73,182.79,182419.9599
2025-10-11 02:00:00,182.79,190.66,182.62,188.25,178956.8227
2025-10-11 03:00:00,188.25,188.88,182.22,184.29,170721.733
2025-10-11 04:00:00,184.29,186.6,183.6,185.9,142235.7384
2025-10-11 05:00:00,185.9,186.15,179.72,182.2,192662.0391
2025-10-11 06:00:00,182.2,186.04,181.94,183.07,165537.6301
2025-10-11 07:00:00,183.07,183.87,181.64,182.76,135374.4976
2025-10-11 08:00:00,182.76,187.28,181.97,186.51,128409.8326
2025-10-11 09:00:00,186.51,188.31,183.97,184.32,189352.6449
2025-10-11 10:00:00,184.32,185.99,182.94,183.76,136007.9551
2025-10-11 11:00:00,183.76,184.14,181.53,183.7,132708.0616
2025-10-11 12:00:00,183.7,184.57,181.67,183.11,73481.4457
2025-10-11 13:00:00,183.11,184.5,180.59,184.2,136072.881
2025-10-11 14:00:00,184.2,184.63,181.49,182.6,123671.0519
2025-10-11 15:00:00,182.6,184.99,182.48,183.67,68501.4963
2025-10-11 16:00:00,183.67,184.63,181.76,182.63,72101.408
2025-10-11 17:00:00,182.63,184.63,182.4,183.02,54275.2768
2025-10-11 18:00:00,183.02,183.07,182.25,182.53,39274.9449
2025-10-11 19:00:00,182.53,182.58,176.56,177.56,108571.0418
2025-10-11 20:00:00,177.56,178.14,173.9,175.55,133103.2672
2025-10-11 21:00:00,175.55,177.51,172.55,176.93,85577.8656
2025-10-11 22:00:00,176.93,178.12,175.92,177.36,35054.3436
2025-10-11 23:00:00,177.36,178.74,176.77,177.58,46768.7479
2025-10-12 00:00:00,177.58,177.73,173.0,173.3,93764.8994
2025-10-12 01:00:00,173.3,175.44,173.18,174.06,55433.7297
2025-10-12 02:00:00,174.06,176.59,173.48,174.76,80821.6326
2025-10-12 03:00:00,174.76,178.49,174.34,177.03,81219.5345
2025-10-12 04:00:00,177.03,180.82,176.58,180.06,118035.7092
2025-10-12 05:00:00,180.06,182.1,179.51,181.46,47060.2239
2025-10-12 06:00:00,181.46,182.69,180.85,182.59,64310.9421
2025-10-12 07:00:00,182.59,182.97,181.49,182.56,48535.2906
2025-10-12 08:00:00,182.56,182.75,181.41,181.79,31628.6696
2025-10-12 09:00:00,181.79,182.28,180.33,182.02,33429.9983
2025-10-12 10:00:00,182.02,182.75,180.65,180.72,29144.7215
2025-10-12 11:00:00,180.72,181.9,180.47,180.95,33672.6976
2025-10-12 12:00:00,180.95,183.2,180.76,181.65,62946.105
2025-10-12 13:00:00,181.65,181.79,178.22,179.2,46431.619
2025-10-12 14:00:00,179.2,188.98,179.11,186.31,176946.0571
2025-10-12 15:00:00,186.31,191.84,185.54,191.26,203605.5489
2025-10-12 16:00:00,191.26,195.51,191.2,193.82,166976.3991
2025-10-12 17:00:00,193.82,196.14,193.3,194.6,73504.9281
2025-10-12 18:00:00,194.6,195.61,191.81,193.8,51868.3754
2025-10-12 19:00:00,193.8,196.54,193.51,195.87,44193.8433
2025-10-12 20:00:00,195.87,199.0,195.38,196.79,77290.8296
2025-10-12 21:00:00,196.79,197.93,193.12,195.62,64069.3135
2025-10-12 22:00:00,195.62,198.05,195.57,197.41,62997.6976
2025-10-12 23:00:00,197.41,197.47,195.27,197.02,38736.8161
2025-10-13 00:00:00,197.02,199.29,195.72,197.27,69434.2092
2025-10-13 01:00:00,197.27,199.49,196.05,199.44,86145.5609
2025-10-13 02:00:00,199.44,200.13,195.71,196.5,58409.8795
2025-10-13 03:00:00,196.5,197.2,194.36,194.81,27783.4
2025-10-13 04:00:00,194.81,196.46,194.22,196.19,21669.7933
2025-10-13 05:00:00,196.19,196.3,193.68,194.05,25686.8152
2025-10-13 06:00:00,194.05,197.4,192.94,197.1,40385.3313
2025-10-13 07:00:00,197.1,199.5,196.0,196.83,62110.7615
2025-10-13 08:00:00,196.83,198.74,196.19,198.27,35829.9776
2025-10-13 09:00:00,198.27,198.27,196.71,197.03,29712.2337
2025-10-13 10:00:00,197.03,197.1,194.89,195.41,63073.7428
2025-10-13 11:00:00,195.41,195.54,190.11,192.59,92033.6143
2025-10-13 12:00:00,192.59,194.44,191.36,191.86,48313.1974
2025-10-13 13:00:00,191.86,196.98,191.33,196.27,128398.1248
2025-10-13 14:00:00,196.27,196.82,192.52,193.39,89369.4946
2025-10-13 15:00:00,193.39,197.67,193.26,196.41,59160.707
2025-10-13 16:00:00,196.41,200.36,196.23,200.1,118728.0953
2025-10-13 17:00:00,200.1,205.84,199.98,205.02,212072.3506
2025-10-13 18:00:00,205.02,206.7,204.02,205.98,140042.151
2025-10-13 19:00:00,205.98,208.78,205.61,207.11,73718.5411
2025-10-13 20:00:00,207.11,208.79,206.82,208.63,50969.0013
2025-10-13 21:00:00,208.63,208.98,207.7,207.99,33305.7153
2025-10-13 22:00:00,207.99,209.3,207.66,208.4,43536.2541
2025-10-13 23:00:00,208.4,209.22,207.3,208.67,32216.4275
2025-10-14 00:00:00,208.67,211.31,208.06,209.34,66090.0216
2025-10-14 01:00:00,209.34,210.17,207.93,208.48,81655.0381
2025-10-14 02:00:00,208.48,208.65,205.84,206.35,105846.2862
2025-10-14 03:00:00,206.35,207.02,204.97,205.74,70573.9583
2025-10-14 04:00:00,205.74,205.88,201.1,202.11,59101.7737
2025-10-14 05:00:00,202.11,203.88,198.97,199.71,83594.959
2025-10-14 06:00:00,199.71,200.8,192.06,195.36,167942.1097
2025-10-14 07:00:00,195.36,197.26,193.42,194.5,125978.4822
2025-10-14 08:00:00,194.5,197.12,193.18,196.17,84302.3131
2025-10-14 09:00:00,196.17,197.58,194.08,194.86,61291.0028
2025-10-14 10:00:00,194.86,194.89,191.03,194.24,85052.7534
2025-10-14 11:00:00,194.24,197.07,194.01,195.37,52541.3279
2025-10-14 12:00:00,195.37,195.41,192.41,193.4,66167.224
2025-10-14 13:00:00,193.4,195.7,191.5,195.03,93410.8343
2025-10-14 14:00:00,195.03,198.88,194.42,195.93,104734.0238
2025-10-14 15:00:00,195.93,202.66,194.55,202.21,103262.3936
2025-10-14 16:00:00,202.21,206.48,200.0,202.51,194440.8919
2025-10-14 17:00:00,202.51,204.65,199.33,201.79,110132.0128
2025-10-14 18:00:00,201.79,204.22,200.53,201.52,61408.4669
2025-10-14 19:00:00,201.52,203.78,197.07,198.53,109050.4422
2025-10-14 20:00:00,198.53,200.61,198.16,200.6,58253.7869
2025-10-14 21:00:00,200.6,201.52,198.35,201.23,28359.3516
2025-10-14 22:00:00,201.23,202.19,200.29,201.45,23767.2127
2025-10-14 23:00:00,201.45,203.43,201.44,202.49,23345.2052
2025-10-15 00:00:00,202.49,204.05,201.25,203.97,44876.2325
2025-10-15 01:00:00,203.97,204.15,201.14,203.72,43109.8905
2025-10-15 02:00:00,203.72,205.9,203.09,203.46,63544.4369
2025-10-15 03:00:00,203.46,203.77,200.97,201.69,48451.8004
2025-10-15 04:00:00,201.69,203.61,200.52,203.5,42101.3132
2025-10-15 05:00:00,203.5,204.89,202.83,204.47,52886.4072
2025-10-15 06:00:00,204.47,205.4,201.99,204.65,81644.9849
2025-10-15 07:00:00,204.65,205.09,203.24,204.73,66794.8872
2025-10-15 08:00:00,204.73,208.96,204.47,206.18,134847.7362
2025-10-15 09:00:00,206.18,207.42,205.39,206.02,85538.9569
2025-10-15 10:00:00,206.02,206.37,203.46,203.91,88114.3725
2025-10-15 11:00:00,203.91,204.83,202.07,202.6,87365.7961
2025-10-15 12:00:00,202.6,203.7,201.61,203.06,71353.8321
2025-10-15 13:00:00,203.06,204.33,198.07,201.16,149266.0511
2025-10-15 14:00:00,201.16,204.93,198.36,199.47,178094.2813
2025-10-15 15:00:00,199.47,200.35,196.22,197.12,136947.7621
2025-10-15 16:00:00,197.12,198.72,196.84,197.35,83503.4959
2025-10-15 17:00:00,197.35,198.15,195.21,198.15,98104.6188
2025-10-15 18:00:00,198.15,198.3,196.26,198.03,52162.1346
2025-10-15 19:00:00,198.03,198.07,194.21,194.82,75371.2173
2025-10-15 20:00:00,194.82,196.57,192.24,194.19,118093.6156
2025-10-15 21:00:00,194.19,195.23,192.05,192.88,64883.3856
2025-10-15 22:00:00,192.88,194.57,192.59,193.31,60432.3975
2025-10-15 23:00:00,193.31,194.82,192.95,193.73,44608.7755
2025-10-16 00:00:00,193.73,194.59,193.11,193.86,43524.303
2025-10-16 01:00:00,193.86,195.41,193.78,195.13,39483.2121
2025-10-16 02:00:00,195.13,196.16,194.18,195.48,46032.0028
2025-10-16 03:00:00,195.48,196.07,193.38,193.61,44008.388
2025-10-16 04:00:00,193.61,194.59,192.32,192.45,61405.2273
2025-10-16 05:00:00,192.45,194.4,191.38,192.46,57254.437
2025-10-16 06:00:00,192.46,195.6,192.42,195.16,42375.5252
2025-10-16 07:00:00,195.16,195.34,192.28,192.85,60024.3651
2025-10-16 08:00:00,192.85,193.42,191.87,192.43,47388.6494
2025-10-16 09:00:00,192.43,194.66,186.3,193.88,215754.5092
2025-10-16 10:00:00,193.88,196.7,193.61,195.75,72638.3331
2025-10-16 11:00:00,195.75,197.2,194.51,196.83,57939.8068
2025-10-16 12:00:00,196.83,198.07,195.93,197.01,51444.1268
2025-10-16 13:00:00,197.01,198.38,195.18,195.76,49054.9757
2025-10-16 14:00:00,195.76,196.58,191.42,194.06,132128.9146
2025-10-16 15:00:00,194.06,194.3,186.6,187.57,126118.4037
2025-10-16 16:00:00,187.57,192.27,186.33,192.26,149618.9825
2025-10-16 17:00:00,192.26,192.32,188.83,189.61,75545.6266
2025-10-16 18:00:00,189.61,189.84,186.83,189.26,93928.2334
2025-10-16 19:00:00,189.26,189.46,183.72,185.07,99132.4355
2025-10-16 20:00:00,185.07,186.11,182.06,182.81,63386.626
2025-10-16 21:00:00,182.81,185.76,182.79,185.62,28358.5089
2025-10-16 22:00:00,185.62,185.99,183.08,183.12,31089.4015
2025-10-16 23:00:00,183.12,185.19,182.89,184.85,47136.959
2025-10-17 00:00:00,184.85,186.46,184.26,186.29,28375.9793
2025-10-17 01:00:00,186.29,187.57,184.8,185.69,32064.4495
2025-10-17 02:00:00,185.69,187.38,184.71,186.78,33455.0376
2025-10-17 03:00:00,186.78,187.47,186.24,187.08,26282.6695
2025-10-17 04:00:00,187.08,187.43,186.3,187.06,25948.1483
2025-10-17 05:00:00,187.06,187.46,185.4,185.69,38474.2465
2025-10-17 06:00:00,185.69,186.48,179.69,180.37,113265.1743
2025-10-17 07:00:00,180.37,180.81,177.35,177.73,158546.6285
2025-10-17 08:00:00,177.73,178.96,175.47,175.62,190300.7712
2025-10-17 09:00:00,175.62,180.45,175.4,176.79,121959.7253
2025-10-17 10:00:00,176.79,177.96,174.06,177.4,113831.6218
2025-10-17 11:00:00,177.4,182.7,177.24,181.46,154395.4507
2025-10-17 12:00:00,181.46,182.63,179.95,180.06,88575.1529
2025-10-17 13:00:00,180.06,182.18,177.99,180.66,121847.5574
2025-10-17 14:00:00,180.66,181.03,176.33,178.41,112883.1051
2025-10-17 15:00:00,178.41,182.8,178.02,182.71,78287.6761
2025-10-17 16:00:00,182.71,185.03,181.77,182.37,102026.8416
2025-10-17 17:00:00,182.37,184.56,182.14,183.77,55374.2742
2025-10-17 18:00:00,183.77,185.42,183.21,183.47,40824.8899
2025-10-17 19:00:00,183.47,184.18,181.45,181.98,56552.2382
2025-10-17 20:00:00,181.98,184.03,181.49,183.68,30106.704
2025-10-17 21:00:00,183.68,186.06,183.46,185.42,39435.1241
2025-10-17 22:00:00,185.42,185.95,183.21,184.0,27642.7731
2025-10-17 23:00:00,184.0,184.0,181.81,181.99,28702.019
2025-10-18 00:00:00,181.99,183.56,181.79,182.88,32861.0695
2025-10-18 01:00:00,182.88,184.9,182.7,184.66,27752.9685
2025-10-18 02:00:00,184.66,185.55,183.39,183.71,33662.5838
2025-10-18 03:00:00,183.71,185.48,183.7,184.81,20264.0764
2025-10-18 04:00:00,184.81,184.82,183.13,183.46,17792.3708
2025-10-18 05:00:00,183.46,184.78,183.46,184.57,15226.6648
2025-10-18 06:00:00,184.57,186.6,184.22,186.33,20860.29
2025-10-18 07:00:00,186.33,188.26,185.88,186.27,39892.5366
2025-10-18 08:00:00,186.27,187.18,185.81,185.92,27889.2877
2025-10-18 09:00:00,185.92,186.63,185.38,185.95,18362.982
2025-10-18 10:00:00,185.95,186.25,184.41,185.15,37411.9909
2025-10-18 11:00:00,185.15,186.12,184.61,186.11,31975.6799
2025-10-18 12:00:00,186.11,187.38,185.71,186.08,20583.2952
2025-10-18 13:00:00,186.08,186.14,184.79,185.24,14854.2725
2025-10-18 14:00:00,185.24,186.22,183.97,185.73,19470.2446
2025-10-18 15:00:00,185.73,185.96,184.61,185.04,18179.0648
2025-10-18 16:00:00,185.04,185.55,183.35,184.27,32328.6401
2025-10-18 17:00:00,184.27,186.13,183.81,185.95,25140.2768
2025-10-18 18:00:00,185.95,186.18,185.3,185.85,26977.8552
2025-10-18 19:00:00,185.85,186.42,185.65,186.36,17779.65
2025-10-18 20:00:00,186.36,187.7,186.14,186.59,14737.6203
2025-10-18 21:00:00,186.59,187.28,185.88,187.19,25137.7187
2025-10-18 22:00:00,187.19,187.85,186.82,187.28,10275.7323
2025-10-18 23:00:00,187.28,187.74,186.94,187.57,9968.085
2025-10-19 00:00:00,187.57,187.88,185.31,185.75,22413.0642
2025-10-19 01:00:00,185.75,185.9,184.91,185.84,11387.1059
2025-10-19 02:00:00,185.84,185.97,185.27,185.8,11276.7361
2025-10-19 03:00:00,185.8,187.15,184.99,187.07,18813.3424
2025-10-19 04:00:00,187.07,187.17,186.37,186.83,8394.9838
2025-10-19 05:00:00,186.83,187.69,186.36,186.54,11254.4936
2025-10-19 06:00:00,186.54,186.92,185.21,185.59,13689.164
2025-10-19 07:00:00,185.59,186.16,185.25,185.9,15840.539
2025-10-19 08:00:00,185.9,187.52,183.82,184.19,56869.1232
2025-10-19 09:00:00,184.19,188.69,183.21,187.19,76470.3094
2025-10-19 10:00:00,187.19,189.97,186.7,189.09,60260.5833
2025-10-19 11:00:00,189.09,190.1,188.64,189.03,55448.1981
2025-10-19 12:00:00,189.03,189.38,188.14,188.91,21639.1699
2025-10-19 13:00:00,188.91,191.04,188.34,190.62,47574.6292
2025-10-19 14:00:00,190.62,191.72,189.8,191.58,47316.088
2025-10-19 15:00:00,191.58,191.68,190.21,190.78,35231.8801
2025-10-19 16:00:00,190.78,191.65,189.96,190.88,31814.0455
2025-10-19 17:00:00,190.88,192.27,189.75,190.06,52348.3289
2025-10-19 18:00:00,190.06,190.41,189.16,189.96,51184.94
2025-10-19 19:00:00,189.96,189.97,188.34,188.93,23911.0672
2025-10-19 20:00:00,188.93,189.93,188.65,189.67,25888.6065
2025-10-19 21:00:00,189.67,189.84,188.37,189.3,25920.3781
2025-10-19 22:00:00,189.3,190.16,188.94,189.83,24359.9708
2025-10-19 23:00:00,189.83,189.86,186.87,187.88,44728.717
2025-10-20 00:00:00,187.88,187.89,183.83,185.65,77978.2027
2025-10-20 01:00:00,185.65,186.34,185.01,185.66,21884.6954
2025-10-20 02:00:00,185.66,187.35,184.14,186.88,40443.4206
2025-10-20 03:00:00,186.88,191.72,185.88,191.2,70131.4169
2025-10-20 04:00:00,191.2,192.48,190.58,192.16,97182.2527
2025-10-20 05:00:00,192.16,193.36,191.55,192.98,73503.6239
2025-10-20 06:00:00,192.98,194.3,192.73,193.93,79143.9205
2025-10-20 07:00:00,193.93,194.51,192.84,193.01,35906.4525
2025-10-20 08:00:00,193.01,194.17,192.22,193.0,37097.1074
2025-10-20 09:00:00,193.0,193.64,192.58,193.2,32361.3323
2025-10-20 10:00:00,193.2,193.74,191.41,191.62,35394.7432
2025-10-20 11:00:00,191.62,192.3,191.0,192.22,34870.3632
2025-10-20 12:00:00,192.22,192.78,191.7,192.78,24564.8082
2025-10-20 13:00:00,192.78,193.02,191.59,192.43,31940.252
2025-10-20 14:00:00,192.43,192.64,190.77,191.41,74224.5507
2025-10-20 15:00:00,191.41,192.34,190.41,190.52,36981.388
2025-10-20 16:00:00,190.52,190.53,186.72,187.55,121792.7423
2025-10-20 17:00:00,187.55,188.56,185.6,187.67,60851.5673
2025-10-20 18:00:00,187.67,188.53,187.19,188.21,24077.7005
2025-10-20 19:00:00,188.21,189.42,187.54,188.82,21876.5719
2025-10-20 20:00:00,188.82,190.54,188.24,190.54,18821.9948
2025-10-20 21:00:00,190.54,191.19,188.8,189.01,16845.4808
2025-10-20 22:00:00,189.01,190.89,188.79,190.76,15703.8305
2025-10-20 23:00:00,190.76,190.87,189.38,189.71,32844.9659
2025-10-21 00:00:00,189.71,190.25,188.74,189.02,32917.1227
2025-10-21 01:00:00,189.02,189.29,186.23,186.76,46813.57
2025-10-21 02:00:00,186.76,186.93,185.52,186.05,33719.4531
2025-10-21 03:00:00,186.05,186.61,185.31,185.57,17883.3105
2025-10-21 04:00:00,185.57,185.65,183.21,183.75,67121.9667
2025-10-21 05:00:00,183.75,184.37,182.76,183.88,43839.029
2025-10-21 06:00:00,183.88,185.03,183.17,184.47,29492.6905
2025-10-21 07:00:00,184.47,185.21,183.7,185.05,22838.4171
2025-10-21 08:00:00,185.05,185.06,183.76,184.28,31875.6438
2025-10-21 09:00:00,184.28,184.53,183.77,184.39,12248.9182
2025-10-21 10:00:00,184.39,186.72,184.25,185.92,40778.9411
2025-10-21 11:00:00,185.92,186.54,185.07,186.29,20712.4284
2025-10-21 12:00:00,186.29,187.78,185.91,186.49,27046.5677
2025-10-21 13:00:00,186.49,186.97,183.99,185.11,49232.2207
2025-10-21 14:00:00,185.11,192.79,185.01,192.7,128673.5157
2025-10-21 15:00:00,192.7,197.19,191.93,196.29,161655.0334
2025-10-21 16:00:00,196.29,197.74,192.11,192.59,152830.1423
2025-10-21 17:00:00,192.59,195.47,192.14,194.86,111367.068
2025-10-21 18:00:00,194.86,195.48,193.55,194.17,45244.8986
2025-10-21 19:00:00,194.17,194.57,193.09,193.98,25536.3332
2025-10-21 20:00:00,193.98,194.25,190.75,191.44,46727.3641
2025-10-21 21:00:00,191.44,191.79,187.9,191.3,56290.7327
2025-10-21 22:00:00,191.3,191.5,187.78,188.51,99656.2006
2025-10-21 23:00:00,188.51,188.93,185.07,185.64,133710.6366
2025-10-22 00:00:00,185.64,186.6,184.16,185.67,90994.6871
2025-10-22 01:00:00,185.67,187.2,185.61,186.98,42840.419
2025-10-22 02:00:00,186.98,187.47,185.9,185.95,27061.5464
2025-10-22 03:00:00,185.95,185.99,184.48,185.24,36995.7557
2025-10-22 04:00:00,185.24,186.29,185.05,185.88,30145.5041
2025-10-22 05:00:00,185.88,185.97,183.31,184.56,82280.8652
2025-10-22 06:00:00,184.56,184.94,183.89,184.09,45823.622
2025-10-22 07:00:00,184.09,185.15,183.42,185.0,42466.1039
2025-10-22 08:00:00,185.0,185.21,184.22,184.7,18493.151
2025-10-22 09:00:00,184.7,184.92,183.38,184.06,29133.1002
2025-10-22 10:00:00,184.06,184.52,183.22,183.55,22432.4423
2025-10-22 11:00:00,183.55,185.98,181.8,185.07,90707.6883
2025-10-22 12:00:00,185.07,186.94,184.48,185.82,45534.1309
2025-10-22 13:00:00,185.82,186.91,184.17,186.53,65571.8244
2025-10-22 14:00:00,186.53,186.71,181.34,185.51,201174.943
2025-10-22 15:00:00,185.51,186.06,182.33,183.98,85169.9574
2025-10-22 16:00:00,183.98,184.98,182.52,183.63,74928.2333
2025-10-22 17:00:00,183.63,184.25,181.34,181.67,41685.5127
2025-10-22 18:00:00,181.67,182.33,180.16,180.89,58246.3541
2025-10-22 19:00:00,180.89,182.55,177.0,180.2,81606.5324
2025-10-22 20:00:00,180.2,180.77,179.01,180.17,43825.9302
2025-10-22 21:00:00,180.17,180.27,176.99,178.38,80425.5354
2025-10-22 22:00:00,178.38,179.57,177.79,178.86,28008.2858
2025-10-22 23:00:00,178.86,180.47,178.74,180.09,55653.7489
2025-10-23 00:00:00,180.09,181.13,179.67,181.03,27655.761
2025-10-23 01:00:00,181.03,182.05,180.65,181.77,27737.924
2025-10-23 02:00:00,181.77,182.5,181.42,182.3,25940.5687
2025-10-23 03:00:00,182.3,183.37,182.14,182.86,19363.5537
2025-10-23 04:00:00,182.86,184.27,182.69,184.03,14727.2596
2025-10-23 05:00:00,184.03,184.84,183.82,184.84,14355.0996
2025-10-23 06:00:00,184.84,187.55,184.57,187.41,84074.8072
2025-10-23 07:00:00,187.41,188.0,186.2,187.48,67932.4835
2025-10-23 08:00:00,187.48,188.72,187.48,187.99,35062.2533
2025-10-23 09:00:00,187.99,188.88,187.49,188.41,45654.3488
2025-10-23 10:00:00,188.41,189.37,188.24,188.27,53106.9122
2025-10-23 11:00:00,188.27,189.47,187.52,188.01,96899.7711
2025-10-23 12:00:00,188.01,189.4,186.61,189.35,102354.0103
2025-10-23 13:00:00,189.35,192.62,188.42,190.35,107808.9799
2025-10-23 14:00:00,190.35,191.3,188.15,189.77,74253.1088
2025-10-23 15:00:00,189.77,191.89,189.48,191.06,53129.1587
2025-10-23 16:00:00,191.06,192.43,190.46,191.95,44300.389
2025-10-23 17:00:00,191.95,193.49,190.08,192.52,77967.983
2025-10-23 18:00:00,192.52,192.89,190.84,191.54,41419.39
2025-10-23 19:00:00,191.54,191.87,190.56,191.16,24367.381
2025-10-23 20:00:00,191.16,191.31,188.29,188.8,82453.3384
2025-10-23 21:00:00,188.8,189.43,188.5,188.77,47253.337
2025-10-23 22:00:00,188.77,190.6,188.65,190.4,33811.2182
2025-10-23 23:00:00,190.4,191.5,190.39,191.34,21423.5439
2025-10-24 00:00:00,191.34,193.92,190.93,192.53,44305.5206
2025-10-24 01:00:00,192.53,193.38,192.14,192.94,19307.4764
2025-10-24 02:00:00,192.94,193.07,191.39,192.19,23493.6416
2025-10-24 03:00:00,192.19,192.34,190.83,191.28,16247.8844
2025-10-24 04:00:00,191.28,194.58,190.8,193.49,43093.2077
2025-10-24 05:00:00,193.49,193.91,192.93,193.31,24734.7039
2025-10-24 06:00:00,193.31,193.69,192.61,193.31,18183.383
2025-10-24 07:00:00,193.31,193.45,191.51,192.17,28068.1087
2025-10-24 08:00:00,192.17,193.47,191.74,192.95,29366.4785
2025-10-24 09:00:00,192.95,193.39,191.86,192.12,19210.8904
2025-10-24 10:00:00,192.12,192.16,191.43,191.79,23436.9073
2025-10-24 11:00:00,191.79,192.22,190.6,192.14,23536.8698
2025-10-24 12:00:00,192.14,196.8,192.14,193.65,144425.0285
2025-10-24 13:00:00,193.65,194.27,190.86,192.49,84881.5514
2025-10-24 14:00:00,192.49,192.49,189.47,190.17,67246.5584
2025-10-24 15:00:00,190.17,190.86,188.8,189.43,97114.1988
2025-10-24 16:00:00,189.43,190.69,188.79,190.65,25638.9058
2025-10-24 17:00:00,190.65,191.72,190.41,191.14,24587.8145
2025-10-24 18:00:00,191.14,191.92,190.98,191.81,15378.7431
2025-10-24 19:00:00,191.81,193.62,191.79,193.06,35829.6113
2025-10-24 20:00:00,193.06,194.14,192.82,193.55,24381.2714
2025-10-24 21:00:00,193.55,193.98,193.23,193.74,16145.2511
2025-10-24 22:00:00,193.74,194.14,193.17,193.79,9699.0617
2025-10-24 23:00:00,193.79,193.79,193.1,193.58,5877.4911
2025-10-25 00:00:00,193.58,193.63,192.42,192.99,10698.9715
2025-10-25 01:00:00,192.99,194.48,192.87,193.73,13951.6276
2025-10-25 02:00:00,193.73,194.17,193.35,193.83,10694.8017
2025-10-25 03:00:00,193.83,193.99,193.27,193.43,8346.293
2025-10-25 04:00:00,193.43,194.48,193.42,194.2,15879.0705
2025-10-25 05:00:00,194.2,194.73,193.39,194.47,9321.9233
2025-10-25 06:00:00,194.47,194.73,194.01,194.05,9500.3402
2025-10-25 07:00:00,194.05,194.92,193.82,193.96,8941.3432
2025-10-25 08:00:00,193.96,195.3,193.9,194.9,28716.1412
2025-10-25 09:00:00,194.9,194.93,192.38,192.62,42134.0294
2025-10-25 10:00:00,192.62,192.78,191.13,192.02,21620.5293
2025-10-25 11:00:00,192.02,192.93,191.72,192.74,18843.9985
2025-10-25 12:00:00,192.74,194.23,192.58,193.92,25363.1085
2025-10-25 13:00:00,193.92,193.94,192.5,192.87,15091.6279
2025-10-25 14:00:00,192.87,192.89,192.03,192.62,18982.1244
2025-10-25 15:00:00,192.62,192.62,191.83,191.9,12026.6316
2025-10-25 16:00:00,191.9,192.14,191.46,191.94,12372.4283
2025-10-25 17:00:00,191.94,192.54,191.85,192.39,5984.2886
2025-10-25 18:00:00,192.39,194.37,192.32,194.27,20490.0937
2025-10-25 19:00:00,194.27,194.64,193.91,194.5,8414.8068
2025-10-25 20:00:00,194.5,194.95,193.74,194.13,23860.633
2025-10-25 21:00:00,194.13,194.82,193.85,194.4,22769.6589
2025-10-25 22:00:00,194.4,194.76,193.94,194.49,30159.9451
2025-10-25 23:00:00,194.49,194.73,193.83,193.83,20009.7358
2025-10-26 00:00:00,193.83,194.34,193.11,193.28,16779.043
2025-10-26 01:00:00,193.28,193.72,192.3,192.83,11697.9745
2025-10-26 02:00:00,192.83,193.12,191.86,192.24,12397.6865
2025-10-26 03:00:00,192.24,193.06,192.0,192.97,7001.0441
2025-10-26 04:00:00,192.97,193.49,192.82,192.88,6339.9782
2025-10-26 05:00:00,192.88,193.76,192.74,193.59,4474.4873
2025-10-26 06:00:00,193.59,194.18,193.48,194.05,11402.8829
2025-10-26 07:00:00,194.05,194.3,193.82,193.87,5947.9438
2025-10-26 08:00:00,193.87,194.4,193.55,194.31,14698.9795
2025-10-26 09:00:00,194.31,196.41,193.92,195.97,42807.8289
2025-10-26 10:00:00,195.97,196.13,194.64,194.85,17773.814
2025-10-26 11:00:00,194.85,197.91,194.36,197.76,47271.1513
2025-10-26 12:00:00,197.76,198.42,196.91,198.0,39430.5866
2025-10-26 13:00:00,198.0,199.68,197.54,199.07,47805.8843
2025-10-26 14:00:00,199.07,199.88,198.69,198.86,22121.0588
2025-10-26 15:00:00,198.86,199.77,198.52,199.5,19675.2325
2025-10-26 16:00:00,199.5,199.54,198.17,198.72,29842.2172
2025-10-26 17:00:00,198.72,199.25,198.43,198.93,17495.2127
2025-10-26 18:00:00,198.93,199.67,198.9,199.1,15401.8304
2025-10-26 19:00:00,199.1,199.13,198.51,198.9,18208.0742
2025-10-26 20:00:00,198.9,198.9,197.41,197.47,35018.3875
2025-10-26 21:00:00,197.47,198.5,196.87,198.49,20561.5052
2025-10-26 22:00:00,198.49,202.47,198.49,200.21,130463.9276
2025-10-26 23:00:00,200.21,201.05,199.72,200.02,33027.9591
2025-10-27 00:00:00,200.02,203.51,199.51,203.27,45022.791
2025-10-27 01:00:00,203.27,205.07,202.79,204.37,48732.2615
2025-10-27 02:00:00,204.37,205.0,203.54,203.96,21170.8644
2025-10-27 03:00:00,203.96,204.63,203.27,204.31,25546.8764
2025-10-27 04:00:00,204.31,204.62,203.11,204.02,19807.1779
2025-10-27 05:00:00,204.02,205.32,203.93,204.31,22002.3063
2025-10-27 06:00:00,204.31,204.93,203.49,204.74,33806.7163
2025-10-27 07:00:00,204.74,205.21,202.18,202.5,57365.6969
2025-10-27 08:00:00,202.5,202.52,199.93,200.48,62664.3493
2025-10-27 09:00:00,200.48,200.54,198.05,199.94,135616.7167
2025-10-27 10:00:00,199.94,200.75,199.63,200.43,54722.268
2025-10-27 11:00:00,200.43,200.94,198.83,200.17,38686.7825
2025-10-27 12:00:00,200.17,200.26,199.0,199.54,32072.5769
2025-10-27 13:00:00,199.54,200.59,198.45,200.36,47433.874
2025-10-27 14:00:00,200.36,200.54,198.31,199.15,70376.752
2025-10-27 15:00:00,199.15,200.5,198.98,200.14,55387.4551
2025-10-27 16:00:00,200.14,203.15,200.02,202.49,80678.1424
2025-10-27 17:00:00,202.49,203.29,201.72,202.3,37869.0753
2025-10-27 18:00:00,202.3,203.23,201.25,201.67,26125.8782
2025-10-27 19:00:00,201.67,201.75,199.73,200.06,60377.1644
2025-10-27 20:00:00,200.06,200.26,198.62,198.73,59582.6374
2025-10-27 21:00:00,198.73,199.56,197.74,198.74,24478.4929
2025-10-27 22:00:00,198.74,199.4,198.02,198.29,32098.8933
2025-10-27 23:00:00,198.29,198.96,197.33,198.7,43271.6966
2025-10-28 00:00:00,198.7,200.42,198.4,199.68,54459.8752
2025-10-28 01:00:00,199.68,202.07,199.68,201.38,39340.3016
2025-10-28 02:00:00,201.38,201.89,199.5,200.76,47425.6907
2025-10-28 03:00:00,200.76,201.98,199.87,201.3,74966.7978
2025-10-28 04:00:00,201.3,202.17,200.46,201.14,32792.3192
2025-10-28 05:00:00,201.14,201.47,198.66,198.76,46844.2885
2025-10-28 06:00:00,198.76,200.96,198.75,200.91,29131.5083
2025-10-28 07:00:00,200.91,203.0,200.71,202.36,96998.0872
2025-10-28 08:00:00,202.36,204.02,201.98,203.43,74963.3999
2025-10-28 09:00:00,203.43,203.81,201.48,202.03,40094.3846
2025-10-28 10:00:00,202.03,202.09,199.9,200.34,38624.5807
2025-10-28 11:00:00,200.34,200.68,199.2,199.73,28722.619
2025-10-28 12:00:00,199.73,200.33,198.22,200.21,77414.2105
2025-10-28 13:00:00,200.21,203.07,200.13,202.7,117403.3891
2025-10-28 14:00:00,202.7,202.92,196.52,199.54,182292.964
2025-10-28 15:00:00,199.54,200.68,198.32,198.84,101944.8901
2025-10-28 16:00:00,198.84,200.66,197.89,199.76,159675.1757
2025-10-28 17:00:00,199.76,200.88,199.64,200.85,27365.105
2025-10-28 18:00:00,200.85,201.26,198.89,199.68,36421.3672
2025-10-28 19:00:00,199.68,200.12,194.45,195.35,208259.7763
2025-10-28 20:00:00,195.35,195.35,192.07,192.5,197375.3923
2025-10-28 21:00:00,192.5,194.41,190.32,193.85,104007.8648
2025-10-28 22:00:00,193.85,195.17,193.31,194.92,57320.9152
2025-10-28 23:00:00,194.92,194.93,193.78,194.16,33653.1819
2025-10-29 00:00:00,194.16,195.1,193.33,193.82,29633.9355
2025-10-29 01:00:00,193.82,195.04,192.69,194.18,25857.8448
2025-10-29 02:00:00,194.18,194.86,194.0,194.71,13617.9637
2025-10-29 03:00:00,194.71,194.71,193.22,193.89,24544.8215
2025-10-29 04:00:00,193.89,194.74,193.76,194.53,15336.6541
2025-10-29 05:00:00,194.53,195.79,194.41,195.15,28336.5455
2025-10-29 06:00:00,195.15,195.74,194.74,195.55,20011.9125
2025-10-29 07:00:00,195.55,196.07,195.12,195.61,16528.0325
2025-10-29 08:00:00,195.61,195.71,194.03,194.48,24791.4752
2025-10-29 09:00:00,194.48,194.77,193.77,194.23,13600.3772
2025-10-29 10:00:00,194.23,197.07,193.97,196.25,32539.1086
2025-10-29 11:00:00,196.25,199.33,196.04,198.71,108795.9772
2025-10-29 12:00:00,198.71,199.87,198.12,199.87,28717.2245
2025-10-29 13:00:00,199.87,201.7,199.16,200.74,73477.9753
2025-10-29 14:00:00,200.74,200.99,198.7,200.03,49377.6405
2025-10-29 15:00:00,200.03,200.68,196.4,196.8,58610.8612
2025-10-29 16:00:00,196.8,196.89,194.73,195.36,83142.2549
2025-10-29 17:00:00,195.36,198.77,194.85,198.51,95305.7528
2025-10-29 18:00:00,198.51,198.57,189.1,193.49,386788.1056
2025-10-29 19:00:00,193.49,195.31,191.34,192.74,133491.3009
2025-10-29 20:00:00,192.74,196.25,191.91,195.6,68247.1531
2025-10-29 21:00:00,195.6,197.07,195.13,196.07,27247.4737
2025-10-29 22:00:00,196.07,196.43,195.26,195.38,24224.2409
2025-10-29 23:00:00,195.38,195.57,193.01,193.87,41569.607
2025-10-30 00:00:00,193.87,194.72,192.12,194.66,25293.8036
2025-10-30 01:00:00,194.66,196.01,193.48,195.52,19420.0735
2025-10-30 02:00:00,195.52,198.17,195.25,198.17,36865.9902
2025-10-30 03:00:00,198.17,198.19,196.64,197.11,31948.1856
2025-10-30 04:00:00,197.11,197.23,190.34,191.84,106163.0007
2025-10-30 05:00:00,191.84,195.68,191.42,195.16,59715.7666
2025-10-30 06:00:00,195.16,195.45,193.41,194.18,24763.8625
2025-10-30 07:00:00,194.18,196.21,193.93,195.85,21649.4523
2025-10-30 08:00:00,195.85,196.13,194.61,195.41,21620.3006
2025-10-30 09:00:00,195.41,195.48,192.33,192.39,24148.9901
2025-10-30 10:00:00,192.39,192.51,191.1,192.19,50456.3039
2025-10-30 11:00:00,192.19,192.69,191.27,191.83,25814.475
2025-10-30 12:00:00,191.83,192.04,186.3,187.83,140786.04
2025-10-30 13:00:00,187.83,188.69,184.9,185.7,110756.9452
2025-10-30 14:00:00,185.7,187.81,185.64,187.27,85451.1214
2025-10-30 15:00:00,187.27,187.63,184.47,185.06,46213.2728
2025-10-30 16:00:00,185.06,186.35,183.96,185.34,54095.6965
2025-10-30 17:00:00,185.34,185.36,181.41,183.83,104782.3512
2025-10-30 18:00:00,183.83,183.96,180.83,181.34,70271.1158
2025-10-30 19:00:00,181.34,181.92,178.67,179.07,124098.7713
2025-10-30 20:00:00,179.07,182.57,178.77,182.25,100854.1298
2025-10-30 21:00:00,182.25,182.71,181.22,182.43,44303.6893
2025-10-30 22:00:00,182.43,183.68,182.14,183.67,40853.4751
2025-10-30 23:00:00,183.67,184.73,182.62,184.69,32175.5073
2025-10-31 00:00:00,184.69,186.55,184.09,185.49,31957.4174
2025-10-31 01:00:00,185.49,186.92,185.07,186.29,29975.6567
2025-10-31 02:00:00,186.29,186.34,183.72,184.64,26368.6883
2025-10-31 03:00:00,184.64,185.74,184.13,185.15,16468.5251
2025-10-31 04:00:00,185.15,187.04,184.96,186.63,24684.3143
2025-10-31 05:00:00,186.63,186.63,185.32,185.7,19684.2413
2025-10-31 06:00:00,185.7,185.91,184.95,185.59,13521.596
2025-10-31 07:00:00,185.59,186.15,184.77,185.36,26616.5634
2025-10-31 08:00:00,185.36,186.6,184.58,186.53,23775.4595
2025-10-31 09:00:00,186.53,187.04,186.03,186.6,20501.7218
2025-10-31 10:00:00,186.6,187.35,186.2,186.4,34848.6858
2025-10-31 11:00:00,186.4,189.19,186.22,188.88,34650.3478
2025-10-31 12:00:00,188.88,189.39,186.37,186.51,47078.0916
2025-10-31 13:00:00,186.51,188.61,186.02,188.39,33976.3026
2025-10-31 14:00:00,188.39,189.49,186.98,189.1,40947.5706
2025-10-31 15:00:00,189.1,190.31,187.95,188.12,44713.8883
2025-10-31 16:00:00,188.12,188.62,184.68,185.06,45970.4102
2025-10-31 17:00:00,185.06,185.96,184.38,185.37,40102.5011
2025-10-31 18:00:00,185.37,186.58,184.49,185.97,35159.5913
2025-10-31 19:00:00,185.97,189.09,185.04,188.44,118538.5266
2025-10-31 20:00:00,188.44,188.81,186.75,186.91,29444.3638
2025-10-31 21:00:00,186.91,187.71,186.53,187.29,9193.4393
2025-10-31 22:00:00,187.29,187.92,186.99,187.3,13041.921
2025-10-31 23:00:00,187.3,187.83,187.12,187.21,8861.9293
2025-11-01 00:00:00,187.21,187.36,186.01,187.11,16111.0232
2025-11-01 01:00:00,187.11,187.44,186.13,186.14,7868.9554
2025-11-01 02:00:00,186.14,186.74,185.5,186.61,9605.9543
2025-11-01 03:00:00,186.61,187.5,186.58,187.22,8226.0172
2025-11-01 04:00:00,187.22,187.56,186.27,187.07,10883.8745
2025-11-01 05:00:00,187.07,187.13,186.17,186.23,9242.3693
2025-11-01 06:00:00,186.23,186.39,185.0,185.72,13730.1898
2025-11-01 07:00:00,185.72,186.37,185.34,185.8,9084.1811
2025-11-01 08:00:00,185.8,186.56,185.66,186.56,9116.9174
2025-11-01 09:00:00,186.56,186.74,185.75,185.83,12053.2983
2025-11-01 10:00:00,185.83,186.42,185.28,186.13,9082.2394
2025-11-01 11:00:00,186.13,186.63,185.68,186.21,9564.1679
2025-11-01 12:00:00,186.21,186.62,186.21,186.38,9920.4558
2025-11-01 13:00:00,186.38,186.47,184.79,185.32,21371.7026
2025-11-01 14:00:00,185.32,185.59,183.83,185.05,43511.4294
2025-11-01 15:00:00,185.05,186.46,184.88,186.4,21551.4644
2025-11-01 16:00:00,186.4,187.11,185.98,186.42,18973.736
2025-11-01 17:00:00,186.42,186.55,184.93,185.0,18142.3789
2025-11-01 18:00:00,185.0,185.79,184.89,185.74,12768.8881
2025-11-01 19:00:00,185.74,186.31,185.42,186.28,11336.8349
2025-11-01 20:00:00,186.28,186.95,186.15,186.52,10478.7058
2025-11-01 21:00:00,186.52,186.63,185.31,185.37,12090.2696
2025-11-01 22:00:00,185.37,186.27,184.98,186.17,15861.5571
2025-11-01 23:00:00,186.17,186.6,185.86,186.4,10114.1628
2025-11-02 00:00:00,186.4,186.42,185.1,185.12,10740.6379
2025-11-02 01:00:00,185.12,185.52,184.67,184.81,14955.7598
2025-11-02 02:00:00,184.81,186.02,184.78,185.38,5735.1103
2025-11-02 03:00:00,185.38,185.54,184.96,185.31,6408.6114
2025-11-02 04:00:00,185.31,188.02,185.01,187.76,20045.7353
2025-11-02 05:00:00,187.76,187.84,186.52,187.09,18309.117
2025-11-02 06:00:00,187.09,187.71,186.63,187.43,13477.2072
2025-11-02 07:00:00,187.43,188.34,186.7,187.73,14602.8491
2025-11-02 08:00:00,187.73,187.95,186.95,187.14,9079.4854
2025-11-02 09:00:00,187.14,187.92,185.81,185.91,11608.4266
2025-11-02 10:00:00,185.91,186.19,184.43,185.03,22468.9631
2025-11-02 11:00:00,185.03,186.39,184.87,186.16,15464.2573
2025-11-02 12:00:00,186.16,186.49,185.29,185.54,11512.5008
2025-11-02 13:00:00,185.54,185.58,183.92,185.1,23362.2775
2025-11-02 14:00:00,185.1,185.38,183.54,184.37,31054.1809
2025-11-02 15:00:00,184.37,185.08,183.77,183.8,18750.7842
2025-11-02 16:00:00,183.8,184.43,182.05,184.3,42749.081
2025-11-02 17:00:00,184.3,184.61,183.57,184.39,12253.9941
2025-11-02 18:00:00,184.39,184.67,183.99,184.24,8292.1173
2025-11-02 19:00:00,184.24,184.3,183.05,184.04,10980.8095
2025-11-02 20:00:00,184.04,184.57,183.6,184.56,8454.3179
2025-11-02 21:00:00,184.56,186.04,184.55,185.5,12793.5477
2025-11-02 22:00:00,185.5,185.7,184.35,184.94,12535.9157
2025-11-02 23:00:00,184.94,188.1,184.94,187.72,41156.651
2025-11-03 00:00:00,187.72,189.12,186.59,186.59,45599.466
2025-11-03 01:00:00,186.59,187.15,185.37,185.53,26075.4258
2025-11-03 02:00:00,185.53,185.96,183.03,183.49,35085.3736
2025-11-03 03:00:00,183.49,183.7,176.74,177.56,101176.075
2025-11-03 04:00:00,177.56,178.39,175.85,177.93,98250.2308
2025-11-03 05:00:00,177.93,178.74,176.47,176.78,61040.1618
2025-11-03 06:00:00,176.78,177.24,174.24,176.1,81112.8568
2025-11-03 07:00:00,176.1,177.12,175.44,176.52,40063.799
2025-11-03 08:00:00,176.52,176.63,174.4,175.69,60021.9437
2025-11-03 09:00:00,175.69,176.93,174.63,174.95,36060.5092
2025-11-03 10:00:00,174.95,175.93,173.62,174.12,38079.9051
2025-11-03 11:00:00,174.12,176.06,174.11,175.31,69721.3806
2025-11-03 12:00:00,175.31,176.59,175.01,175.55,37644.1324
2025-11-03 13:00:00,175.55,176.33,174.94,175.79,42869.6082
2025-11-03 14:00:00,175.79,176.95,174.84,176.42,37874.2434
2025-11-03 15:00:00,176.42,176.77,164.58,166.79,586698.2493
2025-11-03 16:00:00,166.79,169.18,165.62,168.39,146854.5512
2025-11-03 17:00:00,168.39,170.99,168.11,169.93,104395.3401
2025-11-03 18:00:00,169.93,170.14,167.77,167.9,65037.3226
2025-11-03 19:00:00,167.9,168.35,166.6,166.73,62102.2485
2025-11-03 20:00:00,166.73,167.25,163.24,164.39,101448.0373
2025-11-03 21:00:00,164.39,166.22,163.24,165.95,80225.5326
2025-11-03 22:00:00,165.95,166.29,164.18,165.75,41821.4311
2025-11-03 23:00:00,165.75,166.27,164.48,166.05,21868.2722
2025-11-04 00:00:00,166.05,167.24,164.17,166.58,33992.2636
2025-11-04 01:00:00,166.58,168.36,165.9,167.84,30690.9189
2025-11-04 02:00:00,167.84,168.4,166.42,166.68,20079.023
2025-11-04 03:00:00,166.68,168.25,166.23,167.65,20239.8915
2025-11-04 04:00:00,167.65,168.12,164.75,165.03,39677.9912
2025-11-04 05:00:00,165.03,165.49,157.17,157.7,204192.1327
2025-11-04 06:00:00,157.7,161.3,157.61,158.57,84683.7651
2025-11-04 07:00:00,158.57,158.91,155.87,157.06,128083.8387
2025-11-04 08:00:00,157.06,160.49,156.4,159.24,157655.9314
2025-11-04 09:00:00,159.24,160.46,158.66,160.38,59921.5051
2025-11-04 10:00:00,160.38,161.39,159.95,160.52,64708.0897
2025-11-04 11:00:00,160.52,162.27,160.34,161.72,59744.797
2025-11-04 12:00:00,161.72,162.54,160.83,161.46,47865.9251
2025-11-04 13:00:00,161.46,162.64,160.49,161.3,60594.7309
2025-11-04 14:00:00,161.3,164.78,159.32,164.41,128496.5304
2025-11-04 15:00:00,164.41,165.29,161.3,161.5,95249.8064
2025-11-04 16:00:00,161.5,162.37,158.18,158.19,82641.4601
2025-11-04 17:00:00,158.19,158.24,153.06,156.22,173985.1751
2025-11-04 18:00:00,156.22,156.58,152.29,156.43,176537.9138
2025-11-04 19:00:00,156.43,157.43,154.24,154.65,101092.4832
2025-11-04 20:00:00,154.65,155.08,148.27,153.39,295695.7278
2025-11-04 21:00:00,153.39,154.07,145.85,151.17,303418.1801
2025-11-04 22:00:00,151.17,155.59,150.46,155.24,146184.9528
2025-11-04 23:00:00,155.24,155.94,153.9,155.03,79192.3259
2025-11-05 00:00:00,155.03,155.63,152.48,153.34,62687.5317
2025-11-05 01:00:00,153.34,153.56,147.27,152.66,153716.1264
2025-11-05 02:00:00,152.66,156.24,152.6,156.12,132491.0223
2025-11-05 03:00:00,156.12,157.38,155.06,156.93,95622.7876
2025-11-05 04:00:00,156.93,157.97,155.68,157.06,55134.6834
2025-11-05 05:00:00,157.06,158.56,156.82,157.53,52326.0296
2025-11-05 06:00:00,157.53,158.14,156.59,158.01,41779.1137
2025-11-05 07:00:00,158.01,158.1,155.9,156.48,43478.3502
2025-11-05 08:00:00,156.48,156.48,153.68,155.72,74040.0061
2025-11-05 09:00:00,155.72,157.34,155.58,157.03,36397.4578
2025-11-05 10:00:00,157.03,157.08,154.66,154.87,32188.3587
2025-11-05 11:00:00,154.87,157.63,154.84,157.47,37008.8964
2025-11-05 12:00:00,157.47,158.71,156.75,158.28,75817.0579
2025-11-05 13:00:00,158.28,159.93,157.6,159.45,109363.9717
2025-11-05 14:00:00,159.45,159.63,156.94,158.75,67684.2498
2025-11-05 15:00:00,158.75,160.54,157.86,160.48,91102.5969
2025-11-05 16:00:00,160.48,162.07,158.56,161.82,67169.1279
2025-11-05 17:00:00,161.82,162.47,160.92,162.04,73352.4071
2025-11-05 18:00:00,162.04,163.91,161.68,163.1,104688.0204
2025-11-05 19:00:00,163.1,163.39,162.16,162.52,81049.3221
2025-11-05 20:00:00,162.52,163.97,162.32,162.54,74590.4566
2025-11-05 21:00:00,162.54,162.55,161.1,161.84,55982.316
2025-11-05 22:00:00,161.84,162.91,161.33,162.81,20763.8977
2025-11-05 23:00:00,162.81,163.09,162.15,162.36,25810.6241
2025-11-06 00:00:00,162.36,162.36,160.47,161.43,37109.5091
2025-11-06 01:00:00,161.43,161.7,159.73,160.83,65319.149
2025-11-06 02:00:00,160.83,162.33,160.12,161.75,39971.3597
2025-11-06 03:00:00,161.75,162.95,161.62,162.46,20373.1902
2025-11-06 04:00:00,162.46,162.77,161.74,162.14,26154.1324
2025-11-06 05:00:00,162.14,162.14,158.93,159.37,51902.0968
2025-11-06 06:00:00,159.37,160.01,158.79,158.81,23117.8108
2025-11-06 07:00:00,158.81,160.0,158.23,158.84,42214.7992
2025-11-06 08:00:00,158.84,159.62,158.51,159.34,24516.4338
2025-11-06 09:00:00,159.34,159.91,158.79,158.79,19113.5904
2025-11-06 10:00:00,158.79,159.77,157.68,159.09,28883.1594
2025-11-06 11:00:00,159.09,159.43,158.18,158.87,27044.99
2025-11-06 12:00:00,158.87,159.44,157.11,157.49,34984.8969
2025-11-06 13:00:00,157.49,161.3,157.49,160.66,95339.3568
2025-11-06 14:00:00,160.66,161.54,157.37,157.79,60443.0244
2025-11-06 15:00:00,157.79,158.99,155.4,155.91,133367.2696
2025-11-06 16:00:00,155.91,156.97,153.83,155.38,70326.9162
2025-11-06 17:00:00,155.38,157.63,154.84,157.26,38403.3164
2025-11-06 18:00:00,157.26,158.66,155.44,157.5,26216.4334
2025-11-06 19:00:00,157.5,157.84,156.13,156.87,22381.1092
2025-11-06 20:00:00,156.87,157.79,154.62,155.31,36980.3903
2025-11-06 21:00:00,155.31,156.94,154.67,156.49,25529.0012
2025-11-06 22:00:00,156.49,156.79,154.28,155.58,19179.8313
2025-11-06 23:00:00,155.58,155.58,153.44,155.28,29125.316
2025-11-07 00:00:00,155.28,157.15,154.88,156.77,79043.83
2025-11-07 01:00:00,156.77,157.25,154.2,157.07,59206.1559
2025-11-07 02:00:00,157.07,158.12,156.18,158.03,65094.9893
2025-11-07 03:00:00,158.03,158.62,156.83,156.88,43338.4599
2025-11-07 04:00:00,156.88,157.1,155.28,156.19,44561.6973
2025-11-07 05:00:00,156.19,158.24,156.17,158.08,32311.5615
2025-11-07 06:00:00,158.08,158.29,156.81,156.82,26603.6668
2025-11-07 07:00:00,156.82,157.85,156.34,157.78,30051.7
2025-11-07 08:00:00,157.78,158.17,156.86,157.29,29091.0332
2025-11-07 09:00:00,157.29,157.32,154.15,154.77,42963.882
2025-11-07 10:00:00,154.77,155.77,153.65,154.25,45300.3594
2025-11-07 11:00:00,154.25,154.26,151.65,153.87,60223.8099
2025-11-07 12:00:00,153.87,154.16,150.95,151.65,46239.9935
2025-11-07 13:00:00,151.65,153.2,151.01,152.35,46311.0216
2025-11-07 14:00:00,152.35,155.15,149.82,154.7,120601.9655
2025-11-07 15:00:00,154.7,156.29,153.31,155.41,114400.395
2025-11-07 16:00:00,155.41,158.14,154.38,157.29,100532.1428
2025-11-07 17:00:00,157.29,161.51,156.48,161.15,137315.7211
2025-11-07 18:00:00,161.15,162.96,160.91,162.11,69994.836
2025-11-07 19:00:00,162.11,164.46,161.51,164.16,43987.3143
2025-11-07 20:00:00,164.16,164.4,162.08,163.38,70764.8844
2025-11-07 21:00:00,163.38,163.83,162.68,163.5,31507.356
2025-11-07 22:00:00,163.5,163.92,162.79,163.21,58580.6421
2025-11-07 23:00:00,163.21,163.24,161.59,161.79,30954.899
2025-11-08 00:00:00,161.79,162.61,160.6,160.89,51201.5942
2025-11-08 01:00:00,160.89,162.49,160.83,162.06,28766.7186
2025-11-08 02:00:00,162.06,164.46,161.94,163.4,50553.8983
2025-11-08 03:00:00,163.4,164.91,162.5,162.55,59340.6221
2025-11-08 04:00:00,162.55,163.69,162.52,162.72,19658.9862
2025-11-08 05:00:00,162.72,163.09,161.05,161.38,35057.4074
2025-11-08 06:00:00,161.38,161.96,160.19,161.13,36554.983
2025-11-08 07:00:00,161.13,161.18,159.63,161.04,20811.0419
2025-11-08 08:00:00,161.04,162.05,160.3,161.55,25937.0923
2025-11-08 09:00:00,161.55,162.36,160.99,161.16,29425.6177
2025-11-08 10:00:00,161.16,161.26,160.55,160.82,11840.8506
2025-11-08 11:00:00,160.82,161.19,159.14,159.38,35339.0178
2025-11-08 12:00:00,159.38,159.72,158.8,159.46,21358.7011
2025-11-08 13:00:00,159.46,159.49,158.14,158.23,20125.2761
2025-11-08 14:00:00,158.23,158.54,156.82,157.71,53393.2861
2025-11-08 15:00:00,157.71,157.85,155.93,156.67,29188.6342
2025-11-08 16:00:00,156.67,157.4,155.82,156.76,48857.3499
2025-11-08 17:00:00,156.76,157.69,156.05,157.6,36037.463
2025-11-08 18:00:00,157.6,158.2,156.97,157.95,19763.6001
2025-11-08 19:00:00,157.95,158.05,156.24,157.36,16221.1405
2025-11-08 20:00:00,157.36,158.26,157.19,157.67,13643.0878
2025-11-08 21:00:00,157.67,158.24,157.6,158.04,27346.9249
2025-11-08 22:00:00,158.04,158.38,157.61,158.01,10518.4653
2025-11-08 23:00:00,158.01,158.42,157.85,158.0,16275.6392
2025-11-09 00:00:00,158.0,158.0,156.59,156.85,40068.5951
2025-11-09 01:00:00,156.85,158.31,156.77,158.19,22364.8662
2025-11-09 02:00:00,158.19,158.19,155.72,156.03,25583.883
2025-11-09 03:00:00,156.03,156.5,155.12,155.88,31757.9778
2025-11-09 04:00:00,155.88,157.5,155.87,157.23,23431.4563
2025-11-09 05:00:00,157.23,158.32,157.13,158.11,16805.4296
2025-11-09 06:00:00,158.11,159.1,157.86,158.26,27829.7654
2025-11-09 07:00:00,158.26,159.56,157.87,159.29,40625.4526
2025-11-09 08:00:00,159.29,159.69,158.74,159.46,14927.5918
2025-11-09 09:00:00,159.46,159.95,158.18,158.28,24108.77
2025-11-09 10:00:00,158.28,158.45,157.28,158.44,13805.9007
2025-11-09 11:00:00,158.44,159.47,158.44,159.06,30167.0087
2025-11-09 12:00:00,159.06,159.88,158.59,159.12,23620.8329
2025-11-09 13:00:00,159.12,160.52,159.02,160.08,24648.912
2025-11-09 14:00:00,160.08,163.09,159.28,160.17,105766.6157
2025-11-09 15:00:00,160.17,163.96,159.79,162.53,97054.4769
2025-11-09 16:00:00,162.53,163.19,161.79,162.93,44146.2084
2025-11-09 17:00:00,162.93,163.03,161.24,161.82,38634.3221
2025-11-09 18:00:00,161.82,164.11,161.36,163.99,26479.7066
2025-11-09 19:00:00,163.99,166.3,163.35,166.16,57901.4468
2025-11-09 20:00:00,166.16,166.35,165.05,165.38,28640.551
2025-11-09 21:00:00,165.38,165.84,164.41,165.25,33349.5065
2025-11-09 22:00:00,165.25,165.7,164.15,165.45,24711.6058
2025-11-09 23:00:00,165.45,166.6,163.95,164.53,40805.4889
2025-11-10 00:00:00,164.53,168.38,163.39,167.5,80261.2193
2025-11-10 01:00:00,167.5,168.28,166.33,167.06,44779.773
2025-11-10 02:00:00,167.06,167.98,166.4,167.75,30301.576
2025-11-10 03:00:00,167.75,168.75,167.15,168.11,34581.0405
2025-11-10 04:00:00,168.11,168.92,166.66,168.01,30214.1995
2025-11-10 05:00:00,168.01,168.57,166.93,167.55,33547.3014
2025-11-10 06:00:00,167.55,167.76,166.4,166.92,31757.2484
2025-11-10 07:00:00,166.92,168.18,166.79,167.36,18409.3985
2025-11-10 08:00:00,167.36,167.43,166.12,166.62,29694.5853
2025-11-10 09:00:00,166.62,169.77,166.33,169.46,49466.9139
2025-11-10 10:00:00,169.46,169.64,167.95,168.32,33567.3829
2025-11-10 11:00:00,168.32,168.8,168.02,168.32,25069.8223
2025-11-10 12:00:00,168.32,168.47,166.91,168.11,36391.5841
2025-11-10 13:00:00,168.11,170.47,167.97,169.72,37740.9914
2025-11-10 14:00:00,169.72,169.73,165.31,166.16,56882.49
2025-11-10 15:00:00,166.16,167.34,165.17,166.26,57205.179
2025-11-10 16:00:00,166.26,167.07,165.24,166.11,47748.3604
2025-11-10 17:00:00,166.11,168.48,165.95,167.81,30921.8631
2025-11-10 18:00:00,167.81,168.11,165.68,165.68,24117.1655
2025-11-10 19:00:00,165.68,167.7,165.61,167.21,28864.6931
2025-11-10 20:00:00,167.21,168.41,166.84,167.83,16997.7504
2025-11-10 21:00:00,167.83,167.87,164.83,165.51,33601.8197
2025-11-10 22:00:00,165.51,167.8,165.13,167.62,21606.8104
2025-11-10 23:00:00,167.62,168.11,167.2,167.31,22553.2031
2025-11-11 00:00:00,167.31,167.62,166.0,167.5,43552.2657
2025-11-11 01:00:00,167.5,171.04,166.64,167.42,77124.3496
2025-11-11 02:00:00,167.42,171.0,166.26,170.27,42352.9292
2025-11-11 03:00:00,170.27,171.94,169.5,169.95,38706.9876
2025-11-11 04:00:00,169.95,170.1,166.57,166.92,52140.712
2025-11-11 05:00:00,166.92,166.96,165.03,165.18,40209.1112
2025-11-11 06:00:00,165.18,165.3,163.61,164.97,65105.6262
2025-11-11 07:00:00,164.97,165.27,163.88,163.99,40979.0313
2025-11-11 08:00:00,163.99,164.87,163.59,164.0,26267.7269
2025-11-11 09:00:00,164.0,164.97,163.08,164.02,38318.6285
2025-11-11 10:00:00,164.02,164.37,162.71,163.77,34690.6372
2025-11-11 11:00:00,163.77,164.57,163.01,163.69,17138.5917
2025-11-11 12:00:00,163.69,164.39,162.56,163.32,51058.5269
2025-11-11 13:00:00,163.32,163.96,162.46,162.8,31693.4131
2025-11-11 14:00:00,162.8,163.23,161.12,162.99,56851.0537
2025-11-11 15:00:00,162.99,162.99,160.12,160.91,58356.9397
2025-11-11 16:00:00,160.91,161.24,159.76,160.65,47843.2101
2025-11-11 17:00:00,160.65,161.07,158.23,159.52,35947.8314
2025-11-11 18:00:00,159.52,159.82,158.37,158.95,42435.9284
2025-11-11 19:00:00,158.95,158.96,157.44,157.58,48320.8023
2025-11-11 20:00:00,157.58,157.87,156.3,156.76,51406.1028
2025-11-11 21:00:00,156.76,157.43,155.68,156.1,35864.1984
2025-11-11 22:00:00,156.1,157.27,155.54,156.7,29741.4273
2025-11-11 23:00:00,156.7,156.89,153.92,154.61,60019.9573
2025-11-12 00:00:00,154.61,155.31,153.58,153.83,52738.1549
2025-11-12 01:00:00,153.83,155.49,153.69,155.4,70689.1733
2025-11-12 02:00:00,155.4,155.59,153.74,154.27,65320.6194
2025-11-12 03:00:00,154.27,154.99,153.93,154.54,59003.6132
2025-11-12 04:00:00,154.54,155.0,154.15,154.92,50885.9959
2025-11-12 05:00:00,154.92,156.05,154.86,155.46,52759.5872
2025-11-12 06:00:00,155.46,156.51,155.32,155.91,40061.609
2025-11-12 07:00:00,155.91,156.56,154.85,155.04,36186.752
2025-11-12 08:00:00,155.04,158.1,155.01,158.01,56506.4195
2025-11-12 09:00:00,158.01,158.9,157.76,158.09,44305.5021
2025-11-12 10:00:00,158.09,160.45,158.02,160.26,62645.5088
2025-11-12 11:00:00,160.26,161.13,159.48,160.02,39754.7231
2025-11-12 12:00:00,160.02,160.76,159.09,159.86,45408.8431
2025-11-12 13:00:00,159.86,161.05,158.85,160.59,30140.3032
2025-11-12 14:00:00,160.59,161.06,157.13,158.59,100104.7828
2025-11-12 15:00:00,158.59,159.59,155.23,155.72,100546.0718
2025-11-12 16:00:00,155.72,156.24,152.21,152.81,107206.5671
2025-11-12 17:00:00,152.81,154.82,152.37,153.31,45856.3193
2025-11-12 18:00:00,153.31,154.21,152.77,152.78,43620.2489
2025-11-12 19:00:00,152.78,153.77,151.19,153.02,93748.9383
2025-11-12 20:00:00,153.02,154.65,152.53,153.73,42396.768
2025-11-12 21:00:00,153.73,154.29,153.36,154.13,25776.3517
2025-11-12 22:00:00,154.13,154.13,152.75,153.88,20307.7509
2025-11-12 23:00:00,153.88,153.89,152.84,153.42,21499.6539
2025-11-13 00:00:00,153.42,154.41,152.37,153.0,29114.0894
2025-11-13 01:00:00,153.0,154.45,152.28,152.77,41078.9305
2025-11-13 02:00:00,152.77,153.41,152.4,152.92,61703.9929
2025-11-13 03:00:00,152.92,155.81,150.43,154.34,91736.2692
2025-11-13 04:00:00,154.34,154.94,153.41,154.32,52554.1995
2025-11-13 05:00:00,154.32,156.82,153.79,156.16,39726.4868
2025-11-13 06:00:00,156.16,157.15,155.73,156.75,35289.7172
2025-11-13 07:00:00,156.75,157.23,154.88,155.33,59053.9243
2025-11-13 08:00:00,155.33,156.53,154.98,155.97,27059.2678
2025-11-13 09:00:00,155.97,156.09,153.84,155.0,44049.1967
2025-11-13 10:00:00,155.0,156.2,154.89,155.4,19678.9015
2025-11-13 11:00:00,155.4,156.5,155.4,156.28,21193.56
2025-11-13 12:00:00,156.28,156.96,155.79,156.4,22117.8209
2025-11-13 13:00:00,156.4,156.53,153.66,153.82,50965.6211
2025-11-13 14:00:00,153.82,156.73,152.25,155.3,91102.1674
2025-11-13 15:00:00,155.3,155.84,152.51,153.12,76894.8813
2025-11-13 16:00:00,153.12,153.37,150.71,151.09,61697.0049
2025-11-13 17:00:00,151.09,151.23,146.8,147.09,104254.0984
2025-11-13 18:00:00,147.09,147.78,144.53,145.43,148346.7919
2025-11-13 19:00:00,145.43,146.33,142.03,142.72,157882.6763
2025-11-13 20:00:00,142.72,143.32,141.02,142.72,133828.813
2025-11-13 21:00:00,142.72,143.71,141.25,142.1,82562.0987
2025-11-13 22:00:00,142.1,144.83,141.7,144.61,62314.3677
2025-11-13 23:00:00,144.61,146.22,143.92,144.73,71885.7837
2025-11-14 00:00:00,144.73,145.25,142.92,143.31,67516.1169
2025-11-14 01:00:00,143.31,144.56,142.79,143.67,55070.5899
2025-11-14 02:00:00,143.67,145.66,143.64,145.3,29958.706
2025-11-14 03:00:00,145.3,145.57,143.66,144.26,42556.8542
2025-11-14 04:00:00,144.26,144.37,138.75,141.88,140741.2799
2025-11-14 05:00:00,141.88,143.66,141.41,143.15,64832.9955
2025-11-14 06:00:00,143.15,144.11,139.99,143.94,94638.6505
2025-11-14 07:00:00,143.94,144.47,142.4,142.85,112151.2234
2025-11-14 08:00:00,142.85,142.97,141.41,142.49,56338.6124
2025-11-14 09:00:00,142.49,143.2,140.51,140.93,56626.1616
2025-11-14 10:00:00,140.93,142.93,140.84,141.95,79761.301
2025-11-14 11:00:00,141.95,142.22,139.83,140.77,88540.3538
2025-11-14 12:00:00,140.77,140.77,135.77,138.71,194883.1501
2025-11-14 13:00:00,138.71,139.8,135.97,138.96,160232.1812
2025-11-14 14:00:00,138.96,142.86,137.55,142.22,199678.8753
2025-11-14 15:00:00,142.22,143.75,140.22,142.24,133122.3815
2025-11-14 16:00:00,142.24,144.23,141.58,143.45,99348.6795
2025-11-14 17:00:00,143.45,143.95,140.58,141.41,70906.4179
2025-11-14 18:00:00,141.41,142.93,140.71,141.31,44448.4287
2025-11-14 19:00:00,141.31,143.68,140.96,143.14,47002.183
2025-11-14 20:00:00,143.14,143.27,139.28,139.63,69352.5763
2025-11-14 21:00:00,139.63,141.22,139.09,140.67,60252.8546
2025-11-14 22:00:00,140.67,141.8,139.64,140.31,34350.7433
2025-11-14 23:00:00,140.31,140.34,137.17,138.91,97010.1853
2025-11-15 00:00:00,138.91,141.31,138.74,141.09,48064.8495
2025-11-15 01:00:00,141.09,142.37,140.27,142.04,45780.5972
2025-11-15 02:00:00,142.04,143.18,141.63,143.11,54355.9498
2025-11-15 03:00:00,143.11,143.37,142.44,142.56,46200.2542
2025-11-15 04:00:00,142.56,143.11,141.83,142.42,29660.3828
2025-11-15 05:00:00,142.42,143.22,142.34,142.86,23569.1945
2025-11-15 06:00:00,142.86,143.61,142.15,142.71,52830.5748
2025-11-15 07:00:00,142.71,143.39,142.33,142.76,37630.8933
2025-11-15 08:00:00,142.76,142.87,140.5,140.8,51699.4917
2025-11-15 09:00:00,140.8,141.71,140.52,140.97,32116.8421
2025-11-15 10:00:00,140.97,141.44,140.61,141.24,34539.8347
2025-11-15 11:00:00,141.24,141.41,139.98,140.21,18622.9643
2025-11-15 12:00:00,140.21,141.03,139.98,140.89,19228.3444
2025-11-15 13:00:00,140.89,141.98,140.62,141.67,31641.3015
2025-11-15 14:00:00,141.67,141.76,140.77,141.51,21981.0232
2025-11-15 15:00:00,141.51,142.27,141.26,141.73,19460.7971
2025-11-15 16:00:00,141.73,142.83,140.82,142.76,29529.6398
2025-11-15 17:00:00,142.76,144.67,142.48,143.46,101687.1651
2025-11-15 18:00:00,143.46,143.47,142.17,142.48,47316.8208
2025-11-15 19:00:00,142.48,142.91,141.71,141.78,28317.3157
2025-11-15 20:00:00,141.78,141.98,140.15,140.45,46573.3363
2025-11-15 21:00:00,140.45,140.85,138.61,138.99,37819.891
2025-11-15 22:00:00,138.99,140.0,138.64,139.82,31264.1773
2025-11-15 23:00:00,139.82,140.19,139.46,139.62,17799.7243
2025-11-16 00:00:00,139.62,139.79,138.62,139.24,36223.928
2025-11-16 01:00:00,139.24,139.54,137.39,138.79,52662.2629
2025-11-16 02:00:00,138.79,140.84,138.44,140.84,35193.0762
2025-11-16 03:00:00,140.84,141.49,140.28,141.4,19607.6531
2025-11-16 04:00:00,141.4,141.62,140.71,141.36,14198.4562
2025-11-16 05:00:00,141.36,142.21,141.26,141.46,25601.3612
2025-11-16 06:00:00,141.46,142.19,141.34,141.66,21715.4293
2025-11-16 07:00:00,141.66,142.47,141.23,142.32,43006.5478
2025-11-16 08:00:00,142.32,142.63,141.62,142.21,22004.2983
2025-11-16 09:00:00,142.21,143.35,141.37,143.28,40476.4398
2025-11-16 10:00:00,143.28,143.34,142.72,142.96,27542.1348
2025-11-16 11:00:00,142.96,143.15,139.56,139.97,76217.7792
2025-11-16 12:00:00,139.97,140.67,139.15,140.07,59057.093
2025-11-16 13:00:00,140.07,140.59,138.82,139.46,42433.4826
2025-11-16 14:00:00,139.46,140.85,139.45,140.43,39727.9508
2025-11-16 15:00:00,140.43,140.47,137.15,137.48,65086.0052
2025-11-16 16:00:00,137.48,138.25,135.37,135.74,122251.731
2025-11-16 17:00:00,135.74,136.45,134.44,135.82,137714.5625
2025-11-16 18:00:00,135.82,138.51,135.24,135.84,108823.5803
2025-11-16 19:00:00,135.84,138.03,135.74,136.84,59500.1651
2025-11-16 20:00:00,136.84,138.16,136.61,136.65,32546.6176
2025-11-16 21:00:00,136.65,136.77,135.44,136.43,39451.839
2025-11-16 22:00:00,136.43,137.95,135.09,137.31,47445.1963
2025-11-16 23:00:00,137.31,138.12,134.92,137.18,126845.8506
2025-11-17 00:00:00,137.18,139.53,136.08,139.18,108018.1023
2025-11-17 01:00:00,139.18,139.5,138.16,138.29,64130.196
2025-11-17 02:00:00,138.29,139.36,137.97,138.91,43462.1767
2025-11-17 03:00:00,138.91,140.65,138.87,140.28,79620.9965
2025-11-17 04:00:00,140.28,140.83,139.68,140.37,40877.778
2025-11-17 05:00:00,140.37,140.82,139.86,140.59,31021.4339
2025-11-17 06:00:00,140.59,141.59,140.14,141.41,37642.933
2025-11-17 07:00:00,141.41,141.84,141.1,141.33,34368.9715
2025-11-17 08:00:00,141.33,141.79,141.0,141.36,47523.5615
2025-11-17 09:00:00,141.36,142.61,140.95,141.99,45184.557
2025-11-17 10:00:00,141.99,142.52,141.79,142.27,23351.9665
2025-11-17 11:00:00,142.27,142.82,141.71,141.9,69998.285
2025-11-17 12:00:00,141.9,142.69,141.59,141.81,64363.4512
2025-11-17 13:00:00,141.81,142.01,137.16,138.04,160980.4774
2025-11-17 14:00:00,138.04,143.31,136.82,140.16,213986.7485
2025-11-17 15:00:00,140.16,140.82,136.84,137.14,120979.7239
2025-11-17 16:00:00,137.14,137.19,133.31,135.88,278425.0868
2025-11-17 17:00:00,135.88,135.96,131.75,132.03,204756.5104
2025-11-17 18:00:00,132.03,133.14,130.41,130.52,158477.9931
2025-11-17 19:00:00,130.52,131.31,129.38,129.65,185590.0499
2025-11-17 20:00:00,129.65,130.88,128.82,130.32,116427.7427
2025-11-17 21:00:00,130.32,130.99,129.83,130.7,85143.8157
2025-11-17 22:00:00,130.7,131.96,130.29,131.29,65807.8942
2025-11-17 23:00:00,131.29,131.77,130.25,130.99,57459.2835
2025-11-18 00:00:00,130.99,131.53,129.02,131.31,62801.2353
2025-11-18 01:00:00,131.31,132.41,130.95,131.99,49461.4422
2025-11-18 02:00:00,131.99,134.69,130.46,132.42,145286.5175
2025-11-18 03:00:00,132.42,135.23,131.44,134.51,153740.8266
2025-11-18 04:00:00,134.51,136.14,132.52,135.53,150735.4739
2025-11-18 05:00:00,135.53,136.71,134.93,135.94,110317.5168
2025-11-18 06:00:00,135.94,137.09,135.02,135.69,115511.2496
2025-11-18 07:00:00,135.69,137.82,135.01,136.92,120853.8306
2025-11-18 08:00:00,136.92,138.27,136.92,137.75,83108.6849
2025-11-18 09:00:00,137.75,138.18,136.46,137.85,42573.4499
2025-11-18 10:00:00,137.85,139.12,137.6,137.99,47464.2266
2025-11-18 11:00:00,137.99,138.22,137.28,137.86,23644.3728
2025-11-18 12:00:00,137.86,138.6,137.0,138.25,41767.2891
2025-11-18 13:00:00,138.25,138.4,136.84,138.29,46977.4622
2025-11-18 14:00:00,138.29,139.89,137.52,137.52,107178.3828
2025-11-18 15:00:00,137.52,142.14,137.21,139.72,183738.459
2025-11-18 16:00:00,139.72,141.97,138.79,141.09,112034.3159
2025-11-18 17:00:00,141.09,141.19,139.32,140.06,78995.5058
2025-11-18 18:00:00,140.06,141.83,140.01,141.47,50658.8434
2025-11-18 19:00:00,141.47,142.14,140.91,141.44,41109.8819
2025-11-18 20:00:00,141.44,142.11,141.12,141.13,40014.1416
2025-11-18 21:00:00,141.13,141.58,139.6,139.76,37285.2588
2025-11-18 22:00:00,139.76,141.84,139.71,141.43,27095.0071
2025-11-18 23:00:00,141.43,141.6,140.45,140.69,18397.9038
2025-11-19 00:00:00,140.69,141.62,139.29,141.14,50220.0332
2025-11-19 01:00:00,141.14,141.79,139.81,140.37,44555.9293
2025-11-19 02:00:00,140.37,142.82,140.04,142.19,45394.3381
2025-11-19 03:00:00,142.19,142.46,139.44,139.79,70509.8322
2025-11-19 04:00:00,139.79,140.23,138.41,138.67,58130.9357
2025-11-19 05:00:00,138.67,139.13,137.11,138.0,65361.9204
2025-11-19 06:00:00,138.0,139.33,137.59,139.05,53289.1054
2025-11-19 07:00:00,139.05,141.11,138.95,140.59,37990.617
2025-11-19 08:00:00,140.59,141.02,139.79,140.19,32214.2839
2025-11-19 09:00:00,140.19,140.19,139.0,139.72,32718.511
2025-11-19 10:00:00,139.72,140.33,139.24,139.56,25452.4866
2025-11-19 11:00:00,139.56,139.84,138.38,138.59,30994.5171
2025-11-19 12:00:00,138.59,139.22,138.19,138.95,22562.5905
2025-11-19 13:00:00,138.95,138.97,136.69,136.75,43980.758
2025-11-19 14:00:00,136.75,137.83,136.0,137.2,125859.8518
2025-11-19 15:00:00,137.2,139.07,134.4,134.6,197599.6955
2025-11-19 16:00:00,134.6,135.44,132.85,133.37,103543.7942
2025-11-19 17:00:00,133.37,133.81,131.34,132.2,83372.0456
2025-11-19 18:00:00,132.2,132.51,130.54,131.49,85286.646
2025-11-19 19:00:00,131.49,132.1,130.81,131.74,74385.9999
2025-11-19 20:00:00,131.74,133.55,131.35,133.19,75778.3635
2025-11-19 21:00:00,133.19,135.97,132.73,135.44,149345.5806
2025-11-19 22:00:00,135.44,135.71,134.22,135.57,60481.2267
2025-11-19 23:00:00,135.57,137.05,135.39,137.04,64580.2126
2025-11-20 00:00:00,137.04,138.14,136.37,137.7,66283.2168
2025-11-20 01:00:00,137.7,139.84,137.45,139.69,61539.2672
2025-11-20 02:00:00,139.69,144.24,139.38,143.65,182712.452
2025-11-20 03:00:00,143.65,144.45,142.94,143.19,74619.8458
2025-11-20 04:00:00,143.19,144.76,142.37,144.65,59703.0636
2025-11-20 05:00:00,144.65,144.8,143.62,144.11,36928.3816
2025-11-20 06:00:00,144.11,144.34,142.21,142.84,56284.9499
2025-11-20 07:00:00,142.84,143.91,142.73,143.81,38268.0618
2025-11-20 08:00:00,143.81,143.97,142.95,143.41,25572.6298
2025-11-20 09:00:00,143.41,143.43,141.4,142.04,55794.9412
2025-11-20 10:00:00,142.04,142.33,141.12,142.25,21461.8839
2025-11-20 11:00:00,142.25,142.51,141.54,142.1,22681.003
2025-11-20 12:00:00,142.1,142.39,141.37,142.02,22342.4984
2025-11-20 13:00:00,142.02,143.38,140.53,140.72,78946.9598
2025-11-20 14:00:00,140.72,141.56,138.99,140.93,115647.3558
2025-11-20 15:00:00,140.93,141.1,138.34,138.56,70002.4761
2025-11-20 16:00:00,138.56,138.74,131.58,132.64,307476.45
2025-11-20 17:00:00,132.64,133.13,131.15,132.8,149094.8236
2025-11-20 18:00:00,132.8,134.58,132.0,132.56,131314.6867
2025-11-20 19:00:00,132.56,134.44,131.64,133.92,100625.3762
2025-11-20 20:00:00,133.92,134.68,132.64,133.69,87448.589
2025-11-20 21:00:00,133.69,135.28,133.55,134.13,69998.6474
2025-11-20 22:00:00,134.13,136.65,133.93,136.43,54710.3185
2025-11-20 23:00:00,136.43,136.53,133.29,133.65,58851.4884
2025-11-21 00:00:00,133.65,135.08,133.61,134.19,48752.6838
2025-11-21 01:00:00,134.19,135.05,133.62,134.25,38416.2914
2025-11-21 02:00:00,134.25,134.67,131.07,131.39,90799.7026
2025-11-21 03:00:00,131.39,133.63,131.36,132.62,59735.0814
2025-11-21 04:00:00,132.62,133.07,130.47,132.65,82904.7193
2025-11-21 05:00:00,132.65,133.09,131.59,132.1,40297.3795
2025-11-21 06:00:00,132.1,132.35,130.52,130.85,51545.8988
2025-11-21 07:00:00,130.85,131.38,121.78,127.54,361214.1573
2025-11-21 08:00:00,127.54,129.43,126.85,128.08,105335.7375
2025-11-21 09:00:00,128.08,128.93,125.44,125.51,91316.0152
2025-11-21 10:00:00,125.51,126.59,124.84,125.1,116237.6496
2025-11-21 11:00:00,125.1,126.37,123.79,124.33,83075.1146
2025-11-21 12:00:00,124.33,127.26,121.63,126.25,239503.0691
2025-11-21 13:00:00,126.25,128.31,125.58,127.2,181180.4446
2025-11-21 14:00:00,127.2,129.68,126.2,128.6,185467.1078
2025-11-21 15:00:00,128.6,128.97,124.78,125.4,162264.8715
2025-11-21 16:00:00,125.4,128.83,123.57,128.66,161721.6173
2025-11-21 17:00:00,128.66,130.63,128.37,129.24,129366.1873
2025-11-21 18:00:00,129.24,130.41,126.54,129.55,121981.1302
2025-11-21 19:00:00,129.55,129.9,127.56,128.15,70160.6332
2025-11-21 20:00:00,128.15,128.4,125.98,127.18,64505.8613
2025-11-21 21:00:00,127.18,129.31,126.69,128.87,59992.5614
2025-11-21 22:00:00,128.87,129.36,125.45,125.5,38119.5263
2025-11-21 23:00:00,125.5,128.86,125.12,128.67,67349.8552
2025-11-22 00:00:00,128.67,129.42,127.98,128.46,44973.7398
2025-11-22 01:00:00,128.46,129.94,128.38,129.48,33451.4446
2025-11-22 02:00:00,129.48,129.63,127.28,128.06,33804.1367
2025-11-22 03:00:00,128.06,128.43,126.82,127.14,26691.2687
2025-11-22 04:00:00,127.14,127.42,125.67,127.0,38267.8977
2025-11-22 05:00:00,127.0,127.3,125.39,126.24,38632.2927
2025-11-22 06:00:00,126.24,128.29,125.35,128.05,44373.9545
2025-11-22 07:00:00,128.05,128.38,127.36,127.72,24203.8797
2025-11-22 08:00:00,127.72,127.75,125.49,125.91,37239.9819
2025-11-22 09:00:00,125.91,127.55,125.67,126.47,30711.2352
2025-11-22 10:00:00,126.47,127.2,125.55,125.92,29957.684
2025-11-22 11:00:00,125.92,127.48,125.33,126.69,34608.7773
2025-11-22 12:00:00,126.69,126.74,125.23,125.83,28690.4273
2025-11-22 13:00:00,125.83,126.43,125.11,125.63,31619.4838
2025-11-22 14:00:00,125.63,127.5,125.52,127.13,48855.9158
2025-11-22 15:00:00,127.13,127.79,126.15,127.14,36578.4398
2025-11-22 16:00:00,127.14,128.61,126.87,128.22,33568.4347
2025-11-22 17:00:00,128.22,128.45,127.3,127.6,37433.6159
2025-11-22 18:00:00,127.6,128.08,127.41,127.76,16150.5932
2025-11-22 19:00:00,127.76,128.09,126.8,127.2,16837.7674
2025-11-22 20:00:00,127.2,127.65,126.12,126.46,19367.8786
2025-11-22 21:00:00,126.46,126.87,126.13,126.64,13625.6819
2025-11-22 22:00:00,126.64,128.92,126.22,128.24,22198.5316
2025-11-22 23:00:00,128.24,128.48,127.3,127.6,18198.2085
2025-11-23 00:00:00,127.6,128.66,127.55,128.02,14698.2471
2025-11-23 01:00:00,128.02,129.85,127.88,129.45,30338.0127
2025-11-23 02:00:00,129.45,130.81,129.1,130.05,54753.2727
2025-11-23 03:00:00,130.05,130.43,129.38,129.95,31551.1109
2025-11-23 04:00:00,129.95,131.89,129.94,130.73,62631.2982
2025-11-23 05:00:00,130.73,130.93,130.2,130.52,27885.7414
2025-11-23 06:00:00,130.52,130.9,129.16,129.33,30720.8576
2025-11-23 07:00:00,129.33,129.43,128.12,128.87,59390.8422
2025-11-23 08:00:00,128.87,129.78,128.82,129.67,36925.9302
2025-11-23 09:00:00,129.67,130.9,129.45,130.08,51943.6137
2025-11-23 10:00:00,130.08,130.2,129.4,129.95,27305.8549
2025-11-23 11:00:00,129.95,129.99,129.0,129.76,23036.7119
2025-11-23 12:00:00,129.76,131.7,129.66,130.85,56024.4683
2025-11-23 13:00:00,130.85,131.7,130.34,131.58,31926.9708
2025-11-23 14:00:00,131.58,132.74,130.5,130.76,54323.1662
2025-11-23 15:00:00,130.76,133.1,130.42,132.87,47663.7564
2025-11-23 16:00:00,132.87,133.44,131.74,131.78,43670.4571
2025-11-23 17:00:00,131.78,131.9,130.83,131.37,37338.792
2025-11-23 18:00:00,131.37,132.92,131.36,132.21,28983.2842
2025-11-23 19:00:00,132.21,133.09,131.96,132.37,25385.2689
2025-11-23 20:00:00,132.37,132.85,132.08,132.62,18692.2622
2025-11-23 21:00:00,132.62,133.53,131.51,133.14,57675.1003
2025-11-23 22:00:00,133.14,133.33,132.27,132.66,26139.609
2025-11-23 23:00:00,132.66,132.86,130.5,130.58,51089.054
2025-11-24 00:00:00,130.58,132.08,129.31,130.8,56643.6272
2025-11-24 01:00:00,130.8,131.75,129.98,131.5,45470.5856
2025-11-24 02:00:00,131.5,134.39,131.39,133.4,68665.1239
2025-11-24 03:00:00,133.4,134.42,132.84,133.43,39733.2948
2025-11-24 04:00:00,133.43,133.55,130.63,131.39,49322.1107
2025-11-24 05:00:00,131.39,133.92,131.23,132.95,46009.3676
2025-11-24 06:00:00,132.95,133.03,130.68,131.16,59226.2213
2025-11-24 07:00:00,131.16,131.42,130.21,130.32,46584.9407
2025-11-24 08:00:00,130.32,130.74,129.65,130.57,61119.1639
2025-11-24 09:00:00,130.57,130.67,128.45,128.88,67321.1878
2025-11-24 10:00:00,128.88,129.45,128.76,129.25,27639.2078
2025-11-24 11:00:00,129.25,129.93,128.79,129.62,24093.8437
2025-11-24 12:00:00,129.62,130.02,129.01,129.53,24731.1599
2025-11-24 13:00:00,129.53,130.61,129.4,129.75,33104.3812
2025-11-24 14:00:00,129.75,131.59,128.53,130.76,86107.2195
2025-11-24 15:00:00,130.76,132.62,130.04,131.97,89537.2306
2025-11-24 16:00:00,131.97,134.45,131.84,133.71,132672.2263
2025-11-24 17:00:00,133.71,137.19,133.55,136.9,132275.6861
2025-11-24 18:00:00,136.9,138.0,136.48,137.4,98167.5012
2025-11-24 19:00:00,137.4,137.83,136.67,137.25,48125.5394
2025-11-24 20:00:00,137.25,139.34,137.25,138.99,97923.4173
2025-11-24 21:00:00,138.99,139.17,138.03,138.99,53771.8638
2025-11-24 22:00:00,138.99,139.85,138.45,139.04,46400.1602
2025-11-24 23:00:00,139.04,139.2,138.19,138.44,29328.9873
2025-11-25 00:00:00,138.44,138.98,137.63,138.44,37364.42
2025-11-25 01:00:00,138.44,138.98,137.76,137.82,21677.5437
2025-11-25 02:00:00,137.82,138.39,137.24,138.17,25901.3395
2025-11-25 03:00:00,138.17,138.66,137.29,137.79,14722.3293
2025-11-25 04:00:00,137.79,138.97,137.73,138.55,18904.2971
2025-11-25 05:00:00,138.55,138.8,137.87,138.6,15101.004
2025-11-25 06:00:00,138.6,138.64,137.41,138.17,26770.344
2025-11-25 07:00:00,138.17,138.2,136.3,136.36,28879.7234
2025-11-25 08:00:00,136.36,136.7,135.17,135.45,49497.7139
2025-11-25 09:00:00,135.45,136.34,134.75,136.3,62527.0385
2025-11-25 10:00:00,136.3,136.83,135.87,136.62,26893.1933
2025-11-25 11:00:00,136.62,136.73,135.93,136.28,38246.5835
2025-11-25 12:00:00,136.28,136.96,135.63,136.29,86623.3496
2025-11-25 13:00:00,136.29,136.95,135.15,135.47,82378.0159
2025-11-25 14:00:00,135.47,136.23,133.13,134.69,92165.9853
2025-11-25 15:00:00,134.69,135.51,133.46,134.85,93379.232
2025-11-25 16:00:00,134.85,137.09,134.54,136.09,43700.1544
2025-11-25 17:00:00,136.09,138.02,135.75,136.95,54775.2475
2025-11-25 18:00:00,136.95,137.69,136.3,136.33,50469.4368
2025-11-25 19:00:00,136.33,136.73,134.22,136.7,50795.9696
2025-11-25 20:00:00,136.7,138.01,136.26,137.76,42544.5091
2025-11-25 21:00:00,137.76,138.12,136.98,137.16,29890.0209
2025-11-25 22:00:00,137.16,139.57,135.98,138.98,46229.1236
2025-11-25 23:00:00,138.98,140.54,138.56,138.97,58080.8583
2025-11-26 00:00:00,138.97,139.88,138.8,139.05,49553.517
2025-11-26 01:00:00,139.05,140.69,138.6,140.04,42592.4582
2025-11-26 02:00:00,140.04,140.26,139.08,139.27,24639.7567
2025-11-26 03:00:00,139.27,139.79,137.95,138.16,36859.9416
2025-11-26 04:00:00,138.16,138.56,137.76,138.05,25006.0849
2025-11-26 05:00:00,138.05,139.31,137.99,139.03,22505.3625
2025-11-26 06:00:00,139.03,139.79,138.42,139.57,33787.6924
2025-11-26 07:00:00,139.57,139.96,139.12,139.91,33146.6896
2025-11-26 08:00:00,139.91,139.93,137.93,137.94,34176.6657
2025-11-26 09:00:00,137.94,138.14,136.23,136.72,64452.6758
2025-11-26 10:00:00,136.72,137.45,136.56,137.28,36256.6094
2025-11-26 11:00:00,137.28,137.38,136.6,136.86,19311.9644
2025-11-26 12:00:00,136.86,137.12,135.57,135.64,42530.8886
2025-11-26 13:00:00,135.64,136.9,135.5,136.73,47024.0802
2025-11-26 14:00:00,136.73,138.3,135.7,136.32,124763.129
2025-11-26 15:00:00,136.32,137.44,135.78,136.66,74279.1927
2025-11-26 16:00:00,136.66,138.12,136.46,137.08,47385.3838
2025-11-26 17:00:00,137.08,141.0,136.75,140.75,96366.7005
2025-11-26 18:00:00,140.75,144.72,140.68,144.64,174975.2674
2025-11-26 19:00:00,144.64,144.75,143.68,143.98,68612.5413
2025-11-26 20:00:00,143.98,144.02,142.53,142.91,56861.2775
2025-11-26 21:00:00,142.91,144.24,142.86,143.53,39569.1684
2025-11-26 22:00:00,143.53,144.11,142.8,143.09,29903.7283
2025-11-26 23:00:00,143.09,143.46,142.53,143.03,16133.0041
2025-11-27 00:00:00,143.03,143.75,142.24,142.83,31410.1383
2025-11-27 01:00:00,142.83,143.71,142.08,143.32,30649.5151
2025-11-27 02:00:00,143.32,144.14,142.79,143.0,42032.6599
2025-11-27 03:00:00,143.0,143.72,142.35,142.52,29554.0993
2025-11-27 04:00:00,142.52,143.04,142.33,142.86,27512.7627
2025-11-27 05:00:00,142.86,143.49,142.55,142.77,18995.7353
2025-11-27 06:00:00,142.77,144.12,142.76,143.95,29357.3505
2025-11-27 07:00:00,143.95,144.27,143.58,143.74,20980.6645
2025-11-27 08:00:00,143.74,143.88,142.13,142.58,36813.1184
2025-11-27 09:00:00,142.58,143.04,141.66,141.74,44008.6011
2025-11-27 10:00:00,141.74,142.33,141.51,142.29,42532.9128
2025-11-27 11:00:00,142.29,142.32,141.66,142.05,20509.0244
2025-11-27 12:00:00,142.05,142.18,141.02,141.12,29758.6589
2025-11-27 13:00:00,141.12,141.52,140.67,141.25,35526.7139
2025-11-27 14:00:00,141.25,141.81,140.86,141.27,24308.7584
2025-11-27 15:00:00,141.27,142.55,141.07,142.16,30802.1723
2025-11-27 16:00:00,142.16,142.48,141.62,142.18,31034.7215
2025-11-27 17:00:00,142.18,142.27,141.43,141.62,23435.6218
2025-11-27 18:00:00,141.62,143.14,141.53,142.93,31361.0094
2025-11-27 19:00:00,142.93,142.93,142.24,142.71,12738.556
2025-11-27 20:00:00,142.71,142.91,142.41,142.48,17416.3861
2025-11-27 21:00:00,142.48,142.54,141.78,141.93,25155.8064
2025-11-27 22:00:00,141.93,142.04,140.51,140.8,33526.3231
2025-11-27 23:00:00,140.8,141.46,140.46,140.84,21874.353
2025-11-28 00:00:00,140.84,141.46,140.51,140.98,24828.1874
2025-11-28 01:00:00,140.98,141.04,138.83,139.04,61043.3201
2025-11-28 02:00:00,139.04,139.62,138.59,139.48,27583.3427
2025-11-28 03:00:00,139.48,139.75,139.17,139.67,23379.9346
2025-11-28 04:00:00,139.67,140.25,139.54,140.06,17918.4626
2025-11-28 05:00:00,140.06,140.55,139.84,140.36,25551.3779
2025-11-28 06:00:00,140.36,140.36,139.18,139.46,35900.0083
2025-11-28 07:00:00,139.46,140.04,138.96,138.98,28650.8988
2025-11-28 08:00:00,138.98,141.63,138.95,141.47,56717.4023
2025-11-28 09:00:00,141.47,142.63,141.02,141.67,65211.4933
2025-11-28 10:00:00,141.67,142.36,141.57,142.07,26625.7686
2025-11-28 11:00:00,142.07,142.07,139.95,140.98,47677.9144
2025-11-28 12:00:00,140.98,141.54,140.74,140.79,30481.1629
2025-11-28 13:00:00,140.79,143.42,140.41,142.52,61172.5239
2025-11-28 14:00:00,142.52,143.54,141.74,142.57,91154.6426
2025-11-28 15:00:00,142.57,143.61,141.34,141.64,86423.7435
2025-11-28 16:00:00,141.64,141.67,138.75,138.8,68591.6378
2025-11-28 17:00:00,138.8,138.84,136.78,137.16,127852.4082
2025-11-28 18:00:00,137.16,137.55,136.02,137.18,55755.1871
2025-11-28 19:00:00,137.18,137.97,137.06,137.51,31235.9515
2025-11-28 20:00:00,137.51,137.98,136.93,137.89,23264.1704
2025-11-28 21:00:00,137.89,138.03,137.25,137.38,23112.945
2025-11-28 22:00:00,137.38,137.87,136.61,137.8,44018.2476
2025-11-28 23:00:00,137.8,138.28,137.27,137.34,17680.672
2025-11-29 00:00:00,137.34,137.89,137.14,137.65,9455.6691
2025-11-29 01:00:00,137.65,137.83,137.26,137.42,12178.1859
2025-11-29 02:00:00,137.42,137.72,136.9,137.21,14062.6496
2025-11-29 03:00:00,137.21,137.42,136.76,136.83,11283.0357
2025-11-29 04:00:00,136.83,137.75,136.83,137.66,16857.6976
2025-11-29 05:00:00,137.66,137.67,137.14,137.22,9422.933
2025-11-29 06:00:00,137.22,137.62,136.26,137.1,33449.5534
2025-11-29 07:00:00,137.1,137.55,136.94,137.29,17513.6527
2025-11-29 08:00:00,137.29,137.49,136.7,136.99,23622.9592
2025-11-29 09:00:00,136.99,137.14,136.62,136.69,16757.6373
2025-11-29 10:00:00,136.69,137.02,136.42,136.85,27536.33
2025-11-29 11:00:00,136.85,137.38,136.68,137.34,14516.7089
2025-11-29 12:00:00,137.34,137.47,136.87,136.94,7313.2899
2025-11-29 13:00:00,136.94,137.08,136.66,136.9,14144.3654
2025-11-29 14:00:00,136.9,136.91,136.48,136.53,14460.926
2025-11-29 15:00:00,136.53,137.66,136.53,137.56,28767.1848
2025-11-29 16:00:00,137.56,137.83,137.04,137.67,23757.3419
2025-11-29 17:00:00,137.67,138.05,136.15,136.21,33326.0373
2025-11-29 18:00:00,136.21,136.38,134.84,135.69,80414.4077
2025-11-29 19:00:00,135.69,136.24,135.43,135.7,25196.4767
2025-11-29 20:00:00,135.7,136.33,135.34,136.24,18912.3664
2025-11-29 21:00:00,136.24,136.53,135.75,136.47,18287.8971
2025-11-29 22:00:00,136.47,136.47,135.43,135.83,24151.029
2025-11-29 23:00:00,135.83,136.22,135.52,135.93,10797.4697
2025-11-30 00:00:00,135.93,136.46,135.74,135.97,10080.7006
2025-11-30 01:00:00,135.97,136.61,135.88,136.31,8037.4361
2025-11-30 02:00:00,136.31,136.8,135.87,135.95,13878.9461
2025-11-30 03:00:00,135.95,136.5,135.25,136.39,19986.0544
2025-11-30 04:00:00,136.39,136.93,136.22,136.35,17289.0031
2025-11-30 05:00:00,136.35,136.35,135.57,135.77,11457.7394
2025-11-30 06:00:00,135.77,136.49,135.53,136.31,12546.3698
2025-11-30 07:00:00,136.31,136.71,136.19,136.52,8399.7886
2025-11-30 08:00:00,136.52,137.07,136.12,136.79,20095.541
2025-11-30 09:00:00,136.79,137.1,136.46,136.8,15487.8164
2025-11-30 10:00:00,136.8,136.96,136.53,136.69,13252.0782
2025-11-30 11:00:00,136.69,136.9,136.24,136.44,13987.3976
2025-11-30 12:00:00,136.44,137.71,136.19,137.57,25998.8285
2025-11-30 13:00:00,137.57,140.16,137.34,139.26,107555.5511
2025-11-30 14:00:00,139.26,139.5,138.16,138.52,47834.4129
2025-11-30 15:00:00,138.52,138.55,137.52,138.35,30307.0909
2025-11-30 16:00:00,138.35,139.84,138.31,139.53,50129.2102
2025-11-30 17:00:00,139.53,139.53,138.36,138.46,40218.9329
2025-11-30 18:00:00,138.46,138.66,137.85,138.63,33379.3691
2025-11-30 19:00:00,138.63,138.7,137.42,137.65,60542.4108
2025-11-30 20:00:00,137.65,137.95,136.9,137.3,65206.0804
2025-11-30 21:00:00,137.3,137.41,136.61,137.04,43331.6657
2025-11-30 22:00:00,137.04,137.88,136.99,137.73,15221.7118
2025-11-30 23:00:00,137.73,137.78,133.29,133.51,134296.1663
2025-12-01 00:00:00,133.51,133.76,127.53,127.57,314999.9335
2025-12-01 01:00:00,127.57,129.32,127.49,127.96,80611.2595
2025-12-01 02:00:00,127.96,128.65,127.47,127.57,73050.3688
2025-12-01 03:00:00,127.57,127.58,126.52,126.97,58997.4833
2025-12-01 04:00:00,126.97,127.04,126.18,126.36,53404.4609
2025-12-01 05:00:00,126.36,126.57,125.81,126.1,83543.9742
2025-12-01 06:00:00,126.1,126.85,126.0,126.69,51580.3945
2025-12-01 07:00:00,126.69,127.46,126.31,127.41,60221.1032
2025-12-01 08:00:00,127.41,127.81,126.99,127.73,28758.2413
2025-12-01 09:00:00,127.73,128.01,126.89,127.01,36359.47
2025-12-01 10:00:00,127.01,127.56,126.96,127.25,17209.6863
2025-12-01 11:00:00,127.25,127.38,126.89,127.13,19024.1421
2025-12-01 12:00:00,127.13,127.19,125.43,126.59,88212.9219
2025-12-01 13:00:00,126.59,127.73,126.15,126.49,61070.676
2025-12-01 14:00:00,126.49,127.09,125.56,126.12,63183.2139
2025-12-01 15:00:00,126.12,126.33,123.12,125.1,180533.4895
2025-12-01 16:00:00,125.1,125.35,123.39,123.54,89239.992
2025-12-01 17:00:00,123.54,125.0,123.52,124.47,47349.8551
2025-12-01 18:00:00,124.47,125.31,123.76,124.52,66921.9052
2025-12-01 19:00:00,124.52,124.61,123.27,123.85,49763.7659
2025-12-01 20:00:00,123.85,125.36,123.81,124.44,58695.4618
2025-12-01 21:00:00,124.44,126.25,124.22,126.09,88218.1665
2025-12-01 22:00:00,126.09,127.43,125.82,126.81,53251.2873
2025-12-01 23:00:00,126.81,127.38,126.53,126.66,37537.0757
2025-12-02 00:00:00,126.66,127.56,126.45,127.35,28727.4191
2025-12-02 01:00:00,127.35,128.54,126.8,127.0,39667.0727
2025-12-02 02:00:00,127.0,128.13,126.6,126.96,30263.3061
2025-12-02 03:00:00,126.96,127.69,126.02,127.27,34369.171
2025-12-02 04:00:00,127.27,127.84,126.88,126.91,21758.3719
2025-12-02 05:00:00,126.91,127.1,126.48,126.72,25053.9116
2025-12-02 06:00:00,126.72,127.85,126.44,127.68,28824.7066
2025-12-02 07:00:00,127.68,127.72,126.99,127.28,20956.3131
2025-12-02 08:00:00,127.28,127.32,126.0,126.15,34609.6303
2025-12-02 09:00:00,126.15,127.2,126.12,126.75,28745.8648
2025-12-02 10:00:00,126.75,128.84,126.7,128.3,40836.067
2025-12-02 11:00:00,128.3,128.52,127.83,128.32,34099.1561
2025-12-02 12:00:00,128.32,129.03,128.2,128.87,34542.4717
2025-12-02 13:00:00,128.87,131.02,128.45,130.6,114749.0645
2025-12-02 14:00:00,130.6,133.45,130.38,132.98,132337.0415
2025-12-02 15:00:00,132.98,139.68,132.94,137.85,336675.3708
2025-12-02 16:00:00,137.85,139.72,137.39,139.37,177768.5805
2025-12-02 17:00:00,139.37,140.9,139.27,139.48,125978.4546
2025-12-02 18:00:00,139.48,140.3,139.39,139.85,62465.4365
2025-12-02 19:00:00,139.85,140.64,139.78,140.25,44321.5483
2025-12-02 20:00:00,140.25,140.39,138.23,138.77,77138.6323
2025-12-02 21:00:00,138.77,139.3,138.39,139.12,27682.9429
2025-12-02 22:00:00,139.12,140.01,138.88,139.93,53282.7668
2025-12-02 23:00:00,139.93,139.94,138.41,138.69,27992.4827
2025-12-03 00:00:00,138.69,138.96,137.76,138.17,37921.5888
2025-12-03 01:00:00,138.17,139.22,137.9,138.88,32216.0811
2025-12-03 02:00:00,138.88,140.32,138.8,140.05,63561.2698
2025-12-03 03:00:00,140.05,140.64,139.8,140.36,39596.4169
2025-12-03 04:00:00,140.36,142.51,140.21,142.28,111078.8617
2025-12-03 05:00:00,142.28,143.4,142.16,143.06,107700.6345
2025-12-03 06:00:00,143.06,144.28,142.39,142.46,92996.8683
2025-12-03 07:00:00,142.46,142.57,141.82,141.87,46940.6249
2025-12-03 08:00:00,141.87,142.67,141.47,142.16,26763.7683
2025-12-03 09:00:00,142.16,142.46,141.54,142.12,31248.8316
2025-12-03 10:00:00,142.12,142.28,141.18,141.3,28531.4968
2025-12-03 11:00:00,141.3,141.81,140.76,141.74,57780.2272
2025-12-03 12:00:00,141.74,142.55,141.12,141.93,52116.5076
2025-12-03 13:00:00,141.93,142.47,141.49,141.87,61705.8197
2025-12-03 14:00:00,141.87,143.52,138.79,140.93,241680.3687
2025-12-03 15:00:00,140.93,142.1,140.16,141.0,82162.0369
2025-12-03 16:00:00,141.0,141.85,139.92,140.71,75070.7755
2025-12-03 17:00:00,140.71,142.09,140.47,141.81,54110.7313
2025-12-03 18:00:00,141.81,142.34,140.7,141.18,78641.0996
2025-12-03 19:00:00,141.18,141.6,141.03,141.26,40319.5015
2025-12-03 20:00:00,141.26,142.26,140.73,141.69,35048.8097
2025-12-03 21:00:00,141.69,146.17,141.61,145.55,106594.7805
2025-12-03 22:00:00,145.55,145.95,143.09,144.53,120620.7073
2025-12-03 23:00:00,144.53,145.62,144.48,144.68,64024.8045
2025-12-04 00:00:00,144.68,145.38,143.67,145.01,34716.2339
2025-12-04 01:00:00,145.01,146.91,144.13,144.17,43381.1763
2025-12-04 02:00:00,144.17,146.11,144.0,145.6,22467.0614
2025-12-04 03:00:00,145.6,145.65,144.33,144.66,16252.823
2025-12-04 04:00:00,144.66,144.91,143.75,144.18,11064.0104
2025-12-04 05:00:00,144.18,144.24,142.96,143.25,25320.9187
2025-12-04 06:00:00,143.25,144.28,143.1,143.97,37443.4415
2025-12-04 07:00:00,143.97,144.02,142.64,143.44,42319.9496
2025-12-04 08:00:00,143.44,144.05,142.73,142.88,19139.2037
2025-12-04 09:00:00,142.88,144.19,142.87,143.9,33090.8046
2025-12-04 10:00:00,143.9,144.18,143.29,143.34,15524.6253
2025-12-04 11:00:00,143.34,143.48,142.68,143.04,26977.4241
2025-12-04 12:00:00,143.04,143.48,142.36,142.87,23393.1738
2025-12-04 13:00:00,142.87,143.17,141.81,142.22,42166.4115
2025-12-04 14:00:00,142.22,143.34,141.43,141.83,43454.257
2025-12-04 15:00:00,141.83,144.24,141.79,143.21,52092.0645
2025-12-04 16:00:00,143.21,143.83,142.26,142.62,53490.3325
2025-12-04 17:00:00,142.62,142.8,141.14,142.14,36817.4183
2025-12-04 18:00:00,142.14,142.23,140.33,140.75,57245.5199
2025-12-04 19:00:00,140.75,140.87,137.82,139.69,126665.1545
2025-12-04 20:00:00,139.69,140.51,139.19,140.37,59696.6172
2025-12-04 21:00:00,140.37,140.42,138.55,138.71,41590.1832
2025-12-04 22:00:00,138.71,139.79,138.71,139.37,52722.4934
2025-12-04 23:00:00,139.37,139.4,138.7,139.02,19881.0913
2025-12-05 00:00:00,139.02,139.72,138.9,139.26,38692.5275
2025-12-05 01:00:00,139.26,140.2,139.15,139.82,37973.2441
2025-12-05 02:00:00,139.82,140.16,139.25,139.8,22725.1036
2025-12-05 03:00:00,139.8,140.17,138.31,138.57,35269.8533
2025-12-05 04:00:00,138.57,139.15,138.07,138.52,22668.0262
2025-12-05 05:00:00,138.52,138.75,137.76,138.07,20024.8991
2025-12-05 06:00:00,138.07,139.0,138.04,138.9,13510.967
2025-12-05 07:00:00,138.9,140.72,138.77,139.69,50815.9676
2025-12-05 08:00:00,139.69,139.69,137.81,138.19,53201.1534
2025-12-05 09:00:00,138.19,138.27,136.27,136.34,89650.2382
2025-12-05 10:00:00,136.34,137.97,136.12,137.71,63867.6565
2025-12-05 11:00:00,137.71,138.08,136.87,137.02,24770.221
2025-12-05 12:00:00,137.02,137.14,136.42,136.67,38584.1144
2025-12-05 13:00:00,136.67,137.07,135.79,135.97,56087.2955
2025-12-05 14:00:00,135.97,136.31,134.41,134.73,98734.9513
2025-12-05 15:00:00,134.73,137.17,134.64,135.04,179845.4499
2025-12-05 16:00:00,135.04,135.2,131.15,132.2,166561.1249
2025-12-05 17:00:00,132.2,132.73,131.11,132.17,93716.0155
2025-12-05 18:00:00,132.17,133.03,131.17,131.35,79021.7086
2025-12-05 19:00:00,131.35,132.95,130.79,132.49,64592.6673
2025-12-05 20:00:00,132.49,132.89,131.96,132.55,27514.3772
2025-12-05 21:00:00,132.55,133.12,131.98,132.39,41919.3227
2025-12-05 22:00:00,132.39,132.84,132.1,132.72,17884.8406
2025-12-05 23:00:00,132.72,133.36,132.27,133.29,11705.159
2025-12-06 00:00:00,133.29,133.71,132.81,133.48,24749.5573
2025-12-06 01:00:00,133.48,133.83,133.22,133.5,10846.3714
2025-12-06 02:00:00,133.5,133.51,132.87,133.43,16368.2169
2025-12-06 03:00:00,133.43,134.12,133.32,133.73,13646.8031
2025-12-06 04:00:00,133.73,133.76,132.98,133.21,14330.163
2025-12-06 05:00:00,133.21,133.42,132.9,133.07,11563.3797
2025-12-06 06:00:00,133.07,133.24,132.8,132.97,8670.8776
2025-12-06 07:00:00,132.97,133.21,132.56,132.73,15724.4204
2025-12-06 08:00:00,132.73,132.88,131.89,132.0,18558.3592
2025-12-06 09:00:00,132.0,132.81,131.99,132.53,25351.7831
2025-12-06 10:00:00,132.53,133.01,132.41,132.72,9720.8171
2025-12-06 11:00:00,132.72,133.28,132.69,133.22,7694.048
2025-12-06 12:00:00,133.22,133.22,132.63,132.65,8208.6364
2025-12-06 13:00:00,132.65,133.28,132.6,132.97,7503.4243
2025-12-06 14:00:00,132.97,133.99,132.83,133.74,41617.8436
2025-12-06 15:00:00,133.74,133.8,132.23,132.88,47852.5964
2025-12-06 16:00:00,132.88,133.54,132.79,133.08,31273.6378
2025-12-06 17:00:00,133.08,133.38,132.69,132.96,11789.3522
2025-12-06 18:00:00,132.96,133.2,132.61,132.81,12665.6017
2025-12-06 19:00:00,132.81,132.98,131.76,132.06,48503.8205
2025-12-06 20:00:00,132.06,132.59,132.05,132.49,15912.3852
2025-12-06 21:00:00,132.49,132.92,132.21,132.38,29418.1048
2025-12-06 22:00:00,132.38,132.6,131.78,132.14,46877.3502
2025-12-06 23:00:00,132.14,132.34,131.29,132.18,66006.8233
2025-12-07 00:00:00,132.18,132.7,131.92,132.36,23748.9429
2025-12-07 01:00:00,132.36,132.79,132.3,132.3,7934.3357
2025-12-07 02:00:00,132.3,133.45,132.29,133.25,10225.7875
2025-12-07 03:00:00,133.25,133.57,133.01,133.48,11177.2361
2025-12-07 04:00:00,133.48,133.53,132.86,133.02,13742.7008
2025-12-07 05:00:00,133.02,133.26,132.67,132.8,13925.0033
2025-12-07 06:00:00,132.8,133.22,132.72,133.08,8892.9078
2025-12-07 07:00:00,133.08,133.13,131.92,132.1,17556.2004
2025-12-07 08:00:00,132.1,132.59,131.7,131.91,30139.6895
2025-12-07 09:00:00,131.91,132.12,131.54,131.89,25040.313
2025-12-07 10:00:00,131.89,132.54,131.7,132.28,16965.8694
2025-12-07 11:00:00,132.28,132.53,132.16,132.44,8394.0541
2025-12-07 12:00:00,132.44,133.07,132.37,132.9,16879.0358
2025-12-07 13:00:00,132.9,133.01,131.51,131.71,37440.2231
2025-12-07 14:00:00,131.71,131.83,127.72,128.16,178766.3359
2025-12-07 15:00:00,128.16,132.19,128.04,132.01,98713.809
2025-12-07 16:00:00,132.01,132.02,130.48,131.96,47460.5781
2025-12-07 17:00:00,131.96,135.53,131.29,134.8,107711.6148
2025-12-07 18:00:00,134.8,136.3,134.8,136.06,62554.698
2025-12-07 19:00:00,136.06,136.16,135.21,135.73,23409.431
2025-12-07 20:00:00,135.73,136.38,135.65,136.2,20111.597
2025-12-07 21:00:00,136.2,136.2,132.5,133.1,50761.8284
2025-12-07 22:00:00,133.1,133.1,129.78,131.25,84703.477
2025-12-07 23:00:00,131.25,132.38,130.62,132.25,35421.2293
2025-12-08 00:00:00,132.25,132.77,131.54,131.6,31577.3542
2025-12-08 01:00:00,131.6,134.47,131.51,133.33,50856.7789
2025-12-08 02:00:00,133.33,134.2,133.13,134.04,38944.5338
2025-12-08 03:00:00,134.04,134.7,133.74,134.29,22951.3487
2025-12-08 04:00:00,134.29,135.2,134.07,135.03,25644.9958
2025-12-08 05:00:00,135.03,135.41,134.58,135.19,23172.7421
2025-12-08 06:00:00,135.19,136.0,134.69,135.71,42125.7426
2025-12-08 07:00:00,135.71,136.0,134.92,135.86,65686.5408
2025-12-08 08:00:00,135.86,136.95,135.65,136.7,67042.3561
2025-12-08 09:00:00,136.7,138.9,136.67,138.15,116172.8123
2025-12-08 10:00:00,138.15,139.37,138.05,138.76,65983.9674
2025-12-08 11:00:00,138.76,139.13,138.13,138.38,65061.1905
2025-12-08 12:00:00,138.38,138.58,137.26,137.85,86237.86
2025-12-08 13:00:00,137.85,139.31,137.56,138.15,67855.6738
2025-12-08 14:00:00,138.15,139.01,136.91,137.2,87296.0413
2025-12-08 15:00:00,137.2,137.6,135.27,135.54,127965.7189
2025-12-08 16:00:00,135.54,136.54,134.87,135.61,53404.0657
2025-12-08 17:00:00,135.61,136.3,134.77,135.82,44811.7488
2025-12-08 18:00:00,135.82,136.25,133.0,133.61,80491.8251
2025-12-08 19:00:00,133.61,134.66,133.48,133.66,76585.0535
2025-12-08 20:00:00,133.66,134.89,133.41,134.09,85328.1681
2025-12-08 21:00:00,134.09,134.56,133.2,134.46,103803.1742
2025-12-08 22:00:00,134.46,134.55,133.35,133.57,58878.8091
2025-12-08 23:00:00,133.57,133.79,132.44,133.25,47350.6024
2025-12-09 00:00:00,133.25,133.59,132.55,133.03,24834.3497
2025-12-09 01:00:00,133.03,133.32,132.62,133.13,39985.5259
2025-12-09 02:00:00,133.13,133.63,132.75,132.76,33442.6635
2025-12-09 03:00:00,132.76,134.4,132.48,134.16,51266.2772
2025-12-09 04:00:00,134.16,134.26,132.34,132.64,34357.0838
2025-12-09 05:00:00,132.64,133.01,131.8,132.09,39171.3507
2025-12-09 06:00:00,132.09,132.79,131.97,132.61,20553.9628
2025-12-09 07:00:00,132.61,133.28,132.36,133.22,17788.8609
2025-12-09 08:00:00,133.22,133.42,132.65,133.13,18987.0141
2025-12-09 09:00:00,133.13,133.13,132.3,132.35,17476.2039
2025-12-09 10:00:00,132.35,132.88,132.01,132.74,20783.8601
2025-12-09 11:00:00,132.74,133.01,132.46,132.95,13978.3304
2025-12-09 12:00:00,132.95,133.57,132.73,133.1,46839.6773
2025-12-09 13:00:00,133.1,133.27,132.02,132.38,64122.7521
2025-12-09 14:00:00,132.38,132.83,131.6,132.52,64763.5871
2025-12-09 15:00:00,132.52,138.48,132.39,138.44,228979.7509
2025-12-09 16:00:00,138.44,144.68,138.43,143.69,313849.9422
2025-12-09 17:00:00,143.69,144.96,142.56,143.17,229971.7875
2025-12-09 18:00:00,143.17,143.33,141.67,142.51,104407.9208
2025-12-09 19:00:00,142.51,142.87,141.73,142.12,78159.9989
2025-12-09 20:00:00,142.12,142.34,139.66,140.16,92826.633
2025-12-09 21:00:00,140.16,140.49,136.75,137.77,75546.3013
2025-12-09 22:00:00,137.77,139.43,137.46,138.79,57469.9492
2025-12-09 23:00:00,138.79,138.8,137.68,137.87,34581.2755
2025-12-10 00:00:00,137.87,138.32,137.19,137.28,30777.1556
2025-12-10 01:00:00,137.28,138.47,137.18,137.85,57075.0311
2025-12-10 02:00:00,137.85,138.12,137.18,137.73,32947.3001
2025-12-10 03:00:00,137.73,138.59,137.54,138.14,22065.0441
2025-12-10 04:00:00,138.14,140.23,138.04,139.06,43222.3344
2025-12-10 05:00:00,139.06,139.58,138.65,139.16,19072.9977
2025-12-10 06:00:00,139.16,139.45,138.73,139.22,15288.9538
2025-12-10 07:00:00,139.22,139.25,138.38,139.2,19894.7218
2025-12-10 08:00:00,139.2,139.46,138.41,138.5,26216.2065
2025-12-10 09:00:00,138.5,139.11,138.15,138.98,24815.9633
2025-12-10 10:00:00,138.98,139.84,136.83,136.97,74110.3636
2025-12-10 11:00:00,136.97,137.52,136.35,137.21,48358.7248
2025-12-10 12:00:00,137.21,138.16,136.81,137.91,36316.4116
2025-12-10 13:00:00,137.91,138.17,137.49,137.71,32110.1875
2025-12-10 14:00:00,137.71,137.75,136.53,137.19,81623.8241
2025-12-10 15:00:00,137.19,137.66,135.71,136.16,71293.708
2025-12-10 16:00:00,136.16,137.45,135.72,136.13,85862.0238
2025-12-10 17:00:00,136.13,137.16,135.9,136.82,48023.2769
2025-12-10 18:00:00,136.82,139.52,136.4,137.71,78425.7079
2025-12-10 19:00:00,137.71,139.7,136.25,138.67,182645.7089
2025-12-10 20:00:00,138.67,142.56,137.45,138.32,206196.5413
2025-12-10 21:00:00,138.32,138.88,136.81,137.14,81248.773
2025-12-10 22:00:00,137.14,137.84,135.4,137.61,56638.1946
2025-12-10 23:00:00,137.61,137.83,136.14,136.26,50432.3744
2025-12-11 00:00:00,136.26,136.44,133.45,133.87,70364.8331
2025-12-11 01:00:00,133.87,134.19,132.66,132.89,72246.11
2025-12-11 02:00:00,132.89,132.93,130.53,130.8,117042.5774
2025-12-11 03:00:00,130.8,130.81,129.02,129.39,92998.1592
2025-12-11 04:00:00,129.39,131.52,129.04,131.03,69620.5693
2025-12-11 05:00:00,131.03,131.32,130.47,131.19,44828.8031
2025-12-11 06:00:00,131.19,131.42,130.37,131.05,48916.5145
2025-12-11 07:00:00,131.05,131.37,130.66,131.04,39122.8215
2025-12-11 08:00:00,131.04,131.14,130.16,131.1,26812.7093
2025-12-11 09:00:00,131.1,131.39,130.83,130.94,31766.9324
2025-12-11 10:00:00,130.94,131.11,130.51,130.82,24285.692
2025-12-11 11:00:00,130.82,131.23,130.77,130.92,26778.8473
2025-12-11 12:00:00,130.92,131.87,130.7,131.23,33019.3658
2025-12-11 13:00:00,131.23,131.52,130.87,131.3,32159.0029
2025-12-11 14:00:00,131.3,131.52,129.84,130.62,90601.8003
2025-12-11 15:00:00,130.62,132.8,130.3,131.15,83344.8528
2025-12-11 16:00:00,131.15,132.0,130.11,131.34,80659.2415
2025-12-11 17:00:00,131.34,132.55,130.81,132.35,51194.9214
2025-12-11 18:00:00,132.35,135.57,132.01,134.46,108563.0759
2025-12-11 19:00:00,134.46,135.47,133.6,133.89,91040.7355
2025-12-11 20:00:00,133.89,136.97,133.83,136.11,97434.2335
2025-12-11 21:00:00,136.11,137.79,136.11,137.0,122148.4545
2025-12-11 22:00:00,137.0,137.49,135.84,136.17,51104.0678
2025-12-11 23:00:00,136.17,136.77,135.69,136.42,29123.5362
2025-12-12 00:00:00,136.42,137.48,135.35,135.5,33190.6441
2025-12-12 01:00:00,135.5,137.24,135.5,136.74,23442.4516
2025-12-12 02:00:00,136.74,137.94,136.51,137.21,19906.1595
2025-12-12 03:00:00,137.21,137.46,136.58,137.07,23166.3253
2025-12-12 04:00:00,137.07,137.21,136.76,137.06,16359.6664
2025-12-12 05:00:00,137.06,138.96,136.56,138.91,84808.8776
2025-12-12 06:00:00,138.91,140.18,138.72,139.15,137293.0445
2025-12-12 07:00:00,139.15,139.45,138.8,139.1,41566.1505
2025-12-12 08:00:00,139.1,139.16,137.56,137.94,65484.1849
2025-12-12 09:00:00,137.94,138.49,137.23,138.27,37669.9795
2025-12-12 10:00:00,138.27,138.57,137.97,138.38,23787.0009
2025-12-12 11:00:00,138.38,138.79,137.87,138.73,18171.9601
2025-12-12 12:00:00,138.73,139.86,138.35,139.65,31841.8994
2025-12-12 13:00:00,139.65,139.65,138.74,138.99,35311.6353
2025-12-12 14:00:00,138.99,139.57,138.12,138.49,52264.2277
2025-12-12 15:00:00,138.49,138.51,132.85,133.49,183425.3873
2025-12-12 16:00:00,133.49,133.95,131.55,132.2,127703.0936
2025-12-12 17:00:00,132.2,133.59,131.38,132.14,92491.0718
2025-12-12 18:00:00,132.14,133.26,131.44,132.73,68857.2803
2025-12-12 19:00:00,132.73,132.84,130.34,131.25,71367.6683
2025-12-12 20:00:00,131.25,131.92,130.97,131.57,48730.3317
2025-12-12 21:00:00,131.57,132.06,131.25,131.84,33849.9135
2025-12-12 22:00:00,131.84,132.86,131.79,132.73,37734.4779
2025-12-12 23:00:00,132.73,133.05,132.19,132.27,15815.3728
2025-12-13 00:00:00,132.27,132.76,132.27,132.64,8789.6424
2025-12-13 01:00:00,132.64,133.0,132.38,132.67,13914.0877
2025-12-13 02:00:00,132.67,133.0,132.56,132.63,8290.3702
2025-12-13 03:00:00,132.63,133.03,132.54,132.88,7994.8295
2025-12-13 04:00:00,132.88,132.92,132.57,132.87,8000.5656
2025-12-13 05:00:00,132.87,132.98,132.32,132.69,9237.6262
2025-12-13 06:00:00,132.69,132.95,132.39,132.87,7910.8306
2025-12-13 07:00:00,132.87,133.02,132.78,132.91,12040.1354
2025-12-13 08:00:00,132.91,134.2,132.91,134.0,26950.2877
2025-12-13 09:00:00,134.0,134.27,133.51,133.56,9940.1316
2025-12-13 10:00:00,133.56,134.25,133.46,133.95,12536.5902
2025-12-13 11:00:00,133.95,134.05,133.2,133.3,8302.4545
2025-12-13 12:00:00,133.3,133.68,132.63,132.98,12729.7835
2025-12-13 13:00:00,132.98,133.37,132.63,133.14,13885.1263
2025-12-13 14:00:00,133.14,133.42,132.63,133.18,11250.9343
2025-12-13 15:00:00,133.18,133.67,133.1,133.3,19773.6135
2025-12-13 16:00:00,133.3,133.83,132.89,133.18,9768.6158
2025-12-13 17:00:00,133.18,133.23,132.15,132.22,16627.5897
2025-12-13 18:00:00,132.22,132.8,132.15,132.34,28706.8349
2025-12-13 19:00:00,132.34,132.97,132.31,132.75,13901.1519
2025-12-13 20:00:00,132.75,133.01,132.23,132.3,7622.8973
2025-12-13 21:00:00,132.3,132.74,131.62,132.7,13957.559
2025-12-13 22:00:00,132.7,133.06,132.22,132.84,10653.8821
2025-12-13 23:00:00,132.84,133.27,132.6,133.13,11673.2977
2025-12-14 00:00:00,133.13,133.64,132.71,133.25,13360.0609
2025-12-14 01:00:00,133.25,133.56,133.0,133.3,5845.0879
2025-12-14 02:00:00,133.3,133.53,133.08,133.33,5434.8795
2025-12-14 03:00:00,133.33,133.46,132.83,132.94,6628.5118
2025-12-14 04:00:00,132.94,133.19,132.41,132.49,10881.6985
2025-12-14 05:00:00,132.49,132.69,132.08,132.64,8115.788
2025-12-14 06:00:00,132.64,133.04,132.46,132.91,8431.0478
2025-12-14 07:00:00,132.91,133.38,132.83,133.26,11612.9831
2025-12-14 08:00:00,133.26,133.5,132.66,132.69,11816.496
2025-12-14 09:00:00,132.69,132.79,132.35,132.35,6748.5075
2025-12-14 10:00:00,132.35,132.61,130.98,131.8,45245.5915
2025-12-14 11:00:00,131.8,131.97,130.15,131.48,50059.6006
2025-12-14 12:00:00,131.48,131.91,130.87,131.4,23744.8844
2025-12-14 13:00:00,131.4,131.66,130.95,131.64,13032.7695
2025-12-14 14:00:00,131.64,131.79,130.42,130.88,17281.1771
2025-12-14 15:00:00,130.88,131.06,130.32,130.68,15531.6407
2025-12-14 16:00:00,130.68,131.59,130.5,131.01,21379.1363
2025-12-14 17:00:00,131.01,131.22,129.42,130.03,41561.2928
2025-12-14 18:00:00,130.03,130.72,129.88,130.64,10707.1356
2025-12-14 19:00:00,130.64,130.64,129.98,130.3,15497.582
2025-12-14 20:00:00,130.3,130.72,129.87,130.04,26648.9008
2025-12-14 21:00:00,130.04,130.33,129.58,129.89,12609.141
2025-12-14 22:00:00,129.89,130.3,129.58,130.19,15767.2933
2025-12-14 23:00:00,130.19,130.84,128.0,129.36,74137.0227
2025-12-15 00:00:00,129.36,130.38,129.31,130.16,41180.9197
2025-12-15 01:00:00,130.16,131.6,129.84,131.17,25228.8485
2025-12-15 02:00:00,131.17,133.24,131.17,131.53,51007.8858
2025-12-15 03:00:00,131.53,131.7,130.94,131.17,19733.9785
2025-12-15 04:00:00,131.17,132.02,130.89,131.83,18943.9793
2025-12-15 05:00:00,131.83,132.18,131.69,131.98,12371.5422
2025-12-15 06:00:00,131.98,132.7,131.7,132.42,19651.951
2025-12-15 07:00:00,132.42,132.65,131.84,132.36,38490.3904
2025-12-15 08:00:00,132.36,132.72,132.13,132.39,17421.0997
2025-12-15 09:00:00,132.39,133.02,132.15,132.74,12400.8253
2025-12-15 10:00:00,132.74,133.02,132.33,132.65,12965.9975
2025-12-15 11:00:00,132.65,132.83,132.07,132.29,14163.0306
2025-12-15 12:00:00,132.29,133.16,131.78,132.77,35934.5284
2025-12-15 13:00:00,132.77,133.29,131.75,132.68,75466.0025
2025-12-15 14:00:00,132.68,135.45,129.61,130.49,156277.9692
2025-12-15 15:00:00,130.49,130.59,126.44,126.9,185418.4787
2025-12-15 16:00:00,126.9,127.28,125.59,126.49,88200.8743
2025-12-15 17:00:00,126.49,126.77,124.53,124.94,53422.0569
2025-12-15 18:00:00,124.94,125.29,123.64,124.89,62003.3382
2025-12-15 19:00:00,124.89,125.85,124.7,125.01,43709.5836
2025-12-15 20:00:00,125.01,125.61,123.85,124.98,61411.0465
2025-12-15 21:00:00,124.98,126.44,124.95,125.84,51143.3184
2025-12-15 22:00:00,125.84,126.42,125.61,126.36,39330.0463
2025-12-15 23:00:00,126.36,127.86,126.29,127.82,33616.2404
2025-12-16 00:00:00,127.82,128.04,126.14,126.2,35469.7423
2025-12-16 01:00:00,126.2,126.85,125.55,126.38,27522.1566
2025-12-16 02:00:00,126.38,127.33,125.93,126.74,20086.4195
2025-12-16 03:00:00,126.74,126.94,124.94,126.49,33861.3864
2025-12-16 04:00:00,126.49,126.78,124.88,126.13,25133.476
2025-12-16 05:00:00,126.13,126.67,125.93,126.4,12839.692
2025-12-16 06:00:00,126.4,127.47,126.29,127.34,11584.2496
2025-12-16 07:00:00,127.34,127.39,125.55,125.55,33034.4952
2025-12-16 08:00:00,125.55,126.62,125.44,125.99,29037.5128
2025-12-16 09:00:00,125.99,126.52,125.89,126.31,13252.9555
2025-12-16 10:00:00,126.31,128.87,126.15,128.46,40804.8042
2025-12-16 11:00:00,128.46,129.03,127.95,128.61,51862.6867
2025-12-16 12:00:00,128.61,129.01,128.24,128.64,43570.138
2025-12-16 13:00:00,128.64,129.89,126.75,126.78,101119.9317
2025-12-16 14:00:00,126.78,129.8,126.15,128.58,119679.7582
2025-12-16 15:00:00,128.58,130.14,127.27,129.73,75540.0921
2025-12-16 16:00:00,129.73,129.85,127.78,128.33,42630.7931
2025-12-16 17:00:00,128.33,128.59,127.14,127.29,28379.8803
2025-12-16 18:00:00,127.29,128.61,126.97,128.04,35985.5582
2025-12-16 19:00:00,128.04,128.1,126.78,127.74,36015.8147
2025-12-16 20:00:00,127.74,128.94,127.45,128.43,32771.5966
2025-12-16 21:00:00,128.43,128.73,128.0,128.47,15876.7654
2025-12-16 22:00:00,128.47,129.02,128.28,128.59,16835.2759
2025-12-16 23:00:00,128.59,129.53,128.16,129.13,32220.8212
2025-12-17 00:00:00,129.13,129.16,128.26,128.91,17490.256
2025-12-17 01:00:00,128.91,129.85,128.78,129.19,22683.5413
2025-12-17 02:00:00,129.19,129.52,128.46,129.31,19136.2217
2025-12-17 03:00:00,129.31,129.66,128.22,128.26,19597.7358
2025-12-17 04:00:00,128.26,128.48,127.41,127.86,33543.8738
2025-12-17 05:00:00,127.86,128.08,127.01,127.62,52021.0975
2025-12-17 06:00:00,127.62,128.01,127.58,127.75,7319.8011
2025-12-17 07:00:00,127.75,128.59,127.65,128.28,13850.8456
2025-12-17 08:00:00,128.28,128.28,126.8,126.91,35293.1927
2025-12-17 09:00:00,126.91,127.03,125.97,126.74,34128.2623
2025-12-17 10:00:00,126.74,126.94,126.29,126.57,28147.8063
2025-12-17 11:00:00,126.57,127.91,126.48,127.6,27472.4132
2025-12-17 12:00:00,127.6,128.15,127.38,127.94,27036.4851
2025-12-17 13:00:00,127.94,129.46,127.56,129.21,41192.1942
2025-12-17 14:00:00,129.21,132.66,127.0,132.63,167889.6729
2025-12-17 15:00:00,132.63,134.0,126.61,126.75,262532.8966
2025-12-17 16:00:00,126.75,127.99,123.82,124.92,192487.876
2025-12-17 17:00:00,124.92,125.2,122.58,123.06,140061.7427
2025-12-17 18:00:00,123.06,123.98,121.7,122.08,81651.8228
2025-12-17 19:00:00,122.08,122.48,121.36,122.38,90849.4434
2025-12-17 20:00:00,122.38,123.74,122.01,122.97,84253.1687
2025-12-17 21:00:00,122.97,123.1,121.98,122.42,35178.0104
2025-12-17 22:00:00,122.42,123.55,122.06,123.51,36281.9299
2025-12-17 23:00:00,123.51,123.55,122.8,123.26,21832.429
2025-12-18 00:00:00,123.26,123.78,123.03,123.69,34563.8209
2025-12-18 01:00:00,123.69,123.79,122.98,123.4,26427.8717
2025-12-18 02:00:00,123.4,124.16,123.09,123.74,25861.1096
2025-12-18 03:00:00,123.74,123.97,123.04,123.66,11785.6149
2025-12-18 04:00:00,123.66,124.14,123.6,123.68,20239.3876
2025-12-18 05:00:00,123.68,123.68,122.39,122.42,30279.7275
2025-12-18 06:00:00,122.42,122.9,122.24,122.83,15084.199
2025-12-18 07:00:00,122.83,123.41,122.46,122.84,22213.3434
2025-12-18 08:00:00,122.84,123.42,122.47,123.04,24264.9391
2025-12-18 09:00:00,123.04,123.9,122.65,123.68,14300.0723
2025-12-18 10:00:00,123.68,124.13,123.38,123.88,25981.9277
2025-12-18 11:00:00,123.88,124.02,123.2,124.02,23622.904
2025-12-18 12:00:00,124.02,124.52,123.64,123.94,20354.1137
2025-12-18 13:00:00,123.94,126.87,123.94,126.38,145169.281
2025-12-18 14:00:00,126.38,127.9,124.78,125.87,186655.6116
2025-12-18 15:00:00,125.87,129.05,125.61,127.41,160643.7744
2025-12-18 16:00:00,127.41,127.49,126.09,126.86,59142.6457
2025-12-18 17:00:00,126.86,126.92,120.57,122.98,260879.4299
2025-12-18 18:00:00,122.98,123.93,121.17,121.52,108600.8296
2025-12-18 19:00:00,121.52,121.62,117.43,117.54,319113.0983
2025-12-18 20:00:00,117.54,118.99,116.84,117.21,134019.7859
2025-12-18 21:00:00,117.21,120.16,117.09,120.06,140214.2267
2025-12-18 22:00:00,120.06,120.11,119.17,119.8,53629.0765
2025-12-18 23:00:00,119.8,119.98,119.3,119.6,23194.1439
2025-12-19 00:00:00,119.6,119.88,117.91,118.44,31982.8118
2025-12-19 01:00:00,118.44,118.56,117.62,118.37,21342.1226
2025-12-19 02:00:00,118.37,119.21,117.92,118.95,28464.1066
2025-12-19 03:00:00,118.95,122.52,118.91,121.6,88571.7445
2025-12-19 04:00:00,121.6,123.03,121.36,122.83,67409.6866
2025-12-19 05:00:00,122.83,123.37,121.98,122.63,72632.2228
2025-12-19 06:00:00,122.63,123.66,122.21,123.45,68904.9902
2025-12-19 07:00:00,123.45,125.35,123.45,124.45,104954.2051
2025-12-19 08:00:00,124.45,125.64,123.87,124.97,44829.7944
2025-12-19 09:00:00,124.97,125.08,124.39,124.74,30429.4186
2025-12-19 10:00:00,124.74,125.04,124.54,124.77,34045.5316
2025-12-19 11:00:00,124.77,125.75,124.7,125.38,54307.1208
2025-12-19 12:00:00,125.38,126.19,124.93,125.8,60177.3884
2025-12-19 13:00:00,125.8,126.56,125.62,125.91,33547.7108
2025-12-19 14:00:00,125.91,126.91,124.7,126.02,121656.8639
2025-12-19 15:00:00,126.02,127.64,124.77,125.05,95225.4799
2025-12-19 16:00:00,125.05,126.96,124.85,125.28,39545.1058
2025-12-19 17:00:00,125.28,126.13,123.66,123.67,53998.1244
2025-12-19 18:00:00,123.67,125.35,123.6,124.8,43751.0806
2025-12-19 19:00:00,124.8,126.65,124.8,126.25,39428.872
2025-12-19 20:00:00,126.25,127.89,126.07,127.18,56574.5584
2025-12-19 21:00:00,127.18,127.36,126.48,126.76,55548.6272
2025-12-19 22:00:00,126.76,127.32,126.76,126.85,27686.5821
2025-12-19 23:00:00,126.85,126.85,126.13,126.25,12296.9184
2025-12-20 00:00:00,126.25,126.34,125.61,125.78,17223.3905
2025-12-20 01:00:00,125.78,126.04,125.52,125.56,19731.8253
2025-12-20 02:00:00,125.56,126.17,125.29,125.83,25199.91
2025-12-20 03:00:00,125.83,126.49,125.51,126.19,13515.4244
2025-12-20 04:00:00,126.19,126.41,125.88,126.24,12746.4508
2025-12-20 05:00:00,126.24,126.67,126.06,126.37,24688.2474
2025-12-20 06:00:00,126.37,126.66,126.23,126.27,5915.0617
2025-12-20 07:00:00,126.27,126.36,125.94,126.18,7886.7401
2025-12-20 08:00:00,126.18,126.89,126.13,126.46,36869.9787
2025-12-20 09:00:00,126.46,126.76,126.24,126.26,8226.1471
2025-12-20 10:00:00,126.26,126.4,126.01,126.02,12109.1055
2025-12-20 11:00:00,126.02,126.49,125.86,126.46,7926.4368
2025-12-20 12:00:00,126.46,126.47,126.08,126.28,9889.7044
2025-12-20 13:00:00,126.28,126.37,125.45,126.12,27980.0385
2025-12-20 14:00:00,126.12,126.41,125.56,126.37,20326.3858
2025-12-20 15:00:00,126.37,126.67,126.0,126.57,9269.2529
2025-12-20 16:00:00,126.57,126.72,126.12,126.29,4670.2051
2025-12-20 17:00:00,126.29,126.46,125.98,126.01,8007.7283
2025-12-20 18:00:00,126.01,126.12,125.74,126.0,18966.2055
2025-12-20 19:00:00,126.0,126.19,125.77,126.01,11000.389
2025-12-20 20:00:00,126.01,126.44,125.9,126.43,5803.1307
2025-12-20 21:00:00,126.43,126.54,126.23,126.32,5900.1643
2025-12-20 22:00:00,126.32,126.36,125.75,126.04,6692.6369
2025-12-20 23:00:00,126.04,126.07,125.62,125.8,8139.6743
2025-12-21 00:00:00,125.8,126.17,125.7,126.03,22447.3055
2025-12-21 01:00:00,126.03,126.03,125.08,125.11,11583.7179
2025-12-21 02:00:00,125.11,125.36,124.69,124.89,24558.8831
2025-12-21 03:00:00,124.89,125.55,124.85,125.24,7414.8136
2025-12-21 04:00:00,125.24,125.45,125.15,125.2,4664.216
2025-12-21 05:00:00,125.2,125.48,125.09,125.3,7817.0606
2025-12-21 06:00:00,125.3,125.5,125.16,125.4,3955.2892
2025-12-21 07:00:00,125.4,125.56,125.22,125.31,13510.795
2025-12-21 08:00:00,125.31,125.94,124.81,125.58,46035.1414
2025-12-21 09:00:00,125.58,126.59,125.47,126.27,40492.7794
2025-12-21 10:00:00,126.27,126.65,125.6,125.81,21893.8939
2025-12-21 11:00:00,125.81,125.87,125.34,125.47,21814.4782
2025-12-21 12:00:00,125.47,126.06,125.1,125.56,16184.5118
2025-12-21 13:00:00,125.56,125.6,123.41,123.62,69180.9011
2025-12-21 14:00:00,123.62,124.7,123.52,124.43,30911.3736
2025-12-21 15:00:00,124.43,125.26,123.96,125.06,43782.1752
2025-12-21 16:00:00,125.06,125.6,124.8,125.47,31228.9183
2025-12-21 17:00:00,125.47,126.33,125.38,125.49,29523.7382
2025-12-21 18:00:00,125.49,125.49,124.36,125.15,25611.3423
2025-12-21 19:00:00,125.15,125.87,125.08,125.67,15967.6492
2025-12-21 20:00:00,125.67,125.78,125.33,125.34,6964.7312
2025-12-21 21:00:00,125.34,125.38,124.7,124.9,12472.8805
2025-12-21 22:00:00,124.9,125.9,124.79,125.8,14529.4574
2025-12-21 23:00:00,125.8,126.31,125.51,126.03,29445.1883
2025-12-22 00:00:00,126.03,128.55,125.98,126.25,96752.0365
2025-12-22 01:00:00,126.25,127.35,125.8,126.02,22113.6185
2025-12-22 02:00:00,126.02,126.05,124.51,125.23,53260.6345
2025-12-22 03:00:00,125.23,126.52,124.94,126.04,27223.3096
2025-12-22 04:00:00,126.04,126.74,125.85,126.56,21141.8158
2025-12-22 05:00:00,126.56,126.7,126.09,126.33,11521.2286
2025-12-22 06:00:00,126.33,126.57,125.75,125.75,18523.6731
2025-12-22 07:00:00,125.75,126.52,125.55,126.29,22732.9565
2025-12-22 08:00:00,126.29,127.38,125.61,125.64,49256.425
2025-12-22 09:00:00,125.64,126.36,125.49,126.22,25619.859
2025-12-22 10:00:00,126.22,126.9,125.89,126.69,22291.5659
2025-12-22 11:00:00,126.69,127.46,126.37,127.01,27701.1745
2025-12-22 12:00:00,127.01,127.71,126.69,126.97,25403.5524
2025-12-22 13:00:00,126.97,127.08,126.33,127.01,28966.4246
2025-12-22 14:00:00,127.01,128.24,126.5,127.84,57309.3023
2025-12-22 15:00:00,127.84,128.77,126.45,128.06,73326.9083
2025-12-22 16:00:00,128.06,128.39,127.14,127.25,40740.0904
2025-12-22 17:00:00,127.25,127.31,126.45,126.92,18799.8458
2025-12-22 18:00:00,126.92,127.48,126.35,126.49,18940.09
2025-12-22 19:00:00,126.49,126.5,124.63,124.64,55911.9787
2025-12-22 20:00:00,124.64,125.34,124.2,124.41,68619.4094
2025-12-22 21:00:00,124.41,125.58,124.34,125.19,50013.0839
2025-12-22 22:00:00,125.19,126.04,125.01,125.87,51299.3448
2025-12-22 23:00:00,125.87,125.99,125.45,125.9,33379.199
2025-12-23 00:00:00,125.9,126.91,125.76,126.71,29897.1878
2025-12-23 01:00:00,126.71,126.83,125.93,126.19,27560.7059
2025-12-23 02:00:00,126.19,126.6,125.49,125.64,25890.0262
2025-12-23 03:00:00,125.64,126.15,124.9,125.62,22393.7163
2025-12-23 04:00:00,125.62,126.08,125.43,125.43,12076.5282
2025-12-23 05:00:00,125.43,125.54,124.59,125.0,14619.2415
2025-12-23 06:00:00,125.0,125.29,124.14,124.36,28581.8477
2025-12-23 07:00:00,124.36,124.62,123.78,124.21,32937.309
2025-12-23 08:00:00,124.21,124.65,124.03,124.18,33841.3605
2025-12-23 09:00:00,124.18,124.39,123.92,124.17,13151.0946
2025-12-23 10:00:00,124.17,124.88,124.11,124.82,13696.4216
2025-12-23 11:00:00,124.82,125.23,124.71,124.86,9774.4994
2025-12-23 12:00:00,124.86,124.91,123.94,124.16,29665.2148
2025-12-23 13:00:00,124.16,124.63,122.89,123.33,50857.731
2025-12-23 14:00:00,123.33,123.75,122.17,122.67,65868.1515
2025-12-23 15:00:00,122.67,123.49,122.35,123.37,36860.5465
2025-12-23 16:00:00,123.37,124.93,123.03,124.62,31589.6639
2025-12-23 17:00:00,124.62,124.86,122.79,122.85,20535.2098
2025-12-23 18:00:00,122.85,124.15,122.84,123.96,38916.8147
2025-12-23 19:00:00,123.96,124.57,123.48,123.97,11051.7987
2025-12-23 20:00:00,123.97,125.64,123.47,124.7,35205.4687
2025-12-23 21:00:00,124.7,124.75,123.95,124.29,16535.0603
2025-12-23 22:00:00,124.29,124.5,123.6,123.88,16965.795
2025-12-23 23:00:00,123.88,124.17,123.48,124.01,14209.1781
2025-12-24 00:00:00,124.01,124.3,123.59,123.89,8726.3466
2025-12-24 01:00:00,123.89,124.23,122.95,123.11,13111.1029
2025-12-24 02:00:00,123.11,123.15,121.8,122.31,23419.3882
2025-12-24 03:00:00,122.31,122.81,121.77,122.73,18164.4352
2025-12-24 04:00:00,122.73,123.06,121.53,121.63,12483.0937
2025-12-24 05:00:00,121.63,122.03,121.13,121.46,11767.2568
2025-12-24 06:00:00,121.46,121.58,120.62,121.58,20454.6187
2025-12-24 07:00:00,121.58,121.87,121.29,121.31,11274.4393
2025-12-24 08:00:00,121.31,121.67,121.1,121.39,31794.8561
2025-12-24 09:00:00,121.39,121.76,121.29,121.42,15250.1299
2025-12-24 10:00:00,121.42,122.23,121.37,121.77,17455.4515
2025-12-24 11:00:00,121.77,122.27,121.77,122.07,26721.7647
2025-12-24 12:00:00,122.07,122.55,121.94,122.46,9179.437
2025-12-24 13:00:00,122.46,122.46,121.75,121.96,12232.1332
2025-12-24 14:00:00,121.96,122.32,120.71,121.5,25032.3034
2025-12-24 15:00:00,121.5,122.94,121.32,122.74,27384.7353
2025-12-24 16:00:00,122.74,123.46,122.43,122.73,63849.5415
2025-12-24 17:00:00,122.73,123.0,121.99,122.06,30641.604
2025-12-24 18:00:00,122.06,122.72,121.8,122.49,20694.797
2025-12-24 19:00:00,122.49,122.88,122.02,122.88,18371.8478
2025-12-24 20:00:00,122.88,123.14,122.61,122.68,12826.7938
2025-12-24 21:00:00,122.68,123.11,122.64,123.0,7300.2387
2025-12-24 22:00:00,123.0,123.41,122.94,123.31,12897.5602
2025-12-24 23:00:00,123.31,123.36,122.47,122.54,8203.7666
2025-12-25 00:00:00,122.54,122.73,122.11,122.18,13720.4489
2025-12-25 01:00:00,122.18,122.79,122.16,122.75,7673.4438
2025-12-25 02:00:00,122.75,123.15,122.46,123.06,6600.8087
2025-12-25 03:00:00,123.06,123.16,122.56,122.69,10935.5617
2025-12-25 04:00:00,122.69,122.86,122.61,122.79,3375.6073
2025-12-25 05:00:00,122.79,122.79,122.22,122.39,5805.0357
2025-12-25 06:00:00,122.39,122.52,122.19,122.47,8078.2183
2025-12-25 07:00:00,122.47,122.48,122.11,122.29,13192.888
2025-12-25 08:00:00,122.29,122.67,121.63,122.11,20534.5962
2025-12-25 09:00:00,122.11,122.2,121.8,122.11,9782.5112
2025-12-25 10:00:00,122.11,122.11,121.28,121.56,15622.5299
2025-12-25 11:00:00,121.56,121.86,121.51,121.65,9455.2963
2025-12-25 12:00:00,121.65,122.05,121.58,122.04,6223.5021
2025-12-25 13:00:00,122.04,122.34,121.66,122.06,13621.4775
2025-12-25 14:00:00,122.06,122.33,121.77,122.11,9940.1322
2025-12-25 15:00:00,122.11,124.08,121.87,123.64,45491.3782
2025-12-25 16:00:00,123.64,124.46,123.35,123.52,46242.2021
2025-12-25 17:00:00,123.52,123.62,122.8,123.08,23403.1567
2025-12-25 18:00:00,123.08,124.17,123.08,124.01,34034.0278
2025-12-25 19:00:00,124.01,124.07,123.35,123.47,6229.6512
2025-12-25 20:00:00,123.47,123.49,122.95,123.32,14996.287
2025-12-25 21:00:00,123.32,123.53,123.13,123.21,7231.5348
2025-12-25 22:00:00,123.21,123.45,121.4,121.84,27996.4149
2025-12-25 23:00:00,121.84,122.13,119.73,120.05,94867.9477
2025-12-26 00:00:00,120.05,120.44,119.23,120.32,84145.3359
2025-12-26 01:00:00,120.32,121.17,120.19,120.8,47820.6513
2025-12-26 02:00:00,120.8,124.37,120.8,123.45,103861.5494
2025-12-26 03:00:00,123.45,123.73,122.48,122.69,50546.6892
2025-12-26 04:00:00,122.69,123.01,121.81,122.86,19951.6877
2025-12-26 05:00:00,122.86,123.49,122.67,123.3,10160.6857
2025-12-26 06:00:00,123.3,123.78,123.3,123.49,16843.8767
2025-12-26 07:00:00,123.49,124.0,122.58,122.73,28810.0102
2025-12-26 08:00:00,122.73,123.16,122.31,122.7,19789.7343
2025-12-26 09:00:00,122.7,124.12,122.55,123.68,50038.975
2025-12-26 10:00:00,123.68,123.92,123.46,123.76,17114.5509
2025-12-26 11:00:00,123.76,123.93,123.34,123.85,15079.2088
2025-12-26 12:00:00,123.85,124.22,123.76,123.98,17713.7512
2025-12-26 13:00:00,123.98,125.13,123.89,124.91,43118.8565
2025-12-26 14:00:00,124.91,125.0,122.07,122.23,67689.4143
2025-12-26 15:00:00,122.23,122.23,120.45,121.54,124025.3533
2025-12-26 16:00:00,121.54,122.25,121.18,121.24,52883.4352
2025-12-26 17:00:00,121.24,122.37,121.24,121.85,67920.3392
2025-12-26 18:00:00,121.85,122.21,121.71,122.05,15806.2834
2025-12-26 19:00:00,122.05,122.38,121.74,122.16,14198.1699
2025-12-26 20:00:00,122.16,122.65,121.88,122.41,18801.5136
2025-12-26 21:00:00,122.41,122.63,122.05,122.05,7421.4208
2025-12-26 22:00:00,122.05,122.42,121.82,122.42,7247.5409
2025-12-26 23:00:00,122.42,122.55,122.17,122.27,6671.9561
2025-12-27 00:00:00,122.27,122.38,121.9,122.1,11076.407
2025-12-27 01:00:00,122.1,122.34,121.81,122.34,17733.302
2025-12-27 02:00:00,122.34,122.45,122.16,122.36,8747.2824
2025-12-27 03:00:00,122.36,123.82,122.31,123.67,43618.1976
2025-12-27 04:00:00,123.67,123.74,122.9,122.98,17684.6096
2025-12-27 05:00:00,122.98,123.29,122.98,123.17,5868.1218
2025-12-27 06:00:00,123.17,123.18,122.77,123.05,5234.7591
2025-12-27 07:00:00,123.05,123.45,123.03,123.16,5314.941
2025-12-27 08:00:00,123.16,123.34,122.83,122.84,3635.1971
2025-12-27 09:00:00,122.84,123.24,122.84,123.01,3675.4889
2025-12-27 10:00:00,123.01,123.14,122.51,122.89,6007.8671
2025-12-27 11:00:00,122.89,123.21,122.85,122.98,7879.9855
2025-12-27 12:00:00,122.98,123.2,122.77,122.89,4012.224
2025-12-27 13:00:00,122.89,123.3,122.73,123.02,9505.5281
2025-12-27 14:00:00,123.02,123.36,122.86,123.35,6931.8003
2025-12-27 15:00:00,123.35,123.68,123.16,123.32,20158.5816
2025-12-27 16:00:00,123.32,123.45,122.93,123.0,9300.1109
2025-12-27 17:00:00,123.0,123.44,122.77,123.38,10476.7093
2025-12-27 18:00:00,123.38,123.45,123.0,123.21,4681.7131
2025-12-27 19:00:00,123.21,123.45,123.05,123.28,5402.1013
2025-12-27 20:00:00,123.28,123.79,123.27,123.56,20520.2289
2025-12-27 21:00:00,123.56,124.58,123.56,124.55,25720.7401
2025-12-27 22:00:00,124.55,124.98,123.68,123.91,40419.2017
2025-12-27 23:00:00,123.91,125.1,123.91,124.75,30614.0548
2025-12-28 00:00:00,124.75,124.91,124.29,124.4,10553.2035
2025-12-28 01:00:00,124.4,124.62,123.97,124.0,9540.641
2025-12-28 02:00:00,124.0,124.42,123.91,124.24,13067.8531
2025-12-28 03:00:00,124.24,124.31,123.97,124.15,8277.0759
2025-12-28 04:00:00,124.15,124.33,124.0,124.08,7597.3517
2025-12-28 05:00:00,124.08,124.08,123.6,123.79,16230.401
2025-12-28 06:00:00,123.79,124.2,123.73,124.11,13390.2881
2025-12-28 07:00:00,124.11,124.33,123.85,124.21,9598.8362
2025-12-28 08:00:00,124.21,124.69,124.17,124.27,5016.6347
2025-12-28 09:00:00,124.27,124.37,123.96,124.07,7540.5861
2025-12-28 10:00:00,124.07,124.62,124.02,124.51,7408.9149
2025-12-28 11:00:00,124.51,124.84,124.41,124.65,5073.2306
2025-12-28 12:00:00,124.65,124.78,124.38,124.41,6235.7238
2025-12-28 13:00:00,124.41,124.8,124.3,124.62,9120.3965
2025-12-28 14:00:00,124.62,124.97,124.5,124.58,13018.8304
2025-12-28 15:00:00,124.58,125.01,124.41,124.45,10225.8747
2025-12-28 16:00:00,124.45,124.66,124.18,124.31,4412.1821
2025-12-28 17:00:00,124.31,124.77,124.31,124.46,4810.1668
2025-12-28 18:00:00,124.46,124.52,123.16,123.17,22212.5451
2025-12-28 19:00:00,123.17,123.66,123.09,123.31,22706.5178
2025-12-28 20:00:00,123.31,123.71,123.11,123.44,6730.451
2025-12-28 21:00:00,123.44,123.88,123.31,123.86,6530.9354
2025-12-28 22:00:00,123.86,124.33,123.54,124.23,10154.8872
2025-12-28 23:00:00,124.23,125.63,123.93,125.29,30399.0274
2025-12-29 00:00:00,125.29,128.21,125.01,127.03,130861.5431
2025-12-29 01:00:00,127.03,130.14,126.25,128.72,112920.4062
2025-12-29 02:00:00,128.72,129.48,128.14,128.73,54531.0227
2025-12-29 03:00:00,128.73,129.52,128.52,128.59,63048.5803
2025-12-29 04:00:00,128.59,129.15,128.16,128.59,29474.2523
2025-12-29 05:00:00,128.59,128.59,127.57,127.74,21752.6521
2025-12-29 06:00:00,127.74,128.07,127.51,127.79,20556.5122
2025-12-29 07:00:00,127.79,128.0,127.22,127.88,33174.5402
2025-12-29 08:00:00,127.88,128.49,127.7,127.91,29520.406
2025-12-29 09:00:00,127.91,128.0,125.44,126.08,64858.0029
2025-12-29 10:00:00,126.08,126.37,125.51,125.68,24607.055
2025-12-29 11:00:00,125.68,125.69,125.01,125.09,40625.321
2025-12-29 12:00:00,125.09,125.4,122.94,123.72,92050.556
2025-12-29 13:00:00,123.72,124.08,122.94,123.25,35268.5007
2025-12-29 14:00:00,123.25,124.55,122.3,123.44,96577.7368
2025-12-29 15:00:00,123.44,124.12,123.15,123.44,28041.4228
2025-12-29 16:00:00,123.44,123.75,122.6,123.49,38557.4138
2025-12-29 17:00:00,123.49,123.87,123.03,123.86,26625.2659
2025-12-29 18:00:00,123.86,123.97,122.96,123.11,20400.5906
2025-12-29 19:00:00,123.11,123.5,122.85,123.06,38990.2613
2025-12-29 20:00:00,123.06,123.61,122.83,123.32,44028.3801
2025-12-29 21:00:00,123.32,123.59,123.14,123.44,23239.1533
2025-12-29 22:00:00,123.44,123.59,123.15,123.4,29812.105
2025-12-29 23:00:00,123.4,123.6,123.17,123.24,29869.2666
2025-12-30 00:00:00,123.24,123.34,122.89,123.11,25465.0544
2025-12-30 01:00:00,123.11,123.46,122.77,123.19,17457.0015
2025-12-30 02:00:00,123.19,123.24,122.57,122.98,29132.3625
2025-12-30 03:00:00,122.98,123.92,122.75,123.78,20491.1299
2025-12-30 04:00:00,123.78,124.19,123.59,123.95,17729.6442
2025-12-30 05:00:00,123.95,124.01,123.18,123.4,11723.2739
2025-12-30 06:00:00,123.4,124.06,123.37,123.91,9537.5168
2025-12-30 07:00:00,123.91,124.34,123.79,124.0,19517.0188
2025-12-30 08:00:00,124.0,125.14,123.98,124.77,55055.1418
2025-12-30 09:00:00,124.77,125.08,124.4,124.83,33479.1864
2025-12-30 10:00:00,124.83,124.98,124.5,124.59,21174.5634
2025-12-30 11:00:00,124.59,124.66,124.03,124.31,26410.0907
2025-12-30 12:00:00,124.31,124.65,124.12,124.3,13731.1015
2025-12-30 13:00:00,124.3,124.45,123.94,124.3,17596.393
2025-12-30 14:00:00,124.3,125.39,123.56,125.06,86944.9284
2025-12-30 15:00:00,125.06,125.29,124.02,125.15,63522.8274
2025-12-30 16:00:00,125.15,126.52,124.89,125.66,76536.116
2025-12-30 17:00:00,125.66,126.0,124.43,124.71,36792.9684
2025-12-30 18:00:00,124.71,124.73,124.22,124.57,24704.3469
2025-12-30 19:00:00,124.57,124.83,123.78,124.72,26943.1286
2025-12-30 20:00:00,124.72,124.81,123.87,124.04,18549.4002
2025-12-30 21:00:00,124.04,124.21,123.52,124.0,15928.5594
2025-12-30 22:00:00,124.0,124.61,123.87,124.44,15622.4651
2025-12-30 23:00:00,124.44,125.14,124.29,125.0,29524.747
2025-12-31 00:00:00,125.0,125.06,124.42,124.92,24475.9491
2025-12-31 01:00:00,124.92,125.95,124.83,125.53,38060.4994
2025-12-31 02:00:00,125.53,126.07,125.33,126.0,32947.7637
2025-12-31 03:00:00,126.0,126.07,125.16,125.82,34792.3565
2025-12-31 04:00:00,125.82,125.96,125.39,125.45,17724.2591
2025-12-31 05:00:00,125.45,125.81,125.42,125.65,27534.5407
2025-12-31 06:00:00,125.65,126.09,125.62,125.9,15066.8027
2025-12-31 07:00:00,125.9,126.06,125.64,125.98,21729.3217
2025-12-31 08:00:00,125.98,126.31,125.44,125.57,20570.3624
2025-12-31 09:00:00,125.57,126.4,125.55,126.28,17065.3231
2025-12-31 10:00:00,126.28,126.42,125.93,126.38,25267.2141
2025-12-31 11:00:00,126.38,126.85,126.21,126.74,24333.4312
2025-12-31 12:00:00,126.74,126.77,126.08,126.17,23579.7537
2025-12-31 13:00:00,126.17,126.53,125.95,126.29,23562.7195
2025-12-31 14:00:00,126.29,127.44,125.39,125.8,84769.5682
2025-12-31 15:00:00,125.8,125.86,125.02,125.6,68754.7304
2025-12-31 16:00:00,125.6,125.75,124.31,124.84,38205.6413
2025-12-31 17:00:00,124.84,125.28,124.58,125.04,17934.1569
2025-12-31 18:00:00,125.04,125.53,124.64,124.78,21207.2259
2025-12-31 19:00:00,124.78,125.23,124.37,124.38,11744.3562
2025-12-31 20:00:00,124.38,125.15,123.48,124.21,82039.6926
2025-12-31 21:00:00,124.21,124.48,123.99,124.48,32274.0797
2025-12-31 22:00:00,124.48,125.18,124.26,124.87,31885.7963
2025-12-31 23:00:00,124.87,125.06,124.62,124.66,10547.7999
2026-01-01 00:00:00,124.66,125.26,124.6,125.16,9123.7795
2026-01-01 01:00:00,125.16,125.81,124.92,124.99,24031.1158
2026-01-01 02:00:00,124.99,125.26,124.81,125.2,21166.0582
2026-01-01 03:00:00,125.2,125.43,125.03,125.22,8378.7732
2026-01-01 04:00:00,125.22,125.27,124.81,124.96,11700.0709
2026-01-01 05:00:00,124.96,125.32,124.96,125.31,6087.5664
2026-01-01 06:00:00,125.31,125.33,124.89,124.9,3975.6889
2026-01-01 07:00:00,124.9,125.01,124.24,124.26,11918.6871
2026-01-01 08:00:00,124.26,124.74,124.16,124.71,13085.7896
2026-01-01 09:00:00,124.71,125.12,124.61,125.05,10623.7358
2026-01-01 10:00:00,125.05,125.29,124.97,125.02,5209.5013
2026-01-01 11:00:00,125.02,125.23,124.77,125.23,8519.9592
2026-01-01 12:00:00,125.23,125.27,125.0,125.0,9907.1727
2026-01-01 13:00:00,125.0,125.15,124.7,124.75,11053.1947
2026-01-01 14:00:00,124.75,124.94,124.42,124.74,17282.0516
2026-01-01 15:00:00,124.74,125.23,124.58,124.96,13190.4721
2026-01-01 16:00:00,124.96,125.04,124.3,124.49,33230.0477
2026-01-01 17:00:00,124.49,125.67,124.33,125.19,64818.8566
2026-01-01 18:00:00,125.19,125.36,125.02,125.35,15005.0477
2026-01-01 19:00:00,125.35,125.79,125.19,125.75,19128.7341
2026-01-01 20:00:00,125.75,125.94,125.32,125.37,30282.1135
2026-01-01 21:00:00,125.37,125.69,125.3,125.42,7573.5107
2026-01-01 22:00:00,125.42,126.24,125.38,126.08,14374.3865
2026-01-01 23:00:00,126.08,127.27,125.75,126.88,45098.6072
2026-01-02 00:00:00,126.88,127.14,126.43,126.77,17814.3015
2026-01-02 01:00:00,126.77,126.93,126.02,126.18,15688.9469
2026-01-02 02:00:00,126.18,126.66,125.85,126.56,28274.6399
2026-01-02 03:00:00,126.56,127.98,126.42,127.52,41964.8538
2026-01-02 04:00:00,127.52,127.7,126.93,126.96,12365.6406
2026-01-02 05:00:00,126.96,127.42,126.73,127.32,12700.1096
2026-01-02 06:00:00,127.32,127.79,127.26,127.34,17658.3727
2026-01-02 07:00:00,127.34,127.57,126.91,127.14,10075.4238
2026-01-02 08:00:00,127.14,127.96,127.12,127.94,23067.1932
2026-01-02 09:00:00,127.94,129.88,127.81,129.37,62829.812
2026-01-02 10:00:00,129.37,129.97,128.86,128.93,33452.9217
2026-01-02 11:00:00,128.93,128.96,127.98,128.21,22336.7478
2026-01-02 12:00:00,128.21,128.65,127.9,128.43,13637.2747
2026-01-02 13:00:00,128.43,128.79,128.26,128.36,16539.4007
2026-01-02 14:00:00,128.36,129.65,126.83,128.72,76430.1202
2026-01-02 15:00:00,128.72,129.53,127.41,128.98,62926.7476
2026-01-02 16:00:00,128.98,131.8,128.65,130.91,107141.096
2026-01-02 17:00:00,130.91,132.31,130.67,131.44,66261.9431
2026-01-02 18:00:00,131.44,132.01,130.33,130.8,45042.5143
2026-01-02 19:00:00,130.8,131.79,130.64,131.62,34540.1814
2026-01-02 20:00:00,131.62,132.12,130.84,131.13,32358.6848
2026-01-02 21:00:00,131.13,132.14,131.13,131.93,27847.9577
2026-01-02 22:00:00,131.93,133.26,131.91,132.65,49082.5751
2026-01-02 23:00:00,132.65,132.77,131.93,132.3,21332.6932
2026-01-03 00:00:00,132.3,132.95,132.26,132.55,17461.2887
2026-01-03 01:00:00,132.55,132.99,132.37,132.65,8701.5236
2026-01-03 02:00:00,132.65,133.1,132.07,132.87,13479.7247
2026-01-03 03:00:00,132.87,133.17,132.21,132.83,19808.9136
2026-01-03 04:00:00,132.83,132.93,132.19,132.37,17787.3844
2026-01-03 05:00:00,132.37,132.54,131.65,131.91,16706.9663
2026-01-03 06:00:00,131.91,132.31,131.08,131.19,14391.0922
2026-01-03 07:00:00,131.19,131.4,129.6,130.11,48147.2466
2026-01-03 08:00:00,130.11,131.02,129.79,130.69,21141.2652
2026-01-03 09:00:00,130.69,131.46,130.4,131.16,15203.68
2026-01-03 10:00:00,131.16,131.22,130.81,130.93,20388.035
2026-01-03 11:00:00,130.93,130.98,130.47,130.7,12078.1237
2026-01-03 12:00:00,130.7,130.94,130.49,130.89,18824.0502
2026-01-03 13:00:00,130.89,131.4,130.81,131.3,17360.6649
2026-01-03 14:00:00,131.3,132.16,131.14,131.99,18501.7757
2026-01-03 15:00:00,131.99,132.02,131.2,131.48,19544.296
2026-01-03 16:00:00,131.48,131.99,131.48,131.76,31465.9318
2026-01-03 17:00:00,131.76,132.02,131.63,131.89,8620.9601
2026-01-03 18:00:00,131.89,132.1,131.6,131.96,11432.9269
2026-01-03 19:00:00,131.96,131.96,131.66,131.79,12916.2145
2026-01-03 20:00:00,131.79,132.02,131.34,131.99,13536.2324
2026-01-03 21:00:00,131.99,133.04,131.79,132.86,22290.4689
2026-01-03 22:00:00,132.86,133.96,132.58,133.42,39817.8301
2026-01-03 23:00:00,133.42,133.76,133.09,133.36,12753.7797
2026-01-04 00:00:00,133.36,134.96,133.32,134.57,38906.4559
2026-01-04 01:00:00,134.57,134.74,133.43,133.96,20183.5838
2026-01-04 02:00:00,133.96,134.02,133.49,133.73,7562.0247
2026-01-04 03:00:00,133.73,134.69,133.66,134.61,13639.9779
2026-01-04 04:00:00,134.61,134.87,134.25,134.31,10062.6238
2026-01-04 05:00:00,134.31,134.6,134.27,134.57,7236.6889
2026-01-04 06:00:00,134.57,134.99,133.7,133.76,21696.7147
2026-01-04 07:00:00,133.76,134.15,133.68,133.82,8678.6583
2026-01-04 08:00:00,133.82,134.18,133.22,134.11,25416.9383
2026-01-04 09:00:00,134.11,134.56,133.85,134.33,12202.3421
2026-01-04 10:00:00,134.33,134.86,134.22,134.68,15441.8825
2026-01-04 11:00:00,134.68,134.68,134.16,134.4,8988.1699
2026-01-04 12:00:00,134.4,134.9,134.21,134.35,17749.4805
2026-01-04 13:00:00,134.35,134.57,133.77,134.53,28308.3978
2026-01-04 14:00:00,134.53,134.98,134.24,134.96,27679.6493
2026-01-04 15:00:00,134.96,135.33,134.29,134.88,29500.5721
2026-01-04 16:00:00,134.88,135.52,134.75,135.11,28759.8174
2026-01-04 17:00:00,135.11,135.35,134.79,134.83,17312.0691
2026-01-04 18:00:00,134.83,134.87,133.7,134.19,44873.5756
2026-01-04 19:00:00,134.19,134.19,133.1,133.55,47757.0903
2026-01-04 20:00:00,133.55,134.22,133.38,134.01,13467.0893
2026-01-04 21:00:00,134.01,134.56,133.7,133.92,16408.0303
2026-01-04 22:00:00,133.92,134.42,133.78,134.15,18047.2151
2026-01-04 23:00:00,134.15,134.84,133.66,134.09,36084.9282
2026-01-05 00:00:00,134.09,135.81,134.01,135.52,70242.615
2026-01-05 01:00:00,135.52,137.74,135.27,136.75,79339.3067
2026-01-05 02:00:00,136.75,137.23,135.71,136.88,27973.654
2026-01-05 03:00:00,136.88,137.33,136.58,136.65,23099.0317
2026-01-05 04:00:00,136.65,136.79,135.0,135.67,35816.0308
2026-01-05 05:00:00,135.67,136.31,135.01,135.06,20448.0963
2026-01-05 06:00:00,135.06,135.7,134.61,135.6,39639.8151
2026-01-05 07:00:00,135.6,135.74,135.1,135.42,21573.222
2026-01-05 08:00:00,135.42,135.93,135.2,135.21,39340.1461
2026-01-05 09:00:00,135.21,135.67,134.75,135.46,30559.541
2026-01-05 10:00:00,135.46,136.04,135.27,135.81,15937.9872
2026-01-05 11:00:00,135.81,135.81,135.23,135.74,16851.3512
2026-01-05 12:00:00,135.74,135.82,134.91,135.11,27190.8739
2026-01-05 13:00:00,135.11,135.38,133.26,133.81,58761.01
2026-01-05 14:00:00,133.81,135.6,133.18,134.97,83154.4458
2026-01-05 15:00:00,134.97,136.48,134.15,136.14,77509.4759
2026-01-05 16:00:00,136.14,136.31,134.99,135.41,64276.1462
2026-01-05 17:00:00,135.41,136.87,134.32,136.53,38199.6018
2026-01-05 18:00:00,136.53,137.58,135.66,137.38,59881.2855
2026-01-05 19:00:00,137.38,138.82,137.1,138.23,106916.7291
2026-01-05 20:00:00,138.23,139.88,137.75,137.88,57550.3065
2026-01-05 21:00:00,137.88,138.73,137.88,138.41,30815.7349
2026-01-05 22:00:00,138.41,139.16,138.3,138.79,27272.5981
2026-01-05 23:00:00,138.79,138.95,137.88,137.92,19107.9662
2026-01-06 00:00:00,137.92,138.21,136.9,137.72,25024.4172
2026-01-06 01:00:00,137.72,138.53,137.36,137.58,46819.501
2026-01-06 02:00:00,137.58,138.01,137.32,137.6,18022.219
2026-01-06 03:00:00,137.6,138.61,137.56,138.37,18420.5681
2026-01-06 04:00:00,138.37,139.01,138.21,138.45,54980.6677
2026-01-06 05:00:00,138.45,140.03,138.09,139.56,45995.1973
2026-01-06 06:00:00,139.56,139.76,138.84,139.02,52531.5246
2026-01-06 07:00:00,139.02,139.1,137.34,137.58,50404.256
2026-01-06 08:00:00,137.58,138.11,137.39,137.61,35263.7321
2026-01-06 09:00:00,137.61,138.39,137.49,137.77,24081.6871
2026-01-06 10:00:00,137.77,138.09,137.4,137.72,30926.2892
2026-01-06 11:00:00,137.72,139.68,137.63,139.49,46437.6706
2026-01-06 12:00:00,139.49,139.62,138.87,139.07,18264.4354
2026-01-06 13:00:00,139.07,139.44,138.71,139.09,21878.5731
2026-01-06 14:00:00,139.09,143.46,139.08,141.98,180120.969
2026-01-06 15:00:00,141.98,143.21,141.12,141.6,56949.0321
2026-01-06 16:00:00,141.6,141.97,138.16,138.91,87585.1193
2026-01-06 17:00:00,138.91,139.17,136.4,136.53,84263.8794
2026-01-06 18:00:00,136.53,138.01,136.18,137.57,81570.0816
2026-01-06 19:00:00,137.57,138.07,137.29,137.55,15110.0076
2026-01-06 20:00:00,137.55,139.18,137.52,138.95,25818.5627
2026-01-06 21:00:00,138.95,141.99,138.68,140.23,69476.9849
2026-01-06 22:00:00,140.23,141.03,139.54,140.03,18893.6184
2026-01-06 23:00:00,140.03,141.36,140.03,141.07,33206.713
2026-01-07 00:00:00,141.07,141.38,139.77,139.86,48363.8016
2026-01-07 01:00:00,139.86,140.63,138.83,138.92,27781.6596
2026-01-07 02:00:00,138.92,140.12,138.5,139.95,28997.1224
2026-01-07 03:00:00,139.95,140.54,139.39,139.58,20695.1434
2026-01-07 04:00:00,139.58,139.73,138.74,138.77,7474.3521
2026-01-07 05:00:00,138.77,139.39,138.18,138.52,29983.8102
2026-01-07 06:00:00,138.52,139.08,138.47,138.81,16193.9729
2026-01-07 07:00:00,138.81,139.43,138.8,139.39,16057.9609
2026-01-07 08:00:00,139.39,139.8,139.08,139.38,15786.4895
2026-01-07 09:00:00,139.38,139.48,136.58,136.9,55536.0767
2026-01-07 10:00:00,136.9,137.7,136.75,137.58,38893.0903
2026-01-07 11:00:00,137.58,138.22,137.51,137.94,22714.2191
2026-01-07 12:00:00,137.94,138.21,137.63,137.92,14497.8638
2026-01-07 13:00:00,137.92,138.51,137.55,138.13,14282.2772
2026-01-07 14:00:00,138.13,138.21,136.62,138.02,73404.3793
2026-01-07 15:00:00,138.02,138.09,135.25,135.69,103496.3408
2026-01-07 16:00:00,135.69,136.65,135.32,135.69,22726.8195
2026-01-07 17:00:00,135.69,136.48,135.39,135.58,23296.4565
2026-01-07 18:00:00,135.58,135.9,134.76,135.25,54684.5019
2026-01-07 19:00:00,135.25,135.99,134.42,135.74,31496.6383
2026-01-07 20:00:00,135.74,135.99,135.01,135.8,16950.1989
2026-01-07 21:00:00,135.8,136.35,135.66,136.2,9964.3862
2026-01-07 22:00:00,136.2,136.86,135.75,136.49,18034.1859
2026-01-07 23:00:00,136.49,137.05,135.85,136.37,32786.077
2026-01-08 00:00:00,136.37,136.96,136.0,136.81,15240.2281
2026-01-08 01:00:00,136.81,137.39,136.7,136.83,13454.6971
2026-01-08 02:00:00,136.83,137.98,136.58,137.91,54418.3275
2026-01-08 03:00:00,137.91,138.28,136.58,136.77,37439.8901
2026-01-08 04:00:00,136.77,138.32,136.43,137.64,22822.4317
2026-01-08 05:00:00,137.64,138.06,136.49,136.63,16258.807
2026-01-08 06:00:00,136.63,136.75,134.73,134.84,54401.3237
2026-01-08 07:00:00,134.84,135.98,133.8,135.88,43267.863
2026-01-08 08:00:00,135.88,136.21,135.06,135.11,13469.4442
2026-01-08 09:00:00,135.11,135.52,134.34,134.46,30802.1231
2026-01-08 10:00:00,134.46,135.48,133.89,135.12,41031.9078
2026-01-08 11:00:00,135.12,135.29,134.28,134.77,22379.1588
2026-01-08 12:00:00,134.77,134.82,133.7,134.14,27247.9848
2026-01-08 13:00:00,134.14,134.58,133.72,134.47,30795.2412
2026-01-08 14:00:00,134.47,134.48,132.73,134.05,69024.7002
2026-01-08 15:00:00,134.05,136.56,133.4,136.41,75969.0406
2026-01-08 16:00:00,136.41,138.22,136.26,138.18,52583.5911
2026-01-08 17:00:00,138.18,138.84,137.26,138.73,70351.7357
2026-01-08 18:00:00,138.73,139.08,137.9,138.11,40191.9517
2026-01-08 19:00:00,138.11,138.42,137.18,137.53,20398.8668
2026-01-08 20:00:00,137.53,137.86,136.52,137.7,18485.9653
2026-01-08 21:00:00,137.7,139.84,137.7,139.61,35533.6118
2026-01-08 22:00:00,139.61,140.05,138.31,138.87,43671.6259
2026-01-08 23:00:00,138.87,139.2,138.25,138.37,26208.7376
2026-01-09 00:00:00,138.37,139.33,138.31,139.13,20641.6139
2026-01-09 01:00:00,139.13,139.59,137.73,138.28,30433.6225
2026-01-09 02:00:00,138.28,139.54,138.22,138.96,13325.8008
2026-01-09 03:00:00,138.96,141.13,138.91,140.79,35281.4391
2026-01-09 04:00:00,140.79,141.06,139.64,139.73,13667.006
2026-01-09 05:00:00,139.73,140.15,139.45,139.95,12873.1171
2026-01-09 06:00:00,139.95,140.89,139.65,140.69,13478.5372
2026-01-09 07:00:00,140.69,140.71,139.52,139.55,14100.0027
2026-01-09 08:00:00,139.55,139.7,137.05,137.94,58752.3569
2026-01-09 09:00:00,137.94,139.07,137.91,138.45,26747.8503
2026-01-09 10:00:00,138.45,139.0,138.16,138.74,8973.5879
2026-01-09 11:00:00,138.74,138.9,138.08,138.27,11956.5554
2026-01-09 12:00:00,138.27,138.62,137.57,137.71,11329.0011
2026-01-09 13:00:00,137.71,139.4,137.66,138.63,40556.2455
2026-01-09 14:00:00,138.63,138.64,136.46,136.88,38761.1458
2026-01-09 15:00:00,136.88,140.89,136.21,138.83,117410.8597
2026-01-09 16:00:00,138.83,140.24,138.73,139.96,29548.7409
2026-01-09 17:00:00,139.96,140.08,137.36,138.46,48128.7487
2026-01-09 18:00:00,138.46,138.47,135.8,136.88,78314.9892
2026-01-09 19:00:00,136.88,136.88,135.46,135.79,51881.5815
2026-01-09 20:00:00,135.79,136.06,134.96,135.6,54166.933
2026-01-09 21:00:00,135.6,136.44,135.41,136.01,17427.2462
2026-01-09 22:00:00,136.01,136.22,135.54,136.16,11426.6038
2026-01-09 23:00:00,136.16,136.42,135.78,135.98,12592.5902
2026-01-10 00:00:00,135.98,136.13,135.69,135.9,9697.3918
2026-01-10 01:00:00,135.9,136.5,135.79,136.47,10753.5794
2026-01-10 02:00:00,136.47,136.68,135.93,136.39,9459.3296
2026-01-10 03:00:00,136.39,136.41,135.93,136.15,4563.3579
2026-01-10 04:00:00,136.15,136.17,135.75,135.86,3924.1835
2026-01-10 05:00:00,135.86,136.36,135.77,135.94,3602.5102
2026-01-10 06:00:00,135.94,136.21,135.77,135.98,4648.4469
2026-01-10 07:00:00,135.98,136.27,135.97,136.09,5748.4739
2026-01-10 08:00:00,136.09,136.38,136.0,136.24,5531.5992
2026-01-10 09:00:00,136.24,136.66,136.11,136.63,15223.831
2026-01-10 10:00:00,136.63,137.08,136.43,137.02,21536.3476
2026-01-10 11:00:00,137.02,137.02,136.42,136.62,7162.6346
2026-01-10 12:00:00,136.62,137.05,136.55,136.64,9698.7896
2026-01-10 13:00:00,136.64,136.66,136.1,136.37,8555.9427
2026-01-10 14:00:00,136.37,136.48,136.03,136.17,8042.9324
2026-01-10 15:00:00,136.17,136.55,136.1,136.45,8175.6865
2026-01-10 16:00:00,136.45,136.66,136.18,136.44,8632.728
2026-01-10 17:00:00,136.44,136.71,136.14,136.18,4658.9177
2026-01-10 18:00:00,136.18,136.34,135.92,136.17,6045.1583
2026-01-10 19:00:00,136.17,136.28,136.0,136.24,4609.5136
2026-01-10 20:00:00,136.24,136.29,136.01,136.09,5488.7774
2026-01-10 21:00:00,136.09,136.1,135.72,135.77,11093.6922
2026-01-10 22:00:00,135.77,135.96,135.39,135.59,10040.1273
2026-01-10 23:00:00,135.59,136.07,135.51,135.88,15214.463
2026-01-11 00:00:00,135.88,136.46,135.75,136.4,22645.8454
2026-01-11 01:00:00,136.4,136.49,136.11,136.29,5717.0808
2026-01-11 02:00:00,136.29,136.45,135.97,136.02,9494.9278
2026-01-11 03:00:00,136.02,136.33,135.86,136.28,8545.2616
2026-01-11 04:00:00,136.28,136.39,135.99,136.2,9450.763
2026-01-11 05:00:00,136.2,136.42,136.0,136.29,7172.6636
2026-01-11 06:00:00,136.29,136.41,135.89,136.17,8959.4408
2026-01-11 07:00:00,136.17,136.27,136.01,136.2,4718.1047
2026-01-11 08:00:00,136.2,136.9,136.11,136.77,11495.1903
2026-01-11 09:00:00,136.77,136.81,136.36,136.47,4524.3387
2026-01-11 10:00:00,136.47,136.72,136.27,136.55,3927.9119
2026-01-11 11:00:00,136.55,136.78,136.49,136.57,5463.8464
2026-01-11 12:00:00,136.57,137.26,136.51,137.09,19193.9496
2026-01-11 13:00:00,137.09,137.35,136.93,137.25,10194.3396
2026-01-11 14:00:00,137.25,139.44,137.24,139.22,46695.6079
2026-01-11 15:00:00,139.22,139.57,137.84,138.43,36207.8417
2026-01-11 16:00:00,138.43,141.59,138.43,140.03,144182.3183
2026-01-11 17:00:00,140.03,140.21,138.74,139.67,18104.8035
2026-01-11 18:00:00,139.67,140.2,139.13,140.03,22083.835
2026-01-11 19:00:00,140.03,140.15,139.06,139.43,31343.5344
2026-01-11 20:00:00,139.43,139.43,137.97,138.54,43690.9745
2026-01-11 21:00:00,138.54,138.93,137.98,138.69,8622.7124
2026-01-11 22:00:00,138.69,138.69,137.73,138.22,19575.2069
2026-01-11 23:00:00,138.22,139.75,137.52,139.69,55632.8648
2026-01-12 00:00:00,139.69,141.35,138.89,141.31,94166.8361
2026-01-12 01:00:00,141.31,141.93,140.73,141.06,50931.8762
2026-01-12 02:00:00,141.06,142.76,140.96,142.41,37247.6652
2026-01-12 03:00:00,142.41,144.38,142.4,142.53,61334.7617
2026-01-12 04:00:00,142.53,143.08,142.45,142.75,15219.918
2026-01-12 05:00:00,142.75,143.23,142.5,142.8,21128.221
2026-01-12 06:00:00,142.8,143.33,141.87,141.99,29006.6838
2026-01-12 07:00:00,141.99,142.47,141.35,141.39,21950.5573
2026-01-12 08:00:00,141.39,142.04,139.07,140.07,41832.6107
2026-01-12 09:00:00,140.07,140.27,139.14,139.54,26600.9398
2026-01-12 10:00:00,139.54,140.19,139.04,139.24,23887.7887
2026-01-12 11:00:00,139.24,140.16,139.17,140.0,12938.4535
2026-01-12 12:00:00,140.0,140.29,139.69,139.76,38134.6818
2026-01-12 13:00:00,139.76,140.14,139.37,139.76,15828.5306
2026-01-12 14:00:00,139.76,141.02,138.69,140.45,57602.4968
2026-01-12 15:00:00,140.45,142.74,140.04,142.61,91421.617
2026-01-12 16:00:00,142.61,144.27,142.12,142.97,79202.3182
2026-01-12 17:00:00,142.97,143.71,141.15,141.94,70517.2709
2026-01-12 18:00:00,141.94,142.89,140.59,141.24,64189.7672
2026-01-12 19:00:00,141.24,141.5,140.64,140.98,26042.6916
2026-01-12 20:00:00,140.98,141.86,139.98,140.25,35139.4958
2026-01-12 21:00:00,140.25,140.25,138.29,138.79,56616.9386
2026-01-12 22:00:00,138.79,139.82,138.78,139.16,23147.7852
2026-01-12 23:00:00,139.16,139.51,138.65,139.21,20711.51
2026-01-13 00:00:00,139.21,139.42,138.7,139.29,20620.427
2026-01-13 01:00:00,139.29,139.56,138.48,138.88,23108.0307
2026-01-13 02:00:00,138.88,139.32,138.14,138.38,28966.5463
2026-01-13 03:00:00,138.38,138.8,137.84,138.75,44719.1237
2026-01-13 04:00:00,138.75,139.16,138.4,139.14,10964.3369
2026-01-13 05:00:00,139.14,140.5,138.82,139.95,44577.4355
2026-01-13 06:00:00,139.95,140.75,139.84,140.61,19447.3916
2026-01-13 07:00:00,140.61,140.69,139.98,139.98,19450.2075
2026-01-13 08:00:00,139.98,141.86,139.96,141.59,30929.3495
2026-01-13 09:00:00,141.59,143.11,141.25,141.93,84665.927
2026-01-13 10:00:00,141.93,142.62,141.71,142.09,40498.3866
2026-01-13 11:00:00,142.09,142.27,141.54,141.85,19425.6978
2026-01-13 12:00:00,141.85,142.37,141.4,142.24,19351.1519
2026-01-13 13:00:00,142.24,143.48,141.8,142.42,94775.0042
2026-01-13 14:00:00,142.42,143.82,141.67,142.04,63889.5471
2026-01-13 15:00:00,142.04,143.52,141.15,143.52,73402.3088
2026-01-13 16:00:00,143.52,144.53,142.86,143.17,75870.2477
2026-01-13 17:00:00,143.17,143.65,142.44,142.91,29740.9373
2026-01-13 18:00:00,142.91,143.87,142.69,143.47,29525.3523
2026-01-13 19:00:00,143.47,144.43,143.07,144.23,37208.589
2026-01-13 20:00:00,144.23,144.42,143.03,143.82,27682.4369
2026-01-13 21:00:00,143.82,144.31,143.37,143.39,27511.8844
2026-01-13 22:00:00,143.39,148.8,143.39,146.95,248340.2093
2026-01-13 23:00:00,146.95,147.6,144.64,145.52,78414.817
2026-01-14 00:00:00,145.52,145.88,144.36,145.08,69560.0176
2026-01-14 01:00:00,145.08,146.19,144.93,145.73,36165.1783
2026-01-14 02:00:00,145.73,146.63,145.35,145.52,31234.5626
2026-01-14 03:00:00,145.52,146.37,145.17,146.29,22921.6258
2026-01-14 04:00:00,146.29,146.47,144.84,144.93,32044.3758
2026-01-14 05:00:00,144.93,145.2,144.34,144.47,35488.796
2026-01-14 06:00:00,144.47,144.7,143.93,144.68,32213.0169
2026-01-14 07:00:00,144.68,145.05,144.16,144.85,35853.7846
2026-01-14 08:00:00,144.85,145.18,144.63,144.92,22647.6958
2026-01-14 09:00:00,144.92,145.63,144.86,145.49,13195.1117
2026-01-14 10:00:00,145.49,145.75,144.55,144.7,26184.7949
2026-01-14 11:00:00,144.7,144.72,143.53,143.76,35508.5987
2026-01-14 12:00:00,143.76,144.76,143.39,144.55,31933.2089
2026-01-14 13:00:00,144.55,144.91,144.07,144.25,27451.8289
2026-01-14 14:00:00,144.25,147.56,144.23,146.64,91560.9915
2026-01-14 15:00:00,146.64,147.53,145.95,147.08,67279.5461
2026-01-14 16:00:00,147.08,148.42,146.85,147.1,69616.5071
2026-01-14 17:00:00,147.1,147.67,145.74,145.99,43291.4753
2026-01-14 18:00:00,145.99,147.44,145.36,146.34,89089.2085
2026-01-14 19:00:00,146.34,147.53,146.13,146.77,58437.1193
2026-01-14 20:00:00,146.77,147.74,146.55,147.54,61790.4068
2026-01-14 21:00:00,147.54,147.54,146.26,146.94,23028.2799
2026-01-14 22:00:00,146.94,147.16,145.81,146.16,21086.7858
2026-01-14 23:00:00,146.16,147.09,146.06,146.69,17921.4587
2026-01-15 00:00:00,146.69,146.72,145.47,146.05,18720.288
2026-01-15 01:00:00,146.05,146.5,144.79,145.17,28830.2675
2026-01-15 02:00:00,145.17,145.54,144.29,144.53,27407.0788
2026-01-15 03:00:00,144.53,144.72,143.22,143.49,61051.6018
2026-01-15 04:00:00,143.49,144.46,143.3,144.46,43701.8667
2026-01-15 05:00:00,144.46,144.81,144.29,144.57,27534.9451
2026-01-15 06:00:00,144.57,144.87,144.05,144.21,33850.5598
2026-01-15 07:00:00,144.21,145.29,144.09,145.01,46956.3626
2026-01-15 08:00:00,145.01,145.24,144.0,144.88,30071.832
2026-01-15 09:00:00,144.88,145.99,144.48,145.6,39857.0102
2026-01-15 10:00:00,145.6,145.66,145.21,145.43,12604.438
2026-01-15 11:00:00,145.43,145.69,144.8,144.85,14978.1395
2026-01-15 12:00:00,144.85,145.1,144.33,144.91,48650.4529
2026-01-15 13:00:00,144.91,145.34,144.51,145.19,25414.6545
2026-01-15 14:00:00,145.19,145.65,143.24,143.94,45525.7259
2026-01-15 15:00:00,143.94,144.36,141.78,143.5,139603.3168
2026-01-15 16:00:00,143.5,144.02,142.81,143.55,28447.2309
2026-01-15 17:00:00,143.55,144.2,142.49,142.65,53393.5254
2026-01-15 18:00:00,142.65,143.03,141.46,141.56,36381.5377
2026-01-15 19:00:00,141.56,141.85,140.92,141.52,26872.6157
2026-01-15 20:00:00,141.52,141.9,141.02,141.44,19089.9187
2026-01-15 21:00:00,141.44,142.28,141.3,142.11,18433.868
2026-01-15 22:00:00,142.11,142.58,141.96,142.41,16509.1842
2026-01-15 23:00:00,142.41,142.66,142.07,142.42,13326.8776
2026-01-16 00:00:00,142.42,142.82,142.25,142.46,12051.904
2026-01-16 01:00:00,142.46,142.73,141.99,142.35,10820.8035
2026-01-16 02:00:00,142.35,142.35,141.71,142.22,14829.8358
2026-01-16 03:00:00,142.22,142.49,141.87,141.96,25176.5256
2026-01-16 04:00:00,141.96,142.73,141.48,141.68,47764.8653
2026-01-16 05:00:00,141.68,143.67,141.49,143.17,43200.5805
2026-01-16 06:00:00,143.17,143.37,142.72,143.32,26135.8625
2026-01-16 07:00:00,143.32,143.33,142.6,142.96,20998.6903
2026-01-16 08:00:00,142.96,143.45,142.94,143.15,22198.1032
2026-01-16 09:00:00,143.15,143.45,142.88,143.02,25081.0243
2026-01-16 10:00:00,143.02,143.17,142.7,143.07,11225.2945
2026-01-16 11:00:00,143.07,143.54,142.79,143.13,17438.107
2026-01-16 12:00:00,143.13,143.84,143.1,143.67,17234.871
2026-01-16 13:00:00,143.67,143.67,142.66,143.07,19466.3482
2026-01-16 14:00:00,143.07,143.75,142.82,143.02,19660.3036
2026-01-16 15:00:00,143.02,143.67,140.25,140.79,81923.8241
2026-01-16 16:00:00,140.79,142.0,140.65,141.92,39573.8857
2026-01-16 17:00:00,141.92,143.4,141.42,143.32,23984.0014
2026-01-16 18:00:00,143.32,144.16,142.98,143.51,34346.8706
2026-01-16 19:00:00,143.51,144.5,143.0,144.17,23421.4302
2026-01-16 20:00:00,144.17,145.0,143.48,144.95,51136.23
2026-01-16 21:00:00,144.95,145.59,144.71,145.03,56690.9344
2026-01-16 22:00:00,145.03,145.14,144.59,144.95,48852.787
2026-01-16 23:00:00,144.95,145.2,144.74,144.91,17864.8798
2026-01-17 00:00:00,144.91,144.99,144.2,144.34,15063.0593
2026-01-17 01:00:00,144.34,144.81,144.22,144.65,12799.667
2026-01-17 02:00:00,144.65,144.67,144.25,144.57,6712.1672
2026-01-17 03:00:00,144.57,144.61,144.22,144.34,6404.0791
2026-01-17 04:00:00,144.34,144.5,144.22,144.32,7067.3562
2026-01-17 05:00:00,144.32,144.36,143.92,143.95,12483.0467
2026-01-17 06:00:00,143.95,144.09,143.74,143.83,7448.7062
2026-01-17 07:00:00,143.83,143.96,143.62,143.62,5936.2669
2026-01-17 08:00:00,143.62,144.28,143.6,144.21,8180.7317
2026-01-17 09:00:00,144.21,144.65,143.99,144.45,9279.8354
2026-01-17 10:00:00,144.45,144.63,143.92,143.97,10597.6649
2026-01-17 11:00:00,143.97,144.18,143.34,143.99,23022.9518
2026-01-17 12:00:00,143.99,144.09,143.66,143.75,8655.3096
2026-01-17 13:00:00,143.75,144.03,143.57,143.98,15761.03
2026-01-17 14:00:00,143.98,144.26,143.72,143.91,11391.8039
2026-01-17 15:00:00,143.91,144.36,143.68,144.32,18270.7666
2026-01-17 16:00:00,144.32,144.33,143.64,143.87,20091.2452
2026-01-17 17:00:00,143.87,144.24,143.81,144.07,7172.4355
2026-01-17 18:00:00,144.07,144.27,143.98,144.26,6101.2806
2026-01-17 19:00:00,144.26,144.52,144.11,144.26,12768.2199
2026-01-17 20:00:00,144.26,144.56,144.19,144.48,4914.2558
2026-01-17 21:00:00,144.48,144.58,144.22,144.24,5318.181
2026-01-17 22:00:00,144.24,144.25,143.5,143.78,9718.4831
2026-01-17 23:00:00,143.78,144.03,143.65,143.72,4625.9932
2026-01-18 00:00:00,143.72,143.99,143.12,143.25,11894.3937
2026-01-18 01:00:00,143.25,143.4,142.07,142.76,36454.4753
2026-01-18 02:00:00,142.76,143.04,141.96,142.55,19549.0756
2026-01-18 03:00:00,142.55,142.92,142.37,142.82,10364.7698
2026-01-18 04:00:00,142.82,142.93,142.53,142.83,14330.1312
2026-01-18 05:00:00,142.83,142.98,142.4,142.83,43523.897
2026-01-18 06:00:00,142.83,143.07,142.55,142.71,46596.8547
2026-01-18 07:00:00,142.71,142.72,142.04,142.12,17395.3291
2026-01-18 08:00:00,142.12,142.47,141.94,142.43,18700.1663
2026-01-18 09:00:00,142.43,142.66,142.34,142.53,8383.7847
2026-01-18 10:00:00,142.53,142.55,142.18,142.43,6515.147
2026-01-18 11:00:00,142.43,142.49,142.21,142.41,11838.1279
2026-01-18 12:00:00,142.41,142.51,142.19,142.26,6051.0717
2026-01-18 13:00:00,142.26,142.52,142.02,142.38,10931.1388
2026-01-18 14:00:00,142.38,142.74,141.64,141.73,19170.8223
2026-01-18 15:00:00,141.73,142.15,141.5,142.0,12309.4971
2026-01-18 16:00:00,142.0,142.24,141.77,142.04,4243.3265
2026-01-18 17:00:00,142.04,142.5,141.87,142.39,26751.6787
2026-01-18 18:00:00,142.39,142.98,142.1,142.78,13757.3507
2026-01-18 19:00:00,142.78,143.25,142.12,142.27,12342.137
2026-01-18 20:00:00,142.27,142.56,141.94,142.47,5205.7835
2026-01-18 21:00:00,142.47,142.79,142.39,142.66,2851.7516
2026-01-18 22:00:00,142.66,143.04,142.49,142.86,10400.8592
2026-01-18 23:00:00,142.86,142.86,137.77,137.88,124416.3283
2026-01-19 00:00:00,137.88,137.88,130.0,133.74,455065.7851
2026-01-19 01:00:00,133.74,134.72,133.43,133.77,41788.7799
2026-01-19 02:00:00,133.77,134.1,133.42,133.82,26687.3175
2026-01-19 03:00:00,133.82,134.12,133.6,133.93,16638.915
2026-01-19 04:00:00,133.93,134.06,133.5,133.67,43849.9991
2026-01-19 05:00:00,133.67,133.97,133.32,133.33,43572.792
2026-01-19 06:00:00,133.33,133.43,132.7,133.27,27571.1594
2026-01-19 07:00:00,133.27,133.58,133.18,133.47,23575.0168
2026-01-19 08:00:00,133.47,134.06,133.27,133.88,64199.1495
2026-01-19 09:00:00,133.88,134.05,133.56,133.75,23350.8277
2026-01-19 10:00:00,133.75,133.85,133.54,133.8,12275.3844
2026-01-19 11:00:00,133.8,134.37,133.64,134.12,13847.5371
2026-01-19 12:00:00,134.12,134.21,133.72,134.13,15931.6559
2026-01-19 13:00:00,134.13,134.15,133.59,133.74,11858.7894
2026-01-19 14:00:00,133.74,133.79,133.26,133.5,13759.9954
2026-01-19 15:00:00,133.5,133.93,133.43,133.55,14436.0552
2026-01-19 16:00:00,133.55,134.64,133.48,134.47,14083.3747
2026-01-19 17:00:00,134.47,134.53,134.08,134.29,14238.7164
2026-01-19 18:00:00,134.29,134.43,133.89,134.27,9857.0891
2026-01-19 19:00:00,134.27,134.71,134.25,134.45,8620.1457
2026-01-19 20:00:00,134.45,135.16,134.45,134.69,13428.5583
2026-01-19 21:00:00,134.69,134.98,134.07,134.09,15115.1262
2026-01-19 22:00:00,134.09,134.22,132.93,132.97,26281.9804
2026-01-19 23:00:00,132.97,133.98,132.75,133.45,29139.5366
2026-01-20 00:00:00,133.45,133.94,133.08,133.73,19342.9061
2026-01-20 01:00:00,133.73,134.27,133.31,133.88,8726.8558
2026-01-20 02:00:00,133.88,134.15,133.37,133.86,14053.5918
2026-01-20 03:00:00,133.86,134.64,133.51,134.28,28787.283
2026-01-20 04:00:00,134.28,134.28,133.2,133.42,22885.6287
2026-01-20 05:00:00,133.42,133.54,132.42,133.04,41144.3856
2026-01-20 06:00:00,133.04,133.04,131.07,131.24,66014.3583
2026-01-20 07:00:00,131.24,131.79,130.58,130.63,49093.7049
2026-01-20 08:00:00,130.63,130.83,128.36,129.1,142265.6171
2026-01-20 09:00:00,129.1,129.17,128.55,128.88,30846.4505
2026-01-20 10:00:00,128.88,129.37,128.75,128.92,23726.4822
2026-01-20 11:00:00,128.92,129.48,128.73,128.79,45146.4795
2026-01-20 12:00:00,128.79,129.47,128.72,129.34,20366.2395
2026-01-20 13:00:00,129.34,129.36,128.4,128.43,25152.9491
2026-01-20 14:00:00,128.43,129.76,127.96,128.87,78040.4051
2026-01-20 15:00:00,128.87,128.98,127.23,127.87,82499.1498
2026-01-20 16:00:00,127.87,128.6,126.32,127.08,69192.0014
2026-01-20 17:00:00,127.08,127.97,126.36,126.98,55213.1576
2026-01-20 18:00:00,126.98,127.7,126.85,126.98,32856.7043
2026-01-20 19:00:00,126.98,127.53,126.59,127.24,19315.2326
2026-01-20 20:00:00,127.24,128.08,127.0,127.83,28197.7744
2026-01-20 21:00:00,127.83,127.97,126.96,126.96,10850.009
2026-01-20 22:00:00,126.96,127.48,124.69,126.11,50096.1756
2026-01-20 23:00:00,126.11,126.52,125.63,125.82,29628.2314
2026-01-21 00:00:00,125.82,127.51,125.77,127.32,14657.9881
2026-01-21 01:00:00,127.32,127.86,127.2,127.36,16971.177
2026-01-21 02:00:00,127.36,127.8,126.78,126.95,11578.0564
2026-01-21 03:00:00,126.95,127.85,126.9,127.62,12328.1377
2026-01-21 04:00:00,127.62,128.04,127.45,127.77,6702.7616
2026-01-21 05:00:00,127.77,128.75,127.75,128.52,17197.5243
2026-01-21 06:00:00,128.52,128.62,128.02,128.23,20082.9421
2026-01-21 07:00:00,128.23,128.45,127.5,127.62,25309.6763
2026-01-21 08:00:00,127.62,127.7,126.99,127.16,15161.0042
2026-01-21 09:00:00,127.16,127.79,127.06,127.46,38429.9807
2026-01-21 10:00:00,127.46,128.2,127.42,127.74,13635.6133
2026-01-21 11:00:00,127.74,127.94,126.81,126.96,34090.413
2026-01-21 12:00:00,126.96,127.46,126.17,127.43,41438.5084
2026-01-21 13:00:00,127.43,127.64,126.81,127.12,25710.0546
2026-01-21 14:00:00,127.12,129.74,126.98,129.55,116120.4216
2026-01-21 15:00:00,129.55,131.23,129.36,130.43,119075.5782
2026-01-21 16:00:00,130.43,130.47,125.5,125.59,94140.2407
2026-01-21 17:00:00,125.59,127.04,125.22,126.91,107569.0425
2026-01-21 18:00:00,126.91,127.86,126.35,127.62,55137.1719
2026-01-21 19:00:00,127.62,131.67,127.19,131.5,143691.8778
2026-01-21 20:00:00,131.5,131.64,130.01,131.14,69848.8251
2026-01-21 21:00:00,131.14,132.14,130.75,131.05,41826.8773
2026-01-21 22:00:00,131.05,131.75,130.59,130.6,25908.6039
2026-01-21 23:00:00,130.6,131.05,129.16,129.53,20156.5288
2026-01-22 00:00:00,129.53,130.34,129.53,130.01,12374.641
2026-01-22 01:00:00,130.01,130.61,129.89,130.25,17393.6821
2026-01-22 02:00:00,130.25,130.6,129.73,129.79,12840.2456
2026-01-22 03:00:00,129.79,130.3,129.55,129.84,9461.2237
2026-01-22 04:00:00,129.84,130.47,129.79,130.33,12418.2975
2026-01-22 05:00:00,130.33,130.44,129.95,130.1,12920.5045
2026-01-22 06:00:00,130.1,130.44,129.73,130.36,17633.0563
2026-01-22 07:00:00,130.36,130.43,129.75,129.77,15968.3054
2026-01-22 08:00:00,129.77,130.1,129.34,129.94,17780.3372
2026-01-22 09:00:00,129.94,130.26,129.59,130.15,12078.1941
2026-01-22 10:00:00,130.15,130.35,130.0,130.17,13813.9415
2026-01-22 11:00:00,130.17,130.33,129.71,130.1,21857.2962
2026-01-22 12:00:00,130.1,130.44,129.96,130.09,17131.4243
2026-01-22 13:00:00,130.09,130.94,129.08,129.37,38336.2901
2026-01-22 14:00:00,129.37,129.5,127.84,127.91,70237.0077
2026-01-22 15:00:00,127.91,128.54,126.74,127.4,67337.351
2026-01-22 16:00:00,127.4,128.31,126.9,127.88,45294.8952
2026-01-22 17:00:00,127.88,128.82,127.54,128.69,36197.1009
2026-01-22 18:00:00,128.69,128.81,127.64,127.74,20838.1073
2026-01-22 19:00:00,127.74,129.37,127.47,129.25,37690.4111
2026-01-22 20:00:00,129.25,129.76,128.3,128.49,43648.7388
2026-01-22 21:00:00,128.49,129.07,128.21,128.31,15510.991
2026-01-22 22:00:00,128.31,128.75,127.99,128.7,27274.3243
2026-01-22 23:00:00,128.7,128.71,128.11,128.47,12600.1967
2026-01-23 00:00:00,128.47,128.5,128.07,128.35,8218.4724
2026-01-23 01:00:00,128.35,128.91,128.27,128.89,13733.446
2026-01-23 02:00:00,128.89,128.96,128.17,128.19,14806.6454
2026-01-23 03:00:00,128.19,128.76,128.13,128.74,15348.7432
2026-01-23 04:00:00,128.74,129.29,128.62,129.13,27674.1642
2026-01-23 05:00:00,129.13,129.13,128.37,128.68,11743.9751
2026-01-23 06:00:00,128.68,129.16,127.25,127.5,64306.38
2026-01-23 07:00:00,127.5,128.1,127.5,127.92,16982.1433
2026-01-23 08:00:00,127.92,128.0,126.98,127.12,21869.1702
2026-01-23 09:00:00,127.12,127.39,126.93,127.06,27718.6711
2026-01-23 10:00:00,127.06,127.49,127.02,127.29,11284.9323
2026-01-23 11:00:00,127.29,127.76,127.24,127.53,6928.0849
2026-01-23 12:00:00,127.53,127.54,127.16,127.19,10105.3874
2026-01-23 13:00:00,127.19,127.41,126.78,126.84,16375.6393
2026-01-23 14:00:00,126.84,127.39,125.3,126.13,65180.5508
2026-01-23 15:00:00,126.13,128.12,125.53,127.92,45032.394
2026-01-23 16:00:00,127.92,129.18,127.45,128.43,63902.1461
2026-01-23 17:00:00,128.43,130.2,127.87,128.44,67256.8707
2026-01-23 18:00:00,128.44,129.56,128.26,129.04,34858.1929
2026-01-23 19:00:00,129.04,129.16,127.78,128.07,44479.8373
2026-01-23 20:00:00,128.07,128.26,126.53,126.95,61708.6529
2026-01-23 21:00:00,126.95,127.56,126.88,127.12,10199.2978
2026-01-23 22:00:00,127.12,127.88,127.11,127.68,11025.6758
2026-01-23 23:00:00,127.68,127.68,127.26,127.43,11694.2757
2026-01-24 00:00:00,127.43,127.73,127.36,127.39,7165.5036
2026-01-24 01:00:00,127.39,127.57,127.28,127.54,8251.584
2026-01-24 02:00:00,127.54,127.79,127.47,127.72,5776.4462
2026-01-24 03:00:00,127.72,128.11,127.59,127.88,6495.7825
2026-01-24 04:00:00,127.88,128.09,127.68,127.84,6918.7761
2026-01-24 05:00:00,127.84,127.88,127.63,127.81,4576.3977
2026-01-24 06:00:00,127.81,127.83,127.53,127.64,4030.6993
2026-01-24 07:00:00,127.64,127.68,127.0,127.12,12120.1751
2026-01-24 08:00:00,127.12,127.4,126.98,127.37,9312.4106
2026-01-24 09:00:00,127.37,127.37,127.01,127.1,8118.3432
2026-01-24 10:00:00,127.1,127.26,126.9,127.19,11899.5976
2026-01-24 11:00:00,127.19,127.37,127.13,127.17,7743.059
2026-01-24 12:00:00,127.17,127.39,127.09,127.31,4993.5327
2026-01-24 13:00:00,127.31,127.31,126.96,126.96,6810.6599
2026-01-24 14:00:00,126.96,127.29,126.83,127.19,9819.0934
2026-01-24 15:00:00,127.19,127.41,126.81,126.86,8194.7382
2026-01-24 16:00:00,126.86,127.13,126.65,127.01,13910.245
2026-01-24 17:00:00,127.01,127.3,126.97,127.26,4025.9435
2026-01-24 18:00:00,127.26,127.47,127.16,127.4,9074.0171
2026-01-24 19:00:00,127.4,127.53,127.26,127.33,22977.9988
2026-01-24 20:00:00,127.33,127.53,127.28,127.31,5413.7387
2026-01-24 21:00:00,127.31,127.35,127.12,127.18,8435.4106
2026-01-24 22:00:00,127.18,127.72,127.16,127.65,11282.987
2026-01-24 23:00:00,127.65,127.77,127.18,127.21,4799.4826
2026-01-25 00:00:00,127.21,127.48,126.84,127.34,12577.6482
2026-01-25 01:00:00,127.34,127.43,126.97,127.16,7323.663
2026-01-25 02:00:00,127.16,127.43,126.94,127.04,5178.3042
2026-01-25 03:00:00,127.04,127.14,126.36,126.64,22247.0662
2026-01-25 04:00:00,126.64,127.01,126.41,126.78,11795.6831
2026-01-25 05:00:00,126.78,126.95,126.62,126.93,10617.8971
2026-01-25 06:00:00,126.93,126.93,126.43,126.72,7512.6284
2026-01-25 07:00:00,126.72,126.72,126.36,126.48,5854.2956
2026-01-25 08:00:00,126.48,126.84,125.98,126.23,22592.4065
2026-01-25 09:00:00,126.23,126.9,126.13,126.71,13986.488
2026-01-25 10:00:00,126.71,127.2,126.62,126.95,9086.585
2026-01-25 11:00:00,126.95,126.98,126.55,126.76,7673.4493
2026-01-25 12:00:00,126.76,127.05,126.58,127.02,13266.0922
2026-01-25 13:00:00,127.02,127.12,126.48,126.97,14777.3248
2026-01-25 14:00:00,126.97,126.98,125.66,126.08,36510.9231
2026-01-25 15:00:00,126.08,126.32,125.47,125.57,21077.4282
2026-01-25 16:00:00,125.57,125.57,122.18,122.77,235291.6052
2026-01-25 17:00:00,122.77,122.99,121.6,122.22,82550.0268
2026-01-25 18:00:00,122.22,122.3,120.73,121.66,115823.4291
2026-01-25 19:00:00,121.66,121.85,117.15,117.94,207661.8772
2026-01-25 20:00:00,117.94,118.65,117.43,118.32,146869.5305
2026-01-25 21:00:00,118.32,118.95,117.62,118.84,128402.375
2026-01-25 22:00:00,118.84,118.85,117.89,118.42,42645.186
2026-01-25 23:00:00,118.42,119.43,117.43,118.86,84926.3688
2026-01-26 00:00:00,118.86,119.8,118.54,119.64,44927.7967
2026-01-26 01:00:00,119.64,122.76,119.57,122.38,71357.2094
2026-01-26 02:00:00,122.38,122.66,121.29,122.04,20894.6569
2026-01-26 03:00:00,122.04,122.32,121.12,121.56,23171.5695
2026-01-26 04:00:00,121.56,123.58,121.56,122.58,51219.6725
2026-01-26 05:00:00,122.58,122.91,122.42,122.47,9812.6873
2026-01-26 06:00:00,122.47,122.77,122.19,122.47,13514.7091
2026-01-26 07:00:00,122.47,123.04,122.22,122.91,19893.7151
2026-01-26 08:00:00,122.91,123.58,122.28,122.7,27115.8155
2026-01-26 09:00:00,122.7,122.74,121.78,121.93,20170.5079
2026-01-26 10:00:00,121.93,122.7,121.93,122.46,15871.0997
2026-01-26 11:00:00,122.46,122.69,122.4,122.5,7235.1862
2026-01-26 12:00:00,122.5,122.98,122.37,122.69,14841.7845
2026-01-26 13:00:00,122.69,123.29,122.53,123.17,17257.7492
2026-01-26 14:00:00,123.17,124.27,122.66,123.81,69168.661
2026-01-26 15:00:00,123.81,125.22,123.07,123.53,78681.0529
2026-01-26 16:00:00,123.53,124.88,123.18,124.3,50133.0989
2026-01-26 17:00:00,124.3,124.67,123.05,124.29,35006.5289
2026-01-26 18:00:00,124.29,125.59,123.97,124.9,57622.3004
2026-01-26 19:00:00,124.9,125.42,124.16,124.31,22775.6151
2026-01-26 20:00:00,124.31,124.46,123.43,123.68,23870.7025
2026-01-26 21:00:00,123.68,124.8,123.52,124.53,26385.466
2026-01-26 22:00:00,124.53,124.87,124.26,124.57,17977.1972
2026-01-26 23:00:00,124.57,124.94,124.13,124.24,29358.0769
2026-01-27 00:00:00,124.24,124.41,123.88,124.1,10861.0137
2026-01-27 01:00:00,124.1,124.58,123.73,124.35,23100.063
2026-01-27 02:00:00,124.35,125.12,124.33,125.04,15157.5701
2026-01-27 03:00:00,125.04,125.17,124.41,124.51,13289.1003
2026-01-27 04:00:00,124.51,125.14,124.26,124.42,13753.7511
2026-01-27 05:00:00,124.42,124.52,124.16,124.47,13542.0484
2026-01-27 06:00:00,124.47,124.73,124.01,124.21,9897.3709
2026-01-27 07:00:00,124.21,124.65,124.11,124.51,38759.8624
2026-01-27 08:00:00,124.51,124.79,124.03,124.08,19480.7782
2026-01-27 09:00:00,124.08,124.08,123.58,123.75,20019.396
2026-01-27 10:00:00,123.75,124.14,123.69,123.71,9262.0863
2026-01-27 11:00:00,123.71,124.27,123.62,124.13,10355.0478
2026-01-27 12:00:00,124.13,124.35,123.84,123.89,9872.5175
2026-01-27 13:00:00,123.89,123.93,123.14,123.19,13904.5471
2026-01-27 14:00:00,123.19,124.52,123.18,123.64,47145.5448
2026-01-27 15:00:00,123.64,125.05,123.46,125.0,35572.1892
2026-01-27 16:00:00,125.0,126.79,124.99,126.31,90152.2305
2026-01-27 17:00:00,126.31,126.34,123.54,124.04,104040.9061
2026-01-27 18:00:00,124.04,126.3,123.82,125.81,42313.8956
2026-01-27 19:00:00,125.81,126.27,125.4,125.85,48544.1544
2026-01-27 20:00:00,125.85,127.51,125.73,127.37,62165.92
2026-01-27 21:00:00,127.37,127.84,126.92,127.06,42861.2674
2026-01-27 22:00:00,127.06,127.8,126.99,127.63,20858.1437
2026-01-27 23:00:00,127.63,127.65,127.11,127.17,14439.1377
2026-01-28 00:00:00,127.17,127.3,126.64,127.25,17207.5387
2026-01-28 01:00:00,127.25,127.52,126.71,127.08,12712.4577
2026-01-28 02:00:00,127.08,127.39,126.69,127.07,15141.369
2026-01-28 03:00:00,127.07,127.23,126.71,126.95,10068.3652
2026-01-28 04:00:00,126.95,127.03,126.47,126.81,12686.7476
2026-01-28 05:00:00,126.81,126.97,126.44,126.74,11259.0201
2026-01-28 06:00:00,126.74,127.53,126.74,127.39,15281.8012
2026-01-28 07:00:00,127.39,127.53,126.93,127.08,11897.1358
2026-01-28 08:00:00,127.08,127.26,126.64,126.68,14887.7439
2026-01-28 09:00:00,126.68,127.61,125.96,127.58,26888.5615
2026-01-28 10:00:00,127.58,128.1,127.29,127.3,20005.6072
2026-01-28 11:00:00,127.3,128.33,127.16,128.16,25954.573
2026-01-28 12:00:00,128.16,128.23,127.03,127.25,36800.7421
2026-01-28 13:00:00,127.25,127.84,126.89,127.33,29617.0995
2026-01-28 14:00:00,127.33,127.35,126.47,126.86,34241.0747
2026-01-28 15:00:00,126.86,127.15,125.53,126.08,67350.7528
2026-01-28 16:00:00,126.08,126.65,125.58,126.08,41656.7208
2026-01-28 17:00:00,126.08,127.04,125.28,126.52,45608.2713
2026-01-28 18:00:00,126.52,126.55,125.69,126.09,25644.7709
2026-01-28 19:00:00,126.09,126.7,125.3,126.0,56652.8064
2026-01-28 20:00:00,126.0,126.67,125.36,125.44,47612.5808
2026-01-28 21:00:00,125.44,125.84,124.8,125.48,49931.7306
2026-01-28 22:00:00,125.48,125.85,125.1,125.73,29798.4987
2026-01-28 23:00:00,125.73,125.78,125.07,125.35,23019.3523
2026-01-29 00:00:00,125.35,125.5,124.56,125.12,17518.485
2026-01-29 01:00:00,125.12,125.24,124.12,124.32,19480.6905
2026-01-29 02:00:00,124.32,124.79,123.15,123.52,46789.4408
2026-01-29 03:00:00,123.52,123.76,122.68,123.06,36959.1985
2026-01-29 04:00:00,123.06,123.51,122.5,123.41,24304.6274
2026-01-29 05:00:00,123.41,123.8,123.15,123.24,14070.8239
2026-01-29 06:00:00,123.24,123.71,123.1,123.7,10191.6617
2026-01-29 07:00:00,123.7,124.0,123.64,123.8,17272.3776
2026-01-29 08:00:00,123.8,123.93,123.18,123.29,20882.7463
2026-01-29 09:00:00,123.29,123.38,122.99,123.02,10701.1873
2026-01-29 10:00:00,123.02,123.31,122.91,123.22,11920.5605
2026-01-29 11:00:00,123.22,123.29,122.68,122.77,32622.5478
2026-01-29 12:00:00,122.77,123.19,122.45,122.84,18003.9479
2026-01-29 13:00:00,122.84,123.15,122.65,122.9,53628.344
2026-01-29 14:00:00,122.9,123.08,120.33,120.34,102776.4641
2026-01-29 15:00:00,120.34,120.45,116.15,117.71,276764.5879
2026-01-29 16:00:00,117.71,118.99,116.78,118.96,98013.1403
2026-01-29 17:00:00,118.96,119.97,117.69,117.9,118678.1443
2026-01-29 18:00:00,117.9,118.17,115.39,115.76,186858.9319
2026-01-29 19:00:00,115.76,117.21,115.41,116.82,104546.7595
2026-01-29 20:00:00,116.82,117.46,116.54,116.93,68254.9319
2026-01-29 21:00:00,116.93,117.72,116.93,117.46,41581.3475
2026-01-29 22:00:00,117.46,117.79,117.32,117.57,19320.8019
2026-01-29 23:00:00,117.57,117.9,117.26,117.81,19133.4141
2026-01-30 00:00:00,117.81,118.11,117.49,117.61,32816.7305
2026-01-30 01:00:00,117.61,117.89,112.0,115.19,297126.353
2026-01-30 02:00:00,115.19,115.37,112.76,114.1,109039.9341
2026-01-30 03:00:00,114.1,114.66,113.53,114.42,62338.5214
2026-01-30 04:00:00,114.42,115.83,114.26,115.57,82126.715
2026-01-30 05:00:00,115.57,116.08,115.42,115.45,35870.9965
2026-01-30 06:00:00,115.45,115.45,113.02,113.87,50512.3464
2026-01-30 07:00:00,113.87,116.14,113.87,115.79,54913.3634
2026-01-30 08:00:00,115.79,116.18,115.18,115.39,27450.4891
2026-01-30 09:00:00,115.39,116.05,114.67,115.39,42790.904
2026-01-30 10:00:00,115.39,115.99,115.1,115.93,28327.0466
2026-01-30 11:00:00,115.93,117.29,115.77,117.09,51212.8968
2026-01-30 12:00:00,117.09,117.35,115.96,116.3,38521.1283
2026-01-30 13:00:00,116.3,116.4,115.22,115.81,58609.9778
2026-01-30 14:00:00,115.81,117.65,115.79,116.36,99310.34
2026-01-30 15:00:00,116.36,117.15,114.58,116.8,123812.0299
2026-01-30 16:00:00,116.8,117.99,116.18,117.14,115272.3736
2026-01-30 17:00:00,117.14,117.79,116.55,116.64,45680.3035
2026-01-30 18:00:00,116.64,118.6,114.35,118.1,130627.1078
2026-01-30 19:00:00,118.1,119.13,118.09,118.28,97411.1885
2026-01-30 20:00:00,118.28,118.44,116.54,116.99,110757.3488
2026-01-30 21:00:00,116.99,118.0,116.85,117.37,45710.6149
2026-01-30 22:00:00,117.37,117.55,116.57,117.4,22187.2732
2026-01-30 23:00:00,117.4,117.68,116.88,117.59,23230.9248
2026-01-31 00:00:00,117.59,117.99,117.38,117.52,26607.3063
2026-01-31 01:00:00,117.52,118.37,117.52,118.18,23162.8352
2026-01-31 02:00:00,118.18,118.55,117.61,118.31,27146.1137
2026-01-31 03:00:00,118.31,118.64,118.16,118.38,16675.9795
2026-01-31 04:00:00,118.38,118.85,118.28,118.44,18791.0555
2026-01-31 05:00:00,118.44,118.78,118.01,118.61,22412.7254
2026-01-31 06:00:00,118.61,118.78,117.89,118.55,29358.5955
2026-01-31 07:00:00,118.55,118.6,117.21,117.38,34976.6458
2026-01-31 08:00:00,117.38,117.52,114.26,115.6,173476.4591
2026-01-31 09:00:00,115.6,116.83,115.4,116.36,40010.4935
2026-01-31 10:00:00,116.36,116.93,116.05,116.79,26062.7871
2026-01-31 11:00:00,116.79,116.79,115.96,116.05,45373.8569
2026-01-31 12:00:00,116.05,116.18,115.02,115.16,47661.9235
2026-01-31 13:00:00,115.16,115.22,113.63,114.15,59617.5563
2026-01-31 14:00:00,114.15,114.43,108.23,109.14,392918.9899
2026-01-31 15:00:00,109.14,110.19,108.38,108.65,125227.5814
2026-01-31 16:00:00,108.65,109.83,105.62,106.3,284104.944
2026-01-31 17:00:00,106.3,106.71,100.24,103.31,551952.702
2026-01-31 18:00:00,103.31,103.88,96.5,101.93,506174.5111
2026-01-31 19:00:00,101.93,103.47,101.5,101.76,236516.4272
2026-01-31 20:00:00,101.76,102.53,100.39,101.98,227007.0848
2026-01-31 21:00:00,101.98,103.77,101.35,103.48,98354.2686
2026-01-31 22:00:00,103.48,104.38,103.33,104.1,45590.8391
2026-01-31 23:00:00,104.1,106.54,103.86,105.55,97743.93
2026-02-01 00:00:00,105.55,106.4,105.28,105.65,124647.0302
2026-02-01 01:00:00,105.65,105.77,104.23,104.98,36417.8876
2026-02-01 02:00:00,104.98,105.96,104.76,105.54,28315.8375
2026-02-01 03:00:00,105.54,105.68,104.53,104.98,24650.5993
2026-02-01 04:00:00,104.98,105.5,104.78,105.19,23754.5762
2026-02-01 05:00:00,105.19,105.69,104.47,104.7,30801.1052
2026-02-01 06:00:00,104.7,105.44,104.52,105.07,31865.5627
2026-02-01 07:00:00,105.07,106.04,103.97,105.21,62517.6324
2026-02-01 08:00:00,105.21,106.05,104.8,105.53,43799.9726
2026-02-01 09:00:00,105.53,105.94,104.97,105.81,23994.6727
2026-02-01 10:00:00,105.81,105.86,103.59,103.77,45968.6993
2026-02-01 11:00:00,103.77,105.41,103.75,105.04,29292.2093
2026-02-01 12:00:00,105.04,105.19,104.13,105.06,38797.7288
2026-02-01 13:00:00,105.06,106.68,104.09,104.46,65084.7919
2026-02-01 14:00:00,104.46,104.81,101.76,102.95,102046.651
2026-02-01 15:00:00,102.95,102.97,100.22,101.7,63795.1887
2026-02-01 16:00:00,101.7,102.89,100.94,101.74,42151.9167
2026-02-01 17:00:00,101.74,102.49,101.12,102.44,24205.2904
2026-02-01 18:00:00,102.44,104.26,102.42,103.44,48102.8551
2026-02-01 19:00:00,103.44,103.79,101.57,101.98,30326.8266
2026-02-01 20:00:00,101.98,102.85,100.23,101.59,41602.5316
2026-02-01 21:00:00,101.59,101.69,100.13,100.85,41439.9104
2026-02-01 22:00:00,100.85,102.87,100.83,101.8,41098.6111
2026-02-01 23:00:00,101.8,102.05,98.11,100.78,149203.0125
2026-02-02 00:00:00,100.78,102.91,99.66,102.28,68144.2974
2026-02-02 01:00:00,102.28,103.14,100.42,102.1,58843.3174
2026-02-02 02:00:00,102.1,102.74,100.58,100.75,46698.5426
2026-02-02 03:00:00,100.75,100.9,95.95,100.07,227398.652
2026-02-02 04:00:00,100.07,101.78,98.65,100.31,131746.3661
2026-02-02 05:00:00,100.31,100.44,97.66,98.28,103135.7467
2026-02-02 06:00:00,98.28,101.39,97.06,100.7,195942.3644
2026-02-02 07:00:00,100.7,102.42,100.47,101.43,75365.5811
2026-02-02 08:00:00,101.43,102.49,101.38,101.72,75788.0455
2026-02-02 09:00:00,101.72,103.21,101.42,102.8,58039.6245
2026-02-02 10:00:00,102.8,103.46,102.63,102.89,46995.5616
2026-02-02 11:00:00,102.89,103.43,102.67,102.79,24941.7804
2026-02-02 12:00:00,102.79,103.77,102.79,103.31,44296.5774
2026-02-02 13:00:00,103.31,103.7,102.84,103.33,45748.4204
2026-02-02 14:00:00,103.33,105.16,102.4,103.99,108450.1294
2026-02-02 15:00:00,103.99,106.12,103.57,104.69,89065.4781
2026-02-02 16:00:00,104.69,105.77,104.28,105.01,46438.2209
2026-02-02 17:00:00,105.01,105.6,104.44,104.83,30806.992
2026-02-02 18:00:00,104.83,105.03,103.89,104.72,34853.12
2026-02-02 19:00:00,104.72,104.83,103.49,103.86,44735.5696
2026-02-02 20:00:00,103.86,104.26,103.21,103.82,75574.7982
2026-02-02 21:00:00,103.82,104.97,103.78,104.83,20799.2541
2026-02-02 22:00:00,104.83,105.2,104.6,105.01,14081.0358
2026-02-02 23:00:00,105.01,105.06,104.41,104.53,13450.613
2026-02-03 00:00:00,104.53,104.67,103.68,104.17,26024.8105
2026-02-03 01:00:00,104.17,104.4,103.55,104.39,13021.2617
2026-02-03 02:00:00,104.39,104.4,102.34,102.42,21636.4536
2026-02-03 03:00:00,102.42,104.4,102.18,104.16,28902.6928
2026-02-03 04:00:00,104.16,105.09,103.86,104.68,18225.8992
2026-02-03 05:00:00,104.68,104.78,103.67,103.72,8647.4515
2026-02-03 06:00:00,103.72,104.1,102.96,103.99,30266.8824
2026-02-03 07:00:00,103.99,104.91,103.78,104.7,17700.1537
2026-02-03 08:00:00,104.7,105.03,104.07,104.12,33718.8538
2026-02-03 09:00:00,104.12,104.21,102.54,103.12,65672.5934
2026-02-03 10:00:00,103.12,103.32,102.49,102.88,24148.3984
2026-02-03 11:00:00,102.88,103.44,102.84,102.98,41340.9696
2026-02-03 12:00:00,102.98,103.35,102.51,103.12,44558.6918
2026-02-03 13:00:00,103.12,103.57,102.72,103.41,28911.6577
2026-02-03 14:00:00,103.41,103.62,100.73,100.85,114273.1632
2026-02-03 15:00:00,100.85,102.77,100.4,102.57,111902.9441
2026-02-03 16:00:00,102.57,102.58,99.94,100.73,81837.5509
2026-02-03 17:00:00,100.73,100.98,99.03,99.1,56586.4782
2026-02-03 18:00:00,99.1,99.42,96.65,96.82,116115.7625
2026-02-03 19:00:00,96.82,100.11,96.7,99.02,137758.7753
2026-02-03 20:00:00,99.02,102.05,98.3,101.14,94076.6971
2026-02-03 21:00:00,101.14,101.85,100.01,100.2,62103.4693
2026-02-03 22:00:00,100.2,100.28,98.17,98.48,39702.1913
2026-02-03 23:00:00,98.48,98.59,97.21,97.87,81582.3813
2026-02-04 00:00:00,97.87,98.79,97.16,97.98,32445.0946
2026-02-04 01:00:00,97.98,99.67,97.98,99.12,24731.0926
2026-02-04 02:00:00,99.12,99.19,97.41,97.93,18828.2103
2026-02-04 03:00:00,97.93,99.61,97.92,99.12,29829.2119
2026-02-04 04:00:00,99.12,99.34,98.04,98.11,14417.9643
2026-02-04 05:00:00,98.11,98.47,96.45,97.01,31717.0063
2026-02-04 06:00:00,97.01,98.8,96.79,98.25,41015.8873
2026-02-04 07:00:00,98.25,98.27,97.43,97.92,28447.7771
2026-02-04 08:00:00,97.92,97.97,96.8,97.72,59289.9034
2026-02-04 09:00:00,97.72,97.79,96.75,97.12,52176.7324
2026-02-04 10:00:00,97.12,97.29,96.76,97.04,34563.0611
2026-02-04 11:00:00,97.04,97.06,94.71,96.13,92586.5691
2026-02-04 12:00:00,96.13,96.74,95.81,96.47,26269.508
2026-02-04 13:00:00,96.47,96.48,94.18,94.39,68975.7371
2026-02-04 14:00:00,94.39,95.02,92.96,93.14,106896.504
2026-02-04 15:00:00,93.14,94.2,91.3,92.78,113202.9605
2026-02-04 16:00:00,92.78,93.14,90.97,91.98,76122.8825
2026-02-04 17:00:00,91.98,92.61,90.01,91.43,78140.0153
2026-02-04 18:00:00,91.43,93.26,90.36,92.3,93465.7282
2026-02-04 19:00:00,92.3,94.73,92.27,94.38,174916.0031
2026-02-04 20:00:00,94.38,94.51,93.01,93.24,37144.7424
2026-02-04 21:00:00,93.24,93.38,90.74,91.32,97576.4185
2026-02-04 22:00:00,91.32,92.9,89.31,91.52,93462.7998
